45.0,0.0,0.0,13.67,0.0,0.0,0.0,0.0,0,0,False,True,False,False,False,False,False,False,True,False,False
0.0,0.0,0.0,90.99,0.294117647058824,0.0,0.0,0.0,17,-102,True,False,False,False,False,False,False,False,False,True,False
44.0,2.272727273,2.272727273,57.43,0.333333333,0.0,0.0,0.0,6,-135,True,False,False,False,False,False,False,False,True,False,False
0.0,0.0,0.0,50.99,0.0,0.0,0.0,0.0,0,0,False,False,False,False,True,False,False,False,True,False,False
16.0,0.0,0.0,31.08,0.0,0.0,0.0,0.0,0,0,False,False,False,False,True,False,False,False,True,False,False
43.0,27.90697674,13.95348837,74.28,0.016806723,0.0,0.0,0.0,119,-183,False,False,False,False,False,True,False,False,False,True,False
0.0,0.0,0.0,51.62,0.028985507,0.0,0.0,0.0,69,0,True,False,False,False,False,False,False,False,False,True,False
45.0,2.222222222,0.0,117.84,0.25,0.0,0.0,0.0,8,0,False,False,False,False,False,True,False,False,True,False,False
46.0,2.173913043,0.0,50.03,0.0,0.0,0.0,0.0,0,-3,False,True,False,False,False,False,False,False,True,False,False
6.0,16.66666667,0.0,40.0,0.0,1.0,0.0,0.0,0,0,False,False,False,False,False,False,True,False,False,False,True
40.0,47.5,0.0,43.01,0.057142857,1.0,0.0,0.0,35,-2,False,False,False,False,True,False,False,False,False,True,False
3.0,33.33333333,0.0,30.0,0.0,1.0,0.0,0.0,0,21,False,False,False,False,True,False,False,False,False,False,True
24.0,4.166666667,0.0,59.74,0.0,0.0,0.0,0.0,0,-135,False,False,False,False,False,True,False,False,False,False,True
10.0,10.0,0.0,40.02,0.0,1.0,0.0,0.0,0,0,False,False,False,False,True,False,False,False,False,True,False
0.0,0.0,0.0,99.47,0.022900763,0.0,0.0,0.0,131,-258,False,False,False,False,False,False,True,False,False,True,False
7.0,42.85714286,0.0,40.02,0.0,1.0,0.0,0.0,0,0,False,True,False,False,False,False,False,False,False,True,False
13.0,61.53846154,15.38461538,29.02,0.0,1.0,0.0,0.0,0,0,False,True,False,False,False,False,False,False,False,True,False
48.0,0.0,0.0,40.02,0.0,1.0,0.0,0.0,0,0,False,False,False,False,False,False,True,False,False,True,False
1.0,0.0,0.0,40.02,0.0,1.0,0.0,0.0,0,0,False,False,False,False,False,True,False,False,False,True,False
45.0,0.0,0.0,18.33,0.0,0.0,0.0,0.0,0,0,False,False,False,False,False,False,True,False,False,False,True
47.0,0.0,0.0,79.54,0.135135135,0.0,0.0,0.0,37,-4,False,False,False,False,False,False,True,False,False,True,False
44.0,20.45454545,0.0,43.81,0.0,0.0,0.0,0.0,0,0,False,True,False,False,False,False,False,False,True,False,False
33.0,54.54545455,39.39393939,45.34,0.125,1.0,1.0,0.0,48,0,False,False,False,False,True,False,False,False,True,False,False
46.0,13.04347826,4.347826087,29.02,0.0,1.0,0.0,0.0,0,-68,False,False,False,False,True,False,False,False,True,False,False
16.0,0.0,0.0,50.37,0.0,0.0,0.0,0.0,0,-5,True,False,False,False,False,False,False,False,True,False,False
36.0,27.77777778,16.66666667,47.5,0.176470588,1.0,1.0,0.0,17,0,False,True,False,False,False,False,False,False,True,False,False
32.0,21.875,9.375,31.14,0.142857142857143,1.0,1.0,0.0,42,0,False,False,False,False,False,False,True,False,True,False,False
0.0,0.0,0.0,13.65,0.0,1.0,0.0,0.0,0,0,False,False,False,False,True,False,False,False,False,False,True
36.0,0.0,0.0,91.05,0.0,0.0,0.0,0.0,0,-26,False,False,False,True,False,False,False,False,False,False,True
47.0,2.127659574,2.127659574,120.6,0.148148148,0.0,0.0,0.0,27,0,True,False,False,False,False,False,False,False,True,False,False
27.0,3.703703704,3.703703704,40.02,0.0,1.0,0.0,0.0,0,0,True,False,False,False,False,False,False,False,False,True,False
38.0,0.0,0.0,59.99,0.19047619047619,0.0,0.0,0.0,21,26,False,False,False,True,False,False,False,False,False,False,True
34.0,55.88235294,26.47058824,79.2,0.076923077,1.0,0.0,0.0,39,-2,True,False,False,False,False,False,False,False,True,False,False
0.0,0.0,0.0,177.26,0.0,0.0,0.0,0.0,0,-20,False,True,False,False,False,False,False,False,True,False,False
33.0,3.03030303,3.03030303,91.16,0.0,1.0,0.0,0.0,0,0,False,True,False,False,False,False,False,False,True,False,False
45.0,0.0,0.0,66.39,0.0,0.0,0.0,0.0,0,0,True,False,False,False,False,False,False,False,True,False,False
0.0,0.0,0.0,40.02,0.0,0.0,0.0,0.0,0,0,False,False,False,False,False,False,True,False,True,False,False
53.0,1.886792453,1.886792453,131.2,0.095238095,1.0,0.0,0.0,21,-50,False,True,False,False,False,False,False,False,False,False,True
16.0,0.0,0.0,98.17,0.0040080160320641,0.0,0.0,0.0,499,-21,True,False,False,False,False,False,False,False,False,True,False
31.0,38.70967742,16.12903226,29.47,0.0,1.0,0.0,0.0,0,-9,False,False,False,False,False,True,False,False,False,False,True
45.0,0.0,0.0,52.05,0.0,1.0,0.0,0.0,0,-1,False,False,True,False,False,False,False,True,False,False,False
37.0,13.51351351,2.702702703,13.05,0.0731707317073171,1.0,0.0,0.0,41,-4,True,False,False,False,False,False,False,False,False,False,True
59.0,35.59322034,6.779661017,36.94,0.1,0.0,1.0,0.0,260,-243,False,False,False,False,False,True,False,False,False,False,True
41.0,36.58536585,2.43902439,133.04,0.142857143,0.0,0.0,0.0,28,-610,False,True,False,False,False,False,False,False,True,False,False
0.0,0.0,0.0,14.32,0.062827225,0.0,0.0,0.0,191,-28,False,False,False,False,False,True,False,False,True,False,False
45.0,0.0,0.0,41.56,0.0,0.0,0.0,0.0,0,-45,False,False,False,False,False,True,False,False,False,True,False
5.0,100.0,40.0,40.0,0.0,1.0,0.0,0.0,0,0,False,True,False,False,False,False,False,False,False,False,True
38.0,0.0,0.0,40.02,0.0,1.0,0.0,0.0,0,0,False,False,True,False,False,False,False,False,False,False,True
16.0,0.0,0.0,40.92,0.0,0.0,0.0,0.0,0,0,False,True,False,False,False,False,False,False,False,True,False
44.0,4.545454545,0.0,76.83,0.0,0.0,0.0,0.0,0,0,False,True,False,False,False,False,False,False,True,False,False
0.0,0.0,0.0,51.4,0.0,0.0,0.0,0.0,0,0,False,True,False,False,False,False,False,False,False,True,False
18.0,0.0,0.0,157.86,0.214285714285714,0.0,0.0,0.0,56,-561,True,False,False,False,False,False,False,False,False,True,False
36.0,30.55555556,0.0,11.77,0.19047619047619,1.0,0.0,0.0,21,-22,False,False,False,False,False,False,True,False,True,False,False
52.0,26.92307692,9.615384615,103.12,0.115009747,0.0,0.0,1.0,513,7,False,False,False,False,False,True,False,False,False,False,True
4.0,50.0,50.0,89.04,0.0,0.0,0.0,0.0,0,-10,False,False,False,False,True,False,False,False,True,False,False
46.0,17.39130435,6.52173913,82.32,0.041666667,0.0,0.0,0.0,120,-38,True,False,False,False,False,False,False,False,True,False,False
42.0,16.66666667,0.0,47.94,0.285714286,1.0,0.0,0.0,7,-8,False,True,False,False,False,False,False,False,False,False,True
1.0,100.0,100.0,79.41,0.125,1.0,1.0,0.0,112,0,False,False,False,False,True,False,False,False,True,False,False
16.0,0.0,0.0,53.28,0.0,1.0,0.0,0.0,0,-7,False,False,False,False,False,False,True,False,False,True,False
42.0,14.28571429,2.380952381,80.66,0.0,1.0,0.0,0.0,0,-1,False,True,False,False,False,False,False,False,False,True,False
17.0,17.64705882,0.0,47.25,0.0,0.0,0.0,0.0,0,-12,False,False,False,True,False,False,False,False,False,False,True
37.0,21.62162162,0.0,72.32,0.0,1.0,0.0,0.0,0,0,False,False,False,False,False,True,False,False,False,True,False
35.0,74.28571429,17.14285714,52.35,0.0952380952380952,1.0,0.0,0.0,42,-1,False,False,False,False,False,True,False,False,False,False,True
7.0,57.14285714,14.28571429,40.0,0.0,1.0,0.0,0.0,0,0,False,False,False,False,False,True,False,False,False,False,True
38.0,0.0,0.0,40.22,0.0,1.0,0.0,0.0,0,0,False,False,False,False,True,False,False,False,False,False,True
44.0,9.090909091,2.272727273,58.36,0.0032362459546925,0.0,0.0,0.0,618,0,False,False,False,False,False,False,True,False,False,True,False
42.0,9.523809524,2.380952381,95.03,0.214285714285714,1.0,0.0,0.0,14,-53,False,False,False,False,False,True,False,False,False,True,False
8.0,75.0,0.0,48.72,0.0,1.0,0.0,0.0,0,0,True,False,False,False,False,False,False,False,True,False,False
48.0,2.083333333,0.0,55.56,0.026666667,0.0,0.0,0.0,150,-2,True,False,False,False,False,False,False,False,True,False,False
56.0,53.57142857,8.928571429,45.0,0.230769231,1.0,1.0,0.0,143,-4,False,False,False,False,True,False,False,False,False,True,False
30.0,33.33333333,3.333333333,50.85,0.0,1.0,0.0,0.0,0,-2,False,False,False,False,True,False,False,True,False,False,False
35.0,62.85714286,14.28571429,100.81,0.048780488,0.0,0.0,0.0,82,-56,False,False,False,False,False,False,True,False,False,True,False
41.0,36.58536585,9.756097561,84.91,0.0384615384615385,1.0,0.0,0.0,78,-12,False,False,False,False,False,False,True,False,False,False,True
10.0,10.0,10.0,35.02,0.0,1.0,0.0,0.0,0,0,False,False,True,False,False,False,False,False,False,False,True
28.0,3.571428571,3.571428571,51.19,0.0,1.0,0.0,0.0,0,0,False,True,False,False,False,False,False,False,True,False,False
31.0,35.48387097,22.58064516,45.18,0.084337349,1.0,0.0,0.0,83,-30,False,True,False,False,False,False,False,False,True,False,False
18.0,0.0,0.0,56.75,0.208333333,1.0,0.0,0.0,24,-1,False,False,False,False,False,False,True,False,False,True,False
37.0,83.78378378,0.0,26.29,0.0,0.0,0.0,0.0,0,0,False,False,False,False,True,False,False,False,False,True,False
41.0,46.34146341,0.0,23.69,0.0,0.0,0.0,0.0,0,0,False,False,False,False,True,False,False,False,False,True,False
22.0,22.72727273,9.090909091,40.02,0.0,1.0,0.0,0.0,0,0,True,False,False,False,False,False,False,False,True,False,False
51.0,5.882352941,1.960784314,40.75,0.0,1.0,0.0,0.0,0,-130,False,False,False,False,False,True,False,False,True,False,False
41.0,41.46341463,12.19512195,81.57,0.103773585,1.0,0.0,0.0,106,0,False,False,True,False,False,False,False,False,False,False,True
0.0,0.0,0.0,54.93,0.0,0.0,0.0,0.0,0,-182,True,False,False,False,False,False,False,False,True,False,False
6.0,66.66666667,16.66666667,40.02,0.0,1.0,1.0,0.0,0,0,False,False,False,False,False,True,False,False,True,False,False
0.0,0.0,0.0,76.41,0.0727272727272727,0.0,0.0,0.0,55,0,False,True,False,False,False,False,False,False,False,True,False
6.0,0.0,0.0,40.02,0.0,1.0,0.0,0.0,0,0,False,False,False,False,False,True,False,False,True,False,False
23.0,65.2173913,21.73913043,26.4,0.057142857,1.0,1.0,0.0,35,-37,False,False,False,False,False,True,False,False,True,False,False
16.0,25.0,6.25,88.02,0.3,1.0,1.0,1.0,10,-3,False,False,False,False,True,False,False,False,False,False,True
22.0,40.90909091,27.27272727,59.44,0.076923077,1.0,0.0,0.0,26,0,False,False,True,False,False,False,False,True,False,False,False
66.0,18.18181818,9.090909091,64.22,0.25,1.0,1.0,1.0,92,0,False,True,False,False,False,False,False,False,False,True,False
3.0,100.0,0.0,40.02,0.0,1.0,0.0,0.0,0,0,True,False,False,False,False,False,False,False,True,False,False
6.0,16.66666667,0.0,80.28,0.0,1.0,0.0,0.0,0,0,False,False,False,False,False,True,False,False,False,True,False
40.0,27.5,10.0,40.0,0.0,1.0,1.0,1.0,0,0,False,False,False,False,True,False,False,True,False,False,False
45.0,4.444444444,2.222222222,39.41,0.006711409,0.0,0.0,0.0,1490,-35,True,False,False,False,False,False,False,False,False,True,False
46.0,0.0,0.0,51.6,0.0438247011952191,0.0,0.0,0.0,502,-104,False,False,False,False,False,False,True,False,False,True,False
45.0,2.222222222,0.0,52.13,0.083333333,1.0,0.0,0.0,36,0,True,False,False,False,False,False,False,False,True,False,False
22.0,27.27272727,13.63636364,35.02,0.0,1.0,0.0,0.0,0,0,False,False,False,False,True,False,False,False,False,True,False
31.0,12.90322581,0.0,55.13,0.0,1.0,0.0,0.0,0,-4,False,True,False,False,False,False,False,False,False,False,True
44.0,13.63636364,4.545454545,40.02,0.0,1.0,1.0,1.0,0,-26,False,True,False,False,False,False,False,False,True,False,False
45.0,0.0,0.0,52.75,0.0,0.0,0.0,0.0,0,0,False,False,False,False,False,True,False,False,False,True,False
29.0,6.896551724,0.0,95.64,0.142857143,1.0,0.0,1.0,14,0,False,True,False,False,False,False,False,False,False,False,True
46.0,2.173913043,0.0,50.81,0.0,1.0,0.0,0.0,0,-255,False,False,False,False,True,False,False,False,True,False,False
5.0,100.0,20.0,40.02,0.0,1.0,0.0,0.0,0,0,False,False,False,False,False,False,True,False,False,True,False
39.0,5.128205128,2.564102564,40.02,0.0,1.0,0.0,0.0,0,0,False,False,False,False,False,True,False,False,False,True,False
50.0,12.0,10.0,55.51,0.0383022774327122,0.0,0.0,0.0,966,-298,False,False,False,False,False,False,True,False,True,False,False
44.0,0.0,0.0,109.25,0.0,1.0,0.0,0.0,0,0,False,True,False,False,False,False,False,False,False,True,False
40.0,7.5,0.0,40.02,0.0,1.0,0.0,0.0,-5001,-3,False,True,False,False,False,False,False,False,False,False,True
47.0,57.44680851,14.89361702,59.53,0.042424242,1.0,1.0,0.0,165,0,False,True,False,False,False,False,False,False,False,True,False
45.0,64.44444444,6.666666667,75.59,0.083333333,0.0,0.0,0.0,312,-11,False,False,False,False,True,False,False,False,True,False,False
33.0,87.87878788,3.03030303,51.86,0.0,0.0,0.0,0.0,0,-19,True,False,False,False,False,False,False,False,True,False,False
48.0,35.41666667,8.333333333,196.49,0.0515759312320917,0.0,0.0,0.0,349,-233,False,False,False,False,False,True,False,False,False,True,False
5.0,40.0,0.0,25.59,0.0,1.0,0.0,0.0,0,-6,False,False,False,False,False,False,True,False,True,False,False
40.0,45.0,0.0,64.53,0.005025126,0.0,0.0,0.0,398,0,False,False,False,False,False,True,False,False,True,False,False
35.0,25.71428571,2.857142857,69.47,0.0,1.0,0.0,0.0,0,-12,False,False,False,False,False,False,True,False,False,False,True
33.0,39.39393939,12.12121212,13.25,0.0,1.0,0.0,0.0,0,0,True,False,False,False,False,False,False,False,False,True,False
29.0,58.62068966,3.448275862,40.22,0.0,1.0,0.0,0.0,0,-16,False,False,False,False,True,False,False,False,True,False,False
45.0,0.0,0.0,79.65,0.0,1.0,0.0,0.0,0,-24,False,False,False,False,True,False,False,True,False,False,False
11.0,100.0,9.090909091,40.02,0.0,1.0,0.0,0.0,0,0,False,False,False,False,False,True,False,False,False,False,True
25.0,80.0,20.0,32.11,0.106666667,1.0,0.0,0.0,75,-1,False,False,False,False,False,False,True,False,False,False,True
66.0,10.60606061,6.060606061,159.06,0.137651822,1.0,1.0,0.0,247,-8,False,False,False,False,True,False,False,True,False,False,False
46.0,71.73913043,23.91304348,85.56,0.100200401,0.0,0.0,1.0,499,-7,False,False,False,False,False,False,True,False,False,False,True
16.0,0.0,0.0,57.58,0.0,0.0,0.0,0.0,0,-8,False,False,False,False,True,False,False,False,False,True,False
45.0,0.0,0.0,103.42,0.0,0.0,0.0,0.0,0,0,False,False,False,False,False,True,False,False,False,True,False
46.0,2.173913043,0.0,60.16,0.0,0.0,0.0,0.0,0,0,False,False,False,False,False,False,True,False,True,False,False
0.0,0.0,0.0,82.72,0.0,1.0,0.0,0.0,0,-629,False,True,False,False,False,False,False,False,False,True,False
32.0,0.0,0.0,40.22,0.0,1.0,0.0,0.0,0,0,True,False,False,False,False,False,False,False,False,False,True
4.0,50.0,25.0,47.45,0.0,1.0,0.0,0.0,0,0,False,False,False,False,False,True,False,False,True,False,False
20.0,5.0,0.0,40.02,0.0,1.0,0.0,0.0,0,0,False,True,False,False,False,False,False,False,True,False,False
45.0,11.11111111,2.222222222,29.82,0.0152284263959391,0.0,0.0,0.0,197,-225,False,False,False,False,False,False,True,False,False,True,False
49.0,2.040816327,0.0,48.0,0.0,0.0,0.0,0.0,0,-7,False,False,True,False,False,False,False,True,False,False,False
25.0,12.0,0.0,40.02,0.0,1.0,0.0,0.0,0,-22,False,True,False,False,False,False,False,False,True,False,False
48.0,2.083333333,0.0,117.45,0.018469657,0.0,0.0,0.0,379,0,False,False,False,False,True,False,False,False,True,False,False
27.0,22.22222222,0.0,50.05,0.0,1.0,0.0,0.0,0,0,False,False,False,False,False,True,False,False,False,False,True
0.0,0.0,0.0,39.13,0.0,0.0,0.0,0.0,0,-4,False,False,False,True,False,False,False,False,False,False,True
34.0,35.29411765,17.64705882,54.17,0.146341463414634,1.0,0.0,0.0,41,-23,True,False,False,False,False,False,False,False,True,False,False
0.0,0.0,0.0,40.54,0.0,0.0,0.0,0.0,0,12,False,False,False,True,False,False,False,False,False,False,True
40.0,50.0,25.0,63.83,0.0,0.0,0.0,0.0,0,-272,False,True,False,False,False,False,False,False,True,False,False
25.0,68.0,0.0,74.45,0.0,1.0,0.0,0.0,0,-1,True,False,False,False,False,False,False,False,False,False,True
41.0,29.26829268,2.43902439,39.32,0.214285714,0.0,0.0,0.0,28,-96,False,False,False,False,True,False,False,False,True,False,False
0.0,0.0,0.0,217.72,0.0434782608695652,1.0,0.0,0.0,759,-122,True,False,False,False,False,False,False,False,False,True,False
0.0,0.0,0.0,59.17,0.0,0.0,0.0,0.0,0,-2,False,False,False,False,True,False,False,False,True,False,False
30.0,20.0,6.666666667,93.35,0.0,1.0,0.0,0.0,0,-12,False,False,False,False,False,False,True,False,False,False,True
0.0,0.0,0.0,50.06,0.0,0.0,0.0,0.0,0,-24,False,True,False,False,False,False,False,False,False,True,False
35.0,65.71428571,14.28571429,52.5,0.083333333,0.0,0.0,0.0,36,0,False,False,False,False,False,True,False,False,False,True,False
0.0,0.0,0.0,64.28,0.0,0.0,0.0,0.0,0,-2,False,False,False,False,False,False,True,False,False,True,False
45.0,0.0,0.0,103.56,0.181818182,1.0,0.0,0.0,11,-2,True,False,False,False,False,False,False,False,False,False,True
16.0,0.0,0.0,50.02,0.0,0.0,0.0,0.0,0,-40,False,False,False,False,False,True,False,False,False,True,False
32.0,25.0,0.0,65.14,0.0,1.0,0.0,0.0,0,-4,False,False,False,False,True,False,False,False,False,False,True
16.0,0.0,0.0,50.66,0.0,0.0,0.0,0.0,0,-2,False,False,False,False,False,False,True,False,False,True,False
46.0,4.347826087,2.173913043,61.74,0.041958041958042,0.0,0.0,0.0,572,-57,False,True,False,False,False,False,False,False,False,True,False
24.0,33.33333333,0.0,37.36,0.0,0.0,0.0,0.0,0,0,True,False,False,False,False,False,False,False,True,False,False
42.0,30.95238095,9.523809524,65.5,0.666666667,0.0,0.0,0.0,3,-489,False,True,False,False,False,False,False,False,False,True,False
11.0,100.0,18.18181818,38.38,0.272727273,1.0,1.0,1.0,11,0,False,False,False,False,False,False,True,False,True,False,False
45.0,20.0,4.444444444,52.03,0.057971014,1.0,0.0,0.0,69,-7,False,False,False,False,False,True,False,False,False,False,True
32.0,96.875,18.75,83.49,0.24137931,1.0,1.0,0.0,29,-5,True,False,False,False,False,False,False,False,False,True,False
36.0,0.0,0.0,71.88,0.3,1.0,0.0,0.0,10,-1,False,False,False,True,False,False,False,True,False,False,False
37.0,5.405405405,0.0,40.02,0.0,1.0,0.0,0.0,0,0,False,True,False,False,False,False,False,False,True,False,False
0.0,0.0,0.0,110.9,0.0,0.0,0.0,0.0,0,0,False,True,False,False,False,False,False,False,False,True,False
37.0,8.108108108,5.405405405,32.77,0.0,1.0,0.0,0.0,0,-13,False,True,False,False,False,False,False,False,False,False,True
44.0,2.272727273,0.0,59.02,0.0,0.0,0.0,0.0,0,-34,False,False,False,False,False,True,False,False,False,True,False
0.0,0.0,0.0,40.0,0.0,0.0,0.0,0.0,0,-381,False,True,False,False,False,False,False,False,False,False,True
52.0,17.30769231,7.692307692,60.84,0.071428571,1.0,1.0,0.0,70,-16,False,True,False,False,False,False,False,False,True,False,False
37.0,8.108108108,2.702702703,60.0,0.0,1.0,0.0,0.0,0,-20,False,False,False,False,True,False,False,False,False,False,True
17.0,23.52941176,5.882352941,31.02,0.0,1.0,0.0,0.0,0,0,False,False,False,False,True,False,False,False,False,False,True
0.0,0.0,0.0,38.02,0.0,0.0,0.0,0.0,0,39,False,False,False,True,False,False,False,False,False,False,True
37.0,8.108108108,2.702702703,40.02,0.0,1.0,0.0,0.0,0,0,True,False,False,False,False,False,False,False,False,False,True
46.0,8.695652174,2.173913043,44.75,0.0,0.0,0.0,0.0,0,28,False,False,False,False,True,False,False,False,False,False,True
5.0,40.0,20.0,40.02,0.0,1.0,0.0,0.0,0,0,False,False,False,False,False,True,False,False,True,False,False
0.0,0.0,0.0,100.92,0.086956522,0.0,0.0,0.0,46,33,False,False,False,True,False,False,False,True,False,False,False
46.0,26.08695652,6.52173913,96.06,0.01744186,0.0,0.0,0.0,516,-1,False,False,False,False,True,False,False,False,False,True,False
40.0,25.0,12.5,22.24,0.119047619,1.0,0.0,0.0,42,-3,False,False,False,False,False,True,False,True,False,False,False
12.0,16.66666667,8.333333333,45.02,0.0,1.0,0.0,0.0,0,-5,False,False,False,False,False,False,True,False,True,False,False
6.0,100.0,16.66666667,40.02,0.0,1.0,1.0,0.0,0,0,True,False,False,False,False,False,False,False,False,True,False
2.0,100.0,50.0,157.97,0.04341534,0.0,0.0,0.0,691,-4,True,False,False,False,False,False,False,False,False,True,False
36.0,58.33333333,13.88888889,36.54,0.0909090909090909,0.0,0.0,0.0,22,-1,False,False,False,False,True,False,False,False,False,True,False
16.0,0.0,0.0,75.52,0.0,0.0,0.0,0.0,0,0,False,False,False,False,False,False,True,False,False,True,False
42.0,11.9047619,2.380952381,40.02,0.0,1.0,1.0,0.0,0,-670,False,False,False,False,False,False,True,False,True,False,False
31.0,96.77419355,22.58064516,79.05,0.002857143,1.0,0.0,0.0,700,-7,True,False,False,False,False,False,False,False,True,False,False
44.0,18.18181818,0.0,54.31,0.0641025641025641,0.0,0.0,0.0,156,-923,False,False,False,False,False,True,False,False,False,True,False
45.0,0.0,0.0,31.85,0.0,1.0,0.0,0.0,0,0,False,False,False,False,True,False,False,False,True,False,False
0.0,0.0,0.0,64.65,0.0,0.0,0.0,0.0,0,-44,False,False,False,False,False,True,False,False,True,False,False
0.0,0.0,0.0,44.53,0.333333333,0.0,0.0,0.0,6,39,False,False,False,True,False,False,False,False,False,False,True
1.0,100.0,100.0,86.03,0.125,1.0,0.0,0.0,16,-1,False,False,False,False,False,True,False,True,False,False,False
17.0,17.64705882,5.882352941,40.02,0.0,1.0,1.0,0.0,0,-29,False,True,False,False,False,False,False,False,False,True,False
37.0,2.702702703,2.702702703,60.2,0.0,1.0,0.0,0.0,0,-3,False,True,False,False,False,False,False,False,True,False,False
24.0,33.33333333,16.66666667,31.02,0.0,1.0,0.0,0.0,0,0,False,False,False,False,False,False,True,False,False,True,False
48.0,29.16666667,6.25,112.01,0.03483871,0.0,0.0,0.0,775,0,False,True,False,False,False,False,False,False,False,True,False
11.0,27.27272727,9.090909091,135.99,0.0,1.0,0.0,0.0,0,0,False,True,False,False,False,False,False,False,False,True,False
38.0,5.263157895,2.631578947,30.75,0.0,1.0,0.0,0.0,0,-34,False,False,False,False,False,False,True,False,False,False,True
44.0,4.545454545,4.545454545,29.93,0.0,0.0,0.0,0.0,0,-85,False,True,False,False,False,False,False,False,True,False,False
0.0,0.0,0.0,53.99,0.0,0.0,0.0,0.0,0,-11,False,False,False,False,True,False,False,False,False,True,False
42.0,9.523809524,2.380952381,64.32,0.0,1.0,0.0,0.0,0,-32,False,False,False,False,False,True,False,False,False,False,True
45.0,15.55555556,0.0,69.41,0.031446541,1.0,0.0,0.0,159,-2,True,False,False,False,False,False,False,False,True,False,False
0.0,0.0,0.0,64.77,0.028169014,0.0,0.0,0.0,71,0,False,False,False,False,True,False,False,False,True,False,False
36.0,0.0,0.0,45.8,0.0,0.0,0.0,0.0,0,39,False,False,False,True,False,False,False,False,False,True,False
7.0,100.0,14.28571429,35.0,0.0,1.0,0.0,0.0,0,0,False,False,False,False,False,True,False,False,False,False,True
43.0,2.325581395,0.0,110.88,0.2,0.0,0.0,0.0,10,-324,False,True,False,False,False,False,False,False,False,False,True
8.0,87.5,37.5,35.0,0.0,1.0,0.0,0.0,0,0,False,False,False,False,False,True,False,False,False,False,True
28.0,67.85714286,0.0,73.7,0.086956522,1.0,0.0,1.0,23,0,False,False,False,False,True,False,False,False,False,False,True
34.0,0.0,0.0,40.02,0.0,1.0,0.0,1.0,0,0,True,False,False,False,False,False,False,False,False,False,True
58.0,8.620689655,6.896551724,106.88,0.073732719,1.0,0.0,1.0,217,-1,False,True,False,False,False,False,False,False,False,False,True
52.0,3.846153846,0.0,109.64,0.0416666666666667,0.0,0.0,0.0,144,-68,False,False,False,False,True,False,False,False,False,False,True
36.0,38.88888889,16.66666667,47.63,0.043478261,0.0,0.0,0.0,69,35,False,False,False,False,True,False,False,False,False,False,True
0.0,0.0,0.0,58.23,0.0566037735849057,0.0,0.0,0.0,53,-3,False,False,False,False,False,True,False,False,False,True,False
18.0,0.0,0.0,112.56,0.063380282,0.0,0.0,0.0,142,-246,False,False,False,False,False,False,True,False,False,True,False
43.0,34.88372093,6.976744186,50.98,0.0,0.0,0.0,0.0,0,0,False,False,False,False,False,False,True,False,True,False,False
47.0,23.40425532,0.0,65.23,0.016806723,0.0,0.0,0.0,238,-1,False,False,False,False,True,False,False,False,False,True,False
0.0,0.0,0.0,43.47,0.015748031,0.0,0.0,0.0,127,-70,False,False,False,False,False,False,True,False,False,True,False
34.0,8.823529412,5.882352941,189.98,0.0,0.0,0.0,0.0,0,33,False,False,False,True,False,False,False,False,False,False,True
33.0,21.21212121,6.060606061,40.0,0.0,1.0,0.0,0.0,0,0,False,False,False,False,False,True,False,False,False,False,True
46.0,2.173913043,0.0,62.44,0.019047619,0.0,0.0,0.0,105,0,False,True,False,False,False,False,False,False,False,True,False
40.0,62.5,15.0,38.81,0.129032258,1.0,0.0,0.0,31,0,False,False,False,False,False,True,False,False,False,True,False
43.0,2.325581395,0.0,56.05,0.0,1.0,0.0,0.0,0,-727,False,False,False,False,True,False,False,False,True,False,False
11.0,63.63636364,0.0,40.0,0.0,1.0,0.0,0.0,0,0,False,False,True,False,False,False,False,True,False,False,False
4.0,0.0,0.0,40.02,0.0,1.0,0.0,0.0,0,0,True,False,False,False,False,False,False,False,True,False,False
0.0,0.0,0.0,63.04,0.0,0.0,0.0,0.0,0,12,False,False,False,True,False,False,False,False,False,False,True
2.0,100.0,0.0,40.0,0.0,0.0,0.0,0.0,0,0,False,False,False,False,False,False,True,False,False,False,True
47.0,4.255319149,0.0,45.37,0.004347826,0.0,0.0,0.0,920,-4,False,False,False,False,True,False,False,False,True,False,False
40.0,7.5,0.0,40.02,0.0,1.0,0.0,0.0,0,0,True,False,False,False,False,False,False,False,True,False,False
46.0,2.173913043,2.173913043,107.4,0.066006601,0.0,0.0,0.0,303,-6,False,False,False,False,False,True,False,False,True,False,False
42.0,16.66666667,4.761904762,112.74,0.06,0.0,0.0,0.0,100,-24,False,False,False,False,False,False,True,False,True,False,False
48.0,10.41666667,2.083333333,72.6,0.010309278,0.0,0.0,0.0,679,-1,False,False,False,False,False,True,False,False,True,False,False
45.0,0.0,0.0,102.79,0.083333333,0.0,0.0,0.0,36,-23,False,False,False,False,True,False,False,False,True,False,False
35.0,31.42857143,25.71428571,186.33,0.142857143,0.0,0.0,0.0,14,-420,False,False,False,False,False,False,True,False,False,False,True
48.0,2.083333333,2.083333333,138.48,0.114754098,1.0,1.0,0.0,61,-4,False,False,False,False,True,False,False,False,True,False,False
19.0,31.57894737,21.05263158,31.0,0.0,1.0,0.0,0.0,0,0,False,False,False,False,False,True,False,False,False,False,True
44.0,9.090909091,4.545454545,100.2,0.0,1.0,0.0,0.0,0,0,False,False,False,False,True,False,False,True,False,False,False
35.0,17.14285714,8.571428571,54.67,0.0,1.0,0.0,0.0,0,-8,False,True,False,False,False,False,False,True,False,False,False
49.0,2.040816327,2.040816327,68.69,0.0192307692307692,0.0,1.0,0.0,104,-1000,False,False,False,False,True,False,False,False,False,True,False
34.0,29.41176471,5.882352941,40.02,0.0,1.0,0.0,0.0,0,-12,False,True,False,False,False,False,False,False,False,True,False
36.0,11.11111111,0.0,40.02,0.0,1.0,1.0,0.0,0,0,False,False,False,False,False,True,False,False,True,False,False
46.0,2.173913043,0.0,40.02,0.0,1.0,0.0,0.0,0,0,False,False,False,False,False,True,False,False,True,False,False
2.0,100.0,50.0,31.0,0.0,0.0,0.0,0.0,0,-478,False,False,True,False,False,False,False,True,False,False,False
0.0,0.0,0.0,43.88,0.048387097,1.0,0.0,0.0,62,33,False,False,False,True,False,False,False,False,False,False,True
32.0,25.0,3.125,51.09,0.068965517,1.0,0.0,0.0,29,-1,False,False,False,False,True,False,False,False,False,False,True
46.0,47.82608696,34.7826087,28.06,0.0335097,1.0,0.0,0.0,567,-523,True,False,False,False,False,False,False,False,True,False,False
45.0,2.222222222,0.0,82.61,0.0566037735849057,0.0,0.0,0.0,53,-40,False,False,False,False,True,False,False,False,False,True,False
32.0,12.5,9.375,49.97,0.0,1.0,0.0,0.0,0,-2,True,False,False,False,False,False,False,False,True,False,False
35.0,5.714285714,0.0,46.91,0.0,1.0,1.0,0.0,0,0,False,False,False,False,True,False,False,False,False,True,False
37.0,62.16216216,2.702702703,28.07,0.097560976,1.0,0.0,0.0,41,0,True,False,False,False,False,False,False,False,False,True,False
47.0,6.382978723,0.0,20.7,0.0,1.0,0.0,0.0,0,-33,True,False,False,False,False,False,False,False,True,False,False
26.0,7.692307692,0.0,40.02,0.0,1.0,0.0,0.0,0,0,False,False,False,False,False,True,False,False,False,True,False
12.0,25.0,0.0,50.06,0.0,1.0,1.0,0.0,0,0,True,False,False,False,False,False,False,False,True,False,False
9.0,66.66666667,44.44444444,31.0,0.0,1.0,0.0,0.0,0,0,False,False,False,False,False,True,False,False,False,False,True
42.0,33.33333333,23.80952381,121.91,0.018759019,0.0,0.0,0.0,693,-5,False,True,False,False,False,False,False,False,False,True,False
29.0,89.65517241,10.34482759,19.84,0.0,1.0,0.0,0.0,0,-33,False,False,False,False,True,False,False,True,False,False,False
5.0,80.0,40.0,47.32,0.0,1.0,1.0,1.0,0,0,True,False,False,False,False,False,False,False,False,False,True
46.0,60.86956522,10.86956522,91.4,0.022038567,0.0,0.0,0.0,363,-81,False,True,False,False,False,False,False,False,True,False,False
11.0,81.81818182,36.36363636,80.14,0.285714286,1.0,0.0,0.0,7,-2,True,False,False,False,False,False,False,False,True,False,False
47.0,0.0,0.0,59.12,0.357142857,0.0,0.0,0.0,14,-15,False,True,False,False,False,False,False,False,False,True,False
4.0,100.0,25.0,81.6,0.0,1.0,0.0,0.0,0,-34,False,False,False,False,True,False,False,False,True,False,False
45.0,6.666666667,0.0,51.47,0.0,0.0,0.0,0.0,0,0,False,False,False,False,False,True,False,False,True,False,False
65.0,70.76923077,9.230769231,141.07,0.132725431,1.0,1.0,0.0,987,-8,False,True,False,False,False,False,False,False,True,False,False
52.0,76.92307692,7.692307692,93.04,0.083832335,0.0,0.0,0.0,501,0,False,True,False,False,False,False,False,False,True,False,False
33.0,27.27272727,15.15151515,93.1,0.0,1.0,0.0,0.0,0,0,False,False,False,False,True,False,False,False,False,False,True
48.0,2.083333333,2.083333333,71.94,0.030534351,0.0,0.0,0.0,655,0,True,False,False,False,False,False,False,False,False,True,False
31.0,0.0,0.0,52.34,0.0,1.0,0.0,0.0,0,0,False,False,False,False,False,True,False,False,True,False,False
28.0,89.28571429,3.571428571,40.02,0.0,1.0,0.0,0.0,0,0,False,False,False,False,True,False,False,False,True,False,False
24.0,25.0,16.66666667,76.26,0.0,1.0,0.0,0.0,0,-36,False,False,False,False,True,False,False,True,False,False,False
43.0,9.302325581,2.325581395,52.63,0.0,0.0,0.0,0.0,0,0,False,False,False,False,False,True,False,False,False,True,False
37.0,29.72972973,5.405405405,94.85,0.0,1.0,0.0,0.0,0,0,True,False,False,False,False,False,False,False,True,False,False
46.0,23.91304348,4.347826087,34.96,0.0336134453781513,1.0,0.0,0.0,119,-288,False,False,False,False,False,False,True,False,True,False,False
16.0,0.0,0.0,3.06,0.0,0.0,0.0,0.0,0,0,False,False,False,False,True,False,False,False,False,True,False
2.0,0.0,0.0,40.02,0.0,1.0,0.0,0.0,0,-5,False,True,False,False,False,False,False,False,True,False,False
30.0,36.66666667,6.666666667,29.75,0.0,1.0,0.0,0.0,0,0,False,False,False,False,True,False,False,False,False,False,True
44.0,11.36363636,2.272727273,28.2,0.003683241,0.0,0.0,0.0,543,-55,True,False,False,False,False,False,False,False,True,False,False
29.0,86.20689655,10.34482759,30.61,0.0,1.0,0.0,0.0,0,-14,False,False,False,False,False,False,True,False,False,False,True
26.0,0.0,0.0,40.02,0.0,1.0,0.0,0.0,0,0,True,False,False,False,False,False,False,False,False,True,False
35.0,68.57142857,0.0,101.58,0.0,0.0,0.0,0.0,0,-15,False,False,False,False,False,False,True,False,False,True,False
31.0,25.80645161,3.225806452,51.73,0.0,1.0,1.0,0.0,0,-24,False,False,False,False,False,False,True,False,False,True,False
31.0,0.0,0.0,56.8,0.0,1.0,0.0,0.0,0,-17,False,False,False,False,True,False,False,False,True,False,False
16.0,0.0,0.0,53.81,0.0,0.0,0.0,0.0,0,-10,False,False,False,False,False,False,True,False,False,True,False
3.0,33.33333333,0.0,40.02,0.0,1.0,0.0,0.0,0,0,True,False,False,False,False,False,False,False,True,False,False
15.0,46.66666667,20.0,35.21,0.0,1.0,0.0,0.0,0,0,True,False,False,False,False,False,False,False,False,False,True
46.0,6.52173913,0.0,70.0,0.0,0.0,0.0,0.0,0,-76,False,False,False,False,False,False,True,False,False,False,True
16.0,0.0,0.0,14.92,0.0125,0.0,0.0,0.0,160,0,False,False,False,False,True,False,False,False,True,False,False
34.0,8.823529412,2.941176471,40.02,0.0,1.0,0.0,0.0,0,0,False,False,False,False,True,False,False,False,True,False,False
45.0,0.0,0.0,59.89,0.0,1.0,0.0,0.0,0,0,False,False,False,False,True,False,False,False,True,False,False
41.0,26.82926829,9.756097561,59.91,0.0,1.0,1.0,0.0,0,-98,False,False,False,False,False,False,True,False,True,False,False
45.0,2.222222222,0.0,41.64,0.085714286,0.0,0.0,0.0,35,0,False,False,False,False,False,False,True,False,True,False,False
0.0,0.0,0.0,40.51,0.35,0.0,0.0,0.0,20,-172,False,False,False,False,True,False,False,False,False,True,False
53.0,41.50943396,28.30188679,164.01,0.096802842,1.0,1.0,0.0,1126,-70,False,True,False,False,False,False,False,False,False,True,False
44.0,22.72727273,18.18181818,65.65,0.005698006,0.0,0.0,0.0,1053,-508,False,True,False,False,False,False,False,False,False,True,False
5.0,40.0,20.0,31.3,0.0,1.0,0.0,0.0,0,-7,False,False,False,False,False,False,True,False,True,False,False
22.0,95.45454545,0.0,40.02,0.0,1.0,1.0,0.0,0,-16,False,False,False,False,False,True,False,False,False,True,False
54.0,0.0,0.0,173.84,0.0136612021857923,0.0,0.0,0.0,732,-3,False,False,False,False,False,True,False,False,False,True,False
32.0,90.625,0.0,63.16,0.010869565,0.0,0.0,0.0,644,-44,True,False,False,False,False,False,False,False,True,False,False
8.0,100.0,50.0,17.74,0.333333333,1.0,0.0,0.0,6,0,False,False,True,False,False,False,False,False,False,False,True
44.0,15.90909091,11.36363636,54.66,0.014326648,0.0,0.0,0.0,349,-1,False,False,False,False,False,True,False,False,False,True,False
45.0,0.0,0.0,38.28,0.057692308,0.0,0.0,0.0,52,-17,False,True,False,False,False,False,False,False,False,True,False
41.0,73.17073171,9.756097561,80.3,0.0555555555555556,1.0,1.0,0.0,54,0,True,False,False,False,False,False,False,False,True,False,False
32.0,3.125,0.0,126.5,0.0,1.0,1.0,1.0,0,0,False,False,False,False,False,False,True,False,False,False,True
23.0,39.13043478,4.347826087,29.0,0.0,1.0,0.0,0.0,0,0,False,False,False,False,False,True,False,False,False,False,True
33.0,6.060606061,3.03030303,37.91,0.0,0.0,0.0,0.0,0,-279,False,False,False,False,False,False,True,False,False,True,False
41.0,53.65853659,14.63414634,49.75,0.0909090909090909,1.0,0.0,0.0,110,0,False,True,False,False,False,False,False,False,False,True,False
13.0,61.53846154,30.76923077,42.47,0.0,1.0,0.0,1.0,0,0,False,False,False,False,True,False,False,False,False,False,True
46.0,2.173913043,2.173913043,19.17,0.0105448154657293,0.0,0.0,0.0,569,0,False,True,False,False,False,False,False,False,False,True,False
16.0,81.25,0.0,33.39,0.133333333,1.0,0.0,0.0,15,0,False,True,False,False,False,False,False,False,False,False,True
12.0,41.66666667,16.66666667,47.55,0.0,1.0,0.0,0.0,0,0,False,False,False,False,False,False,True,False,True,False,False
45.0,6.666666667,2.222222222,104.53,0.0,0.0,0.0,0.0,0,-73,True,False,False,False,False,False,False,False,False,True,False
30.0,13.33333333,10.0,87.02,0.0,1.0,0.0,0.0,0,-1,False,True,False,False,False,False,False,False,False,True,False
43.0,18.60465116,2.325581395,51.45,0.090909091,0.0,0.0,0.0,22,0,False,False,False,False,True,False,False,False,True,False,False
44.0,4.545454545,0.0,93.85,0.333333333333333,1.0,0.0,0.0,6,0,True,False,False,False,False,False,False,False,True,False,False
24.0,45.83333333,20.83333333,40.02,0.0,1.0,0.0,0.0,0,0,False,False,False,False,False,True,False,False,True,False,False
1.0,100.0,0.0,66.83,0.0701754385964912,1.0,0.0,0.0,57,0,False,False,False,False,False,False,True,False,True,False,False
40.0,42.5,5.0,78.0,0.034782609,0.0,0.0,0.0,230,-46,False,False,False,False,False,False,True,False,True,False,False
45.0,20.0,6.666666667,124.01,0.022900763,1.0,0.0,0.0,131,0,False,True,False,False,False,False,False,False,False,False,True
23.0,34.7826087,0.0,51.97,0.0,1.0,0.0,0.0,0,0,False,False,False,False,False,False,True,False,False,False,True
45.0,4.444444444,0.0,54.47,0.0,0.0,0.0,0.0,0,-1,True,False,False,False,False,False,False,False,True,False,False
30.0,16.66666667,0.0,124.96,0.0,1.0,0.0,0.0,0,0,True,False,False,False,False,False,False,False,True,False,False
43.0,37.20930233,0.0,33.76,0.0571428571428571,1.0,0.0,0.0,35,-1,False,True,False,False,False,False,False,False,False,False,True
0.0,0.0,0.0,56.3,0.0,1.0,0.0,0.0,0,-59,False,False,False,False,False,False,True,False,True,False,False
8.0,100.0,25.0,35.0,0.0,1.0,0.0,0.0,0,0,False,False,False,False,False,True,False,False,False,False,True
25.0,96.0,20.0,54.18,0.15,1.0,0.0,0.0,20,-3,False,False,False,False,False,True,False,True,False,False,False
39.0,20.51282051,2.564102564,40.02,0.0,1.0,0.0,0.0,0,-51,False,True,False,False,False,False,False,False,False,True,False
0.0,0.0,0.0,66.57,0.0,1.0,0.0,0.0,0,-6,False,True,False,False,False,False,False,False,True,False,False
16.0,43.75,18.75,71.17,0.0,1.0,0.0,0.0,0,-81,False,False,False,False,True,False,False,False,True,False,False
39.0,7.692307692,7.692307692,51.04,0.0,0.0,0.0,0.0,0,-913,True,False,False,False,False,False,False,False,False,True,False
0.0,0.0,0.0,127.41,0.027932961,0.0,0.0,0.0,895,-366,True,False,False,False,False,False,False,True,False,False,False
47.0,48.93617021,4.255319149,94.33,0.040816327,1.0,0.0,0.0,49,-80,False,True,False,False,False,False,False,False,True,False,False
36.0,13.88888889,0.0,50.41,0.0,0.0,0.0,0.0,0,0,False,False,False,False,False,True,False,False,True,False,False
47.0,0.0,0.0,102.38,0.19047619,0.0,0.0,0.0,21,-6,False,False,False,False,False,True,False,False,False,True,False
32.0,87.5,3.125,145.86,0.0,0.0,0.0,0.0,0,-176,True,False,False,False,False,False,False,False,False,True,False
12.0,75.0,25.0,94.22,0.0,1.0,0.0,0.0,0,0,False,False,False,False,False,True,False,False,False,True,False
0.0,0.0,0.0,114.15,0.0,0.0,0.0,0.0,0,28,False,False,False,False,True,False,False,False,False,False,True
9.0,11.11111111,0.0,40.0,0.0,1.0,0.0,1.0,0,0,False,True,False,False,False,False,False,False,False,False,True
37.0,86.48648649,5.405405405,59.27,0.035714286,1.0,0.0,0.0,56,-67,False,False,False,False,True,False,False,False,True,False,False
26.0,34.61538462,3.846153846,102.93,0.090909091,1.0,0.0,0.0,22,-16,False,False,False,False,False,True,False,False,True,False,False
16.0,0.0,0.0,113.15,0.0,0.0,0.0,0.0,0,-1,False,False,False,False,False,True,False,False,False,True,False
11.0,81.81818182,36.36363636,129.9,0.333333333,1.0,0.0,0.0,6,-2,False,True,False,False,False,False,False,False,False,False,True
32.0,0.0,0.0,40.02,0.0,1.0,0.0,0.0,0,0,False,True,False,False,False,False,False,False,False,True,False
37.0,13.51351351,5.405405405,29.66,0.0,1.0,0.0,0.0,0,-20,False,False,False,False,True,False,False,False,False,False,True
0.0,0.0,0.0,63.89,0.0,0.0,0.0,0.0,0,-103,True,False,False,False,False,False,False,False,True,False,False
43.0,0.0,0.0,109.43,0.0,1.0,0.0,0.0,0,-16,False,False,False,False,False,True,False,False,False,False,True
31.0,100.0,12.90322581,94.46,0.056338028,1.0,0.0,0.0,71,-154,False,False,False,False,False,True,False,False,False,True,False
51.0,17.64705882,3.921568627,62.2,0.169934641,1.0,0.0,0.0,153,-45,False,False,False,False,False,False,True,False,False,True,False
29.0,93.10344828,34.48275862,18.69,0.055045871559633,1.0,1.0,0.0,109,0,False,True,False,False,False,False,False,False,True,False,False
0.0,0.0,0.0,51.13,0.0,0.0,0.0,0.0,0,0,False,False,False,False,False,True,False,False,True,False,False
15.0,33.33333333,26.66666667,56.48,0.272727273,1.0,1.0,0.0,11,0,False,False,False,False,False,True,False,False,True,False,False
6.0,83.33333333,16.66666667,40.02,0.0,1.0,0.0,0.0,0,0,True,False,False,False,False,False,False,False,False,True,False
39.0,5.128205128,5.128205128,52.29,0.0,1.0,0.0,0.0,0,-34,False,False,False,False,True,False,False,False,False,False,True
26.0,100.0,23.07692308,135.53,0.130434783,1.0,1.0,0.0,23,-40,False,False,False,False,False,False,True,False,True,False,False
30.0,6.666666667,0.0,71.13,0.0,1.0,0.0,0.0,0,0,False,True,False,False,False,False,False,False,False,True,False
47.0,2.127659574,0.0,39.87,0.058823529,1.0,0.0,0.0,68,0,False,False,False,False,False,False,True,False,True,False,False
36.0,2.777777778,2.777777778,40.02,0.0,1.0,1.0,0.0,0,0,False,False,False,False,False,False,True,False,True,False,False
48.0,12.5,6.25,136.37,0.051655629,0.0,0.0,0.0,755,0,False,False,False,False,False,False,True,False,False,True,False
19.0,21.05263158,5.263157895,35.0,0.0,1.0,0.0,0.0,0,0,True,False,False,False,False,False,False,False,False,False,True
0.0,0.0,0.0,50.56,0.0,0.0,0.0,0.0,0,-38,False,False,False,False,False,False,True,False,False,True,False
36.0,33.33333333,2.777777778,98.64,0.0,1.0,0.0,0.0,0,0,True,False,False,False,False,False,False,False,False,True,False
57.0,19.29824561,10.52631579,64.56,0.123791103,1.0,1.0,0.0,517,-8,True,False,False,False,False,False,False,False,True,False,False
0.0,0.0,0.0,75.52,0.024193548,0.0,0.0,0.0,124,-81,False,False,False,False,False,False,True,False,False,True,False
38.0,57.89473684,13.15789474,44.97,0.023255814,1.0,0.0,0.0,731,0,False,False,False,False,True,False,False,False,True,False,False
35.0,37.14285714,28.57142857,50.13,0.0810810810810811,1.0,0.0,0.0,37,0,False,False,False,False,True,False,False,False,False,True,False
32.0,43.75,12.5,38.5,0.0,1.0,0.0,0.0,0,-28,False,True,False,False,False,False,False,False,False,False,True
43.0,6.976744186,2.325581395,31.02,0.0,1.0,0.0,0.0,0,-32,False,True,False,False,False,False,False,False,False,False,True
58.0,18.96551724,6.896551724,97.77,0.057888763,1.0,0.0,0.0,881,0,False,True,False,False,False,False,False,False,True,False,False
34.0,85.29411765,2.941176471,59.08,0.0,0.0,0.0,0.0,0,0,False,True,False,False,False,False,False,False,False,True,False
18.0,16.66666667,5.555555556,40.0,0.0,1.0,0.0,0.0,0,0,True,False,False,False,False,False,False,False,False,False,True
38.0,31.57894737,0.0,62.56,0.090909091,0.0,0.0,0.0,22,0,False,False,False,False,True,False,False,False,False,True,False
42.0,33.33333333,4.761904762,129.55,0.044247788,1.0,0.0,0.0,113,-14,False,False,False,False,False,True,False,False,False,True,False
26.0,76.92307692,11.53846154,40.2,0.0,1.0,1.0,0.0,0,0,False,False,False,False,False,True,False,False,True,False,False
43.0,30.23255814,0.0,120.91,0.0298507462686567,0.0,0.0,0.0,335,-224,False,False,False,False,True,False,False,False,False,True,False
41.0,53.65853659,0.0,62.23,0.090909091,0.0,0.0,0.0,77,-27,False,False,False,False,True,False,False,False,False,False,True
45.0,0.0,0.0,88.14,0.0,0.0,0.0,0.0,0,0,False,True,False,False,False,False,False,False,True,False,False
28.0,10.71428571,0.0,40.02,0.0,1.0,1.0,0.0,0,0,False,False,False,False,False,True,False,False,True,False,False
31.0,6.451612903,0.0,43.55,0.0,1.0,0.0,0.0,0,-6,False,False,False,False,False,True,False,False,True,False,False
21.0,47.61904762,14.28571429,46.4,0.0,1.0,0.0,0.0,0,-11,False,False,False,False,False,False,True,False,False,False,True
34.0,0.0,0.0,40.02,0.0,1.0,0.0,0.0,0,-1,True,False,False,False,False,False,False,False,True,False,False
34.0,47.05882353,20.58823529,70.91,0.0,1.0,0.0,0.0,0,-90,False,True,False,False,False,False,False,False,True,False,False
36.0,8.333333333,5.555555556,38.01,0.0833333333333333,1.0,0.0,0.0,24,-1,False,True,False,False,False,False,False,False,True,False,False
0.0,0.0,0.0,44.64,1.0,1.0,0.0,0.0,2,-1,False,False,False,False,False,True,False,False,False,False,True
45.0,6.666666667,4.444444444,48.1,0.0,0.0,0.0,0.0,0,-469,False,False,False,False,False,False,True,False,False,False,True
42.0,2.380952381,2.380952381,63.33,0.0,0.0,0.0,0.0,0,-155,False,False,False,False,False,False,True,False,False,False,True
55.0,18.18181818,7.272727273,151.12,0.08045977,1.0,0.0,1.0,174,-7,False,True,False,False,False,False,False,False,False,False,True
0.0,0.0,0.0,117.25,0.0310077519379845,0.0,0.0,0.0,129,0,True,False,False,False,False,False,False,False,False,True,False
46.0,8.695652174,6.52173913,51.73,0.0,1.0,0.0,0.0,0,-36,False,False,True,False,False,False,False,True,False,False,False
45.0,20.0,4.444444444,109.68,0.071057192,1.0,0.0,0.0,577,-210,False,False,False,False,True,False,False,False,False,True,False
0.0,0.0,0.0,52.21,0.0,1.0,0.0,0.0,0,0,False,False,False,False,False,True,False,False,False,True,False
31.0,29.03225806,3.225806452,90.23,0.0,1.0,0.0,0.0,0,0,False,True,False,False,False,False,False,False,False,False,True
45.0,0.0,0.0,58.13,0.0,0.0,0.0,0.0,0,-126,False,False,False,False,False,True,False,False,False,True,False
36.0,8.333333333,5.555555556,40.02,0.0,1.0,0.0,0.0,0,0,False,False,False,False,False,True,False,False,False,True,False
17.0,70.58823529,5.882352941,31.0,0.0,1.0,0.0,0.0,0,0,False,False,False,False,True,False,False,False,False,False,True
28.0,92.85714286,17.85714286,183.96,0.081081081,1.0,0.0,0.0,37,0,False,False,False,False,False,True,False,True,False,False,False
39.0,30.76923077,0.0,50.14,0.0,0.0,0.0,0.0,0,-10,False,False,False,False,True,False,False,False,True,False,False
8.0,75.0,25.0,72.54,0.0,1.0,1.0,0.0,0,0,False,False,False,False,False,True,False,False,False,True,False
27.0,100.0,3.703703704,202.87,0.054794521,1.0,0.0,0.0,73,0,True,False,False,False,False,False,False,False,True,False,False
11.0,9.090909091,0.0,40.02,0.0,1.0,0.0,0.0,0,-60,False,False,False,False,True,False,False,False,False,False,True
32.0,78.125,0.0,40.02,0.0,1.0,0.0,0.0,0,0,False,False,False,False,False,False,True,False,False,True,False
30.0,33.33333333,13.33333333,81.9,0.0,1.0,0.0,0.0,0,-32,False,False,False,False,False,True,False,False,False,False,True
12.0,91.66666667,25.0,42.62,0.0,1.0,0.0,0.0,0,0,False,True,False,False,False,False,False,False,False,False,True
25.0,24.0,12.0,29.0,0.0,1.0,0.0,0.0,0,0,False,False,False,False,False,True,False,False,False,False,True
20.0,100.0,0.0,53.57,0.0,1.0,0.0,0.0,0,0,False,True,False,False,False,False,False,False,True,False,False
41.0,7.317073171,0.0,54.73,0.058823529,1.0,0.0,0.0,51,0,False,False,False,False,False,False,True,False,True,False,False
0.0,0.0,0.0,82.44,0.015625,0.0,0.0,0.0,128,-84,True,False,False,False,False,False,False,False,False,True,False
45.0,6.666666667,2.222222222,91.58,0.0,0.0,0.0,0.0,0,-351,False,True,False,False,False,False,False,False,False,False,True
16.0,0.0,0.0,53.84,0.0,0.0,0.0,0.0,0,-1,False,False,False,False,True,False,False,False,False,True,False
38.0,39.47368421,7.894736842,46.75,0.095238095,1.0,0.0,0.0,21,-7,False,False,False,False,False,False,True,False,False,False,True
44.0,4.545454545,0.0,45.06,0.125,1.0,0.0,0.0,32,-1,True,False,False,False,False,False,False,False,False,True,False
47.0,4.255319149,0.0,18.28,0.2,0.0,0.0,0.0,35,-38,False,False,False,False,False,True,False,False,True,False,False
42.0,21.42857143,2.380952381,79.28,0.0,1.0,0.0,0.0,0,-33,False,True,False,False,False,False,False,False,False,False,True
1.0,100.0,0.0,40.02,0.0,1.0,1.0,0.0,0,0,False,False,True,False,False,False,False,False,False,False,True
33.0,0.0,0.0,40.02,0.0,1.0,0.0,0.0,0,-1,True,False,False,False,False,False,False,False,True,False,False
51.0,13.7254902,1.960784314,57.2,0.020547945,0.0,1.0,0.0,438,0,False,False,False,False,False,True,False,False,True,False,False
0.0,0.0,0.0,40.02,0.0,1.0,0.0,0.0,0,0,False,False,False,False,True,False,False,False,True,False,False
3.0,0.0,0.0,40.02,0.0,1.0,0.0,0.0,0,0,False,True,False,False,False,False,False,False,True,False,False
0.0,0.0,0.0,180.7,0.0,0.0,0.0,0.0,0,-25,False,False,False,False,False,False,True,False,True,False,False
37.0,10.81081081,2.702702703,40.02,0.0,1.0,0.0,0.0,0,0,True,False,False,False,False,False,False,False,True,False,False
0.0,0.0,0.0,40.64,0.142857143,0.0,0.0,0.0,14,-7,False,False,False,False,True,False,False,False,False,True,False
39.0,17.94871795,5.128205128,37.19,0.5,1.0,0.0,0.0,4,-28,False,False,False,False,False,True,False,False,False,False,True
28.0,3.571428571,0.0,52.28,0.0,1.0,0.0,0.0,0,0,False,False,False,False,False,True,False,False,False,True,False
26.0,30.76923077,3.846153846,87.68,0.0,0.0,0.0,0.0,0,-509,False,True,False,False,False,False,False,True,False,False,False
0.0,0.0,0.0,39.68,0.0,1.0,0.0,0.0,0,0,False,False,False,False,False,True,False,False,False,False,True
0.0,0.0,0.0,93.45,0.0,0.0,0.0,0.0,0,-2,False,False,False,False,True,False,False,False,True,False,False
33.0,45.45454545,3.03030303,30.3,0.068181818,1.0,1.0,0.0,44,0,False,True,False,False,False,False,False,False,True,False,False
34.0,5.882352941,5.882352941,37.87,0.0,0.0,0.0,0.0,0,33,False,False,False,True,False,False,False,False,False,False,True
26.0,92.30769231,19.23076923,67.91,0.178571429,1.0,1.0,0.0,28,0,True,False,False,False,False,False,False,False,True,False,False
19.0,10.52631579,0.0,40.02,0.0,1.0,0.0,0.0,0,0,False,False,False,False,False,False,True,False,False,True,False
36.0,0.0,0.0,123.55,0.0,1.0,0.0,0.0,0,0,True,False,False,False,False,False,False,False,True,False,False
42.0,9.523809524,4.761904762,67.01,0.166666666666667,1.0,0.0,0.0,18,0,False,False,True,False,False,False,False,False,False,False,True
16.0,0.0,0.0,50.21,0.0,0.0,0.0,0.0,0,-4,False,False,False,False,True,False,False,False,True,False,False
45.0,6.666666667,2.222222222,158.07,0.0,0.0,0.0,0.0,0,-233,False,False,False,False,False,True,False,False,False,True,False
45.0,6.666666667,0.0,71.75,0.0,0.0,0.0,0.0,0,-764,False,True,False,False,False,False,False,False,True,False,False
0.0,0.0,0.0,55.91,0.0,1.0,0.0,0.0,0,-225,False,False,False,False,False,True,False,False,False,True,False
37.0,5.405405405,5.405405405,81.87,0.0,1.0,0.0,0.0,0,-34,True,False,False,False,False,False,False,False,False,True,False
42.0,42.85714286,21.42857143,32.5,0.2,1.0,1.0,0.0,10,0,False,False,False,False,False,True,False,False,True,False,False
10.0,60.0,30.0,31.02,0.0,1.0,0.0,0.0,0,0,True,False,False,False,False,False,False,False,False,True,False
45.0,0.0,0.0,53.58,0.0,0.0,0.0,0.0,0,0,False,True,False,False,False,False,False,False,True,False,False
43.0,9.302325581,0.0,55.14,0.125,1.0,0.0,0.0,56,-18,False,False,True,False,False,False,False,True,False,False,False
46.0,93.47826087,15.2173913,165.07,0.0,0.0,0.0,0.0,0,-862,False,False,False,False,False,True,False,False,False,True,False
31.0,64.51612903,16.12903226,32.15,0.105263158,1.0,0.0,0.0,38,-21,True,False,False,False,False,False,False,False,True,False,False
34.0,79.41176471,26.47058824,47.58,0.0810810810810811,1.0,1.0,1.0,37,-28,False,False,False,False,False,True,False,False,False,False,True
47.0,0.0,0.0,139.24,0.01863354,1.0,0.0,0.0,322,-14,False,True,False,False,False,False,False,False,True,False,False
27.0,37.03703704,3.703703704,94.55,0.0,0.0,0.0,0.0,0,-221,False,False,False,False,True,False,False,False,True,False,False
15.0,26.66666667,6.666666667,36.74,0.0,1.0,0.0,0.0,0,0,False,False,False,False,False,True,False,False,False,False,True
44.0,4.545454545,2.272727273,61.73,0.0,0.0,0.0,0.0,0,0,False,False,False,False,True,False,False,False,False,True,False
38.0,10.52631579,2.631578947,32.5,0.125,1.0,0.0,0.0,16,-32,False,False,False,False,False,False,True,False,True,False,False
49.0,6.12244898,2.040816327,74.18,0.021505376,1.0,0.0,0.0,93,-10,False,False,False,False,False,True,False,False,True,False,False
28.0,14.28571429,0.0,58.35,0.0,1.0,0.0,0.0,0,0,False,False,False,False,False,True,False,False,False,False,True
3.0,66.66666667,0.0,40.02,0.0,1.0,0.0,0.0,0,-13,True,False,False,False,False,False,False,False,True,False,False
16.0,31.25,0.0,135.09,0.134920635,1.0,1.0,0.0,126,0,False,True,False,False,False,False,False,False,True,False,False
23.0,82.60869565,4.347826087,40.0,0.0,1.0,1.0,0.0,0,0,False,False,False,False,False,True,False,False,False,False,True
45.0,2.222222222,0.0,89.41,0.0,1.0,0.0,0.0,0,-13,False,False,True,False,False,False,False,True,False,False,False
0.0,0.0,0.0,58.81,0.115384615384615,0.0,0.0,0.0,52,-5,False,True,False,False,False,False,False,False,False,True,False
23.0,21.73913043,0.0,156.61,0.285714286,1.0,0.0,0.0,7,-3,False,True,False,False,False,False,False,False,True,False,False
15.0,80.0,0.0,80.82,0.0,1.0,0.0,0.0,0,0,False,False,False,False,False,True,False,True,False,False,False
41.0,12.19512195,4.87804878,39.86,0.0,1.0,0.0,0.0,0,-61,False,False,True,False,False,False,False,False,False,False,True
37.0,0.0,0.0,40.02,0.0,1.0,1.0,0.0,0,0,False,True,False,False,False,False,False,False,False,True,False
39.0,46.15384615,25.64102564,66.39,0.080272109,1.0,0.0,0.0,735,-109,False,False,False,False,False,True,False,False,False,True,False
44.0,4.545454545,2.272727273,39.62,0.0,0.0,0.0,0.0,0,-3,False,True,False,False,False,False,False,False,True,False,False
45.0,24.44444444,4.444444444,89.24,0.035264484,1.0,0.0,0.0,397,0,False,False,False,False,True,False,False,False,False,False,True
45.0,0.0,0.0,46.35,0.0,0.0,0.0,0.0,0,0,False,False,False,False,True,False,False,False,True,False,False
32.0,15.625,0.0,45.09,0.095238095,1.0,0.0,0.0,42,-13,False,False,False,False,False,True,False,False,False,False,True
0.0,0.0,0.0,89.7,0.0,1.0,0.0,0.0,0,5,False,False,False,True,False,False,False,True,False,False,False
0.0,0.0,0.0,64.25,0.0,0.0,0.0,0.0,0,0,False,False,False,False,True,False,False,False,False,True,False
16.0,0.0,0.0,57.38,0.0,0.0,0.0,0.0,0,0,False,False,False,False,False,False,True,False,False,True,False
36.0,11.11111111,0.0,38.67,0.0,1.0,0.0,0.0,0,-2,False,True,False,False,False,False,False,False,False,False,True
5.0,80.0,40.0,49.13,0.0,1.0,0.0,0.0,0,0,False,True,False,False,False,False,False,False,False,False,True
0.0,0.0,0.0,64.97,0.041237113,0.0,0.0,0.0,97,-5,False,False,False,False,False,True,False,False,True,False,False
1.0,0.0,0.0,39.95,0.0,0.0,0.0,0.0,0,-1,False,True,False,False,False,False,False,False,False,False,True
0.0,0.0,0.0,87.51,0.0,0.0,0.0,0.0,0,-51,False,False,True,False,False,False,False,False,False,False,True
36.0,36.11111111,2.777777778,51.1,0.0,1.0,0.0,0.0,0,-21,False,False,False,False,True,False,False,False,True,False,False
11.0,54.54545455,0.0,43.99,0.0,0.0,0.0,0.0,0,-13,True,False,False,False,False,False,False,False,False,False,True
27.0,51.85185185,0.0,40.02,0.0,1.0,0.0,0.0,0,0,False,True,False,False,False,False,False,False,True,False,False
28.0,10.71428571,3.571428571,226.28,0.046511628,1.0,0.0,0.0,43,-8,False,False,False,False,True,False,False,False,False,False,True
6.0,33.33333333,0.0,131.02,0.0,1.0,1.0,0.0,0,0,False,False,False,False,False,True,False,False,False,True,False
50.0,2.0,2.0,23.12,0.25,1.0,0.0,0.0,20,0,False,False,False,False,True,False,False,False,False,True,False
42.0,28.57142857,9.523809524,50.95,0.0,0.0,0.0,0.0,0,-367,True,False,False,False,False,False,False,False,False,False,True
0.0,0.0,0.0,19.5,0.285714286,0.0,0.0,0.0,7,0,False,False,False,False,False,False,True,False,False,True,False
33.0,84.84848485,36.36363636,36.05,0.031914894,1.0,1.0,0.0,94,-1,False,False,False,False,True,False,False,False,True,False,False
39.0,61.53846154,0.0,72.03,0.0,1.0,0.0,0.0,0,0,False,True,False,False,False,False,False,False,False,True,False
19.0,0.0,0.0,147.86,0.034188034,0.0,0.0,0.0,351,-126,False,False,False,False,False,True,False,False,True,False,False
0.0,0.0,0.0,54.61,0.0,0.0,0.0,0.0,0,0,False,False,False,True,False,False,False,False,False,False,True
39.0,12.82051282,10.25641026,40.2,0.0,1.0,0.0,0.0,0,0,False,False,False,False,False,True,False,False,True,False,False
44.0,2.272727273,0.0,195.53,0.0,0.0,0.0,0.0,0,-1,True,False,False,False,False,False,False,False,False,True,False
8.0,25.0,0.0,31.02,0.0,1.0,0.0,0.0,0,0,True,False,False,False,False,False,False,False,True,False,False
3.0,0.0,0.0,39.97,0.0,1.0,0.0,0.0,0,0,False,False,False,False,True,False,False,False,True,False,False
33.0,18.18181818,3.03030303,29.45,0.0,1.0,0.0,0.0,0,-10,False,False,False,False,False,True,False,False,False,False,True
37.0,29.72972973,0.0,96.43,0.098360656,0.0,0.0,0.0,122,-3,False,False,False,True,False,False,False,False,False,False,True
20.0,10.0,0.0,27.46,0.066666667,1.0,0.0,0.0,30,-21,False,False,False,False,False,True,False,False,False,False,True
8.0,62.5,12.5,72.69,0.0,1.0,0.0,0.0,0,0,False,False,False,False,False,True,False,False,True,False,False
53.0,11.32075472,3.773584906,68.25,0.036407767,1.0,0.0,0.0,412,0,False,True,False,False,False,False,False,False,False,True,False
0.0,0.0,0.0,10.96,0.0,0.0,0.0,0.0,0,0,False,False,False,False,True,False,False,False,True,False,False
29.0,72.4137931,0.0,40.02,0.0,1.0,0.0,0.0,0,0,True,False,False,False,False,False,False,False,True,False,False
0.0,0.0,0.0,45.0,0.0,0.0,0.0,0.0,0,0,False,False,True,False,False,False,False,True,False,False,False
33.0,72.72727273,30.3030303,59.6,0.178571429,1.0,1.0,1.0,28,-9,True,False,False,False,False,False,False,False,False,False,True
24.0,8.333333333,0.0,36.97,0.0,1.0,1.0,0.0,0,0,True,False,False,False,False,False,False,False,True,False,False
0.0,0.0,0.0,112.52,0.086419753,0.0,0.0,0.0,324,-5,False,False,False,False,True,False,False,False,True,False,False
10.0,70.0,10.0,49.03,0.0,1.0,0.0,1.0,0,0,True,False,False,False,False,False,False,False,False,False,True
29.0,6.896551724,0.0,97.3,0.0,1.0,0.0,0.0,0,-4,False,False,False,False,True,False,False,False,False,False,True
48.0,25.0,2.083333333,73.24,0.142857142857143,1.0,0.0,0.0,112,-5,False,True,False,False,False,False,False,False,False,False,True
9.0,66.66666667,11.11111111,40.02,0.0,1.0,1.0,0.0,0,0,False,True,False,False,False,False,False,False,False,False,True
32.0,21.875,0.0,73.2,0.021505376,0.0,0.0,0.0,93,-181,False,True,False,False,False,False,False,False,False,True,False
44.0,20.45454545,0.0,59.84,0.0,0.0,0.0,0.0,0,-263,False,True,False,False,False,False,False,False,False,True,False
33.0,21.21212121,3.03030303,40.02,0.0,1.0,0.0,0.0,0,0,False,False,False,False,True,False,False,False,True,False,False
40.0,7.5,0.0,54.16,0.0,1.0,0.0,0.0,0,-18,False,False,False,False,True,False,False,False,True,False,False
44.0,22.72727273,6.818181818,92.87,0.0,0.0,0.0,0.0,0,-161,False,True,False,False,False,False,False,False,False,True,False
38.0,15.78947368,2.631578947,54.03,0.148148148,0.0,0.0,0.0,27,-4,False,False,False,False,False,True,False,False,False,True,False
51.0,13.7254902,7.843137255,48.51,0.0428571428571429,1.0,0.0,0.0,70,-37,True,False,False,False,False,False,False,False,False,False,True
23.0,0.0,0.0,40.02,0.0,1.0,0.0,0.0,0,0,True,False,False,False,False,False,False,False,True,False,False
26.0,3.846153846,3.846153846,28.13,0.044776119,1.0,0.0,0.0,134,-100,False,True,False,False,False,False,False,False,True,False,False
0.0,0.0,0.0,20.22,0.0,0.0,0.0,0.0,0,0,True,False,False,False,False,False,False,False,False,True,False
16.0,0.0,0.0,50.08,0.0,0.0,0.0,0.0,0,-7,False,False,False,False,False,True,False,False,False,True,False
37.0,18.91891892,0.0,80.43,0.285714286,0.0,0.0,0.0,7,-1,False,False,False,False,False,True,False,False,True,False,False
14.0,35.71428571,7.142857143,40.02,0.0,1.0,0.0,0.0,0,0,False,False,False,False,True,False,False,False,False,True,False
26.0,73.07692308,19.23076923,39.31,0.050847458,1.0,1.0,0.0,59,0,False,False,False,False,False,True,False,False,True,False,False
29.0,10.34482759,10.34482759,42.57,0.5,0.0,0.0,0.0,4,0,False,False,False,False,True,False,False,False,True,False,False
38.0,5.263157895,0.0,55.75,0.0,1.0,0.0,0.0,0,-24,False,False,False,False,True,False,False,True,False,False,False
0.0,0.0,0.0,50.74,0.0,0.0,0.0,0.0,0,-3,False,True,False,False,False,False,False,False,False,True,False
45.0,0.0,0.0,55.65,0.0,0.0,0.0,0.0,0,0,False,True,False,False,False,False,False,False,True,False,False
0.0,0.0,0.0,50.0,0.0,0.0,0.0,0.0,0,0,True,False,False,False,False,False,False,False,False,True,False
37.0,40.54054054,21.62162162,44.35,0.0,1.0,0.0,0.0,0,-114,False,False,False,False,False,True,False,False,False,True,False
18.0,0.0,0.0,46.99,0.064935065,0.0,0.0,0.0,77,-1,False,True,False,False,False,False,False,False,False,True,False
40.0,2.5,2.5,45.51,0.012820513,1.0,0.0,0.0,390,-15,False,False,False,True,False,False,False,True,False,False,False
10.0,30.0,10.0,30.6,0.0,1.0,0.0,0.0,0,-20,False,False,False,False,False,True,False,False,True,False,False
31.0,9.677419355,9.677419355,50.16,0.0,1.0,0.0,0.0,0,0,True,False,False,False,False,False,False,False,False,False,True
53.0,28.30188679,15.09433962,60.97,0.063492063,1.0,1.0,1.0,63,-38,True,False,False,False,False,False,False,False,False,False,True
45.0,13.33333333,0.0,70.3,0.012820513,0.0,0.0,0.0,390,-35,False,False,False,False,True,False,False,False,False,True,False
7.0,85.71428571,57.14285714,55.16,0.0,1.0,0.0,0.0,0,0,False,False,False,False,True,False,False,False,True,False,False
33.0,39.39393939,6.060606061,97.3,0.0,1.0,0.0,0.0,0,-12,False,False,False,False,True,False,False,True,False,False,False
43.0,0.0,0.0,60.77,0.0,1.0,0.0,0.0,0,-25,True,False,False,False,False,False,False,False,True,False,False
20.0,65.0,15.0,40.02,0.0,1.0,0.0,0.0,0,-10,False,True,False,False,False,False,False,False,True,False,False
56.0,12.5,1.785714286,78.72,0.0,1.0,0.0,0.0,0,-226,False,False,False,False,True,False,False,False,True,False,False
48.0,4.166666667,2.083333333,52.74,0.006868132,0.0,0.0,0.0,728,0,False,False,False,False,True,False,False,False,True,False,False
42.0,21.42857143,0.0,46.03,0.0,1.0,0.0,0.0,0,-26,False,True,False,False,False,False,False,False,True,False,False
43.0,18.60465116,4.651162791,90.36,0.0,1.0,0.0,0.0,0,-30,False,False,False,False,False,True,False,False,False,False,True
22.0,13.63636364,9.090909091,40.0,0.0,1.0,0.0,0.0,0,0,True,False,False,False,False,False,False,False,False,False,True
55.0,18.18181818,5.454545455,73.93,0.026264591,0.0,0.0,0.0,1028,-161,False,False,False,False,True,False,False,False,True,False,False
41.0,24.3902439,2.43902439,59.19,0.142857143,0.0,0.0,0.0,14,-65,False,False,False,False,False,True,False,False,True,False,False
8.0,62.5,25.0,40.2,0.0,1.0,0.0,0.0,0,0,False,True,False,False,False,False,False,False,False,True,False
44.0,22.72727273,9.090909091,83.02,0.040935673,1.0,0.0,0.0,171,-39,False,True,False,False,False,False,False,False,False,True,False
19.0,31.57894737,0.0,35.0,0.0,1.0,0.0,0.0,0,0,False,False,False,False,False,False,True,False,False,False,True
19.0,26.31578947,10.52631579,31.0,0.0,1.0,0.0,0.0,0,0,True,False,False,False,False,False,False,False,False,False,True
39.0,15.38461538,5.128205128,58.07,0.054347826,1.0,0.0,0.0,92,-5,False,False,False,False,False,True,False,False,False,True,False
45.0,0.0,0.0,18.91,0.25,1.0,0.0,0.0,8,-18,False,False,False,False,False,True,False,False,True,False,False
0.0,0.0,0.0,100.99,0.0156046814044213,1.0,0.0,0.0,769,-187,True,False,False,False,False,False,False,False,False,True,False
45.0,0.0,0.0,90.0,0.0,1.0,0.0,0.0,0,-22,False,False,True,False,False,False,False,False,False,False,True
8.0,12.5,12.5,29.02,0.0,1.0,0.0,0.0,0,0,True,False,False,False,False,False,False,False,False,True,False
35.0,14.28571429,5.714285714,83.68,0.060344828,1.0,0.0,0.0,116,-10,False,False,True,False,False,False,False,False,False,False,True
33.0,0.0,0.0,40.02,0.0,1.0,0.0,0.0,0,0,True,False,False,False,False,False,False,False,True,False,False
0.0,0.0,0.0,55.43,0.0,0.0,0.0,0.0,0,-11,False,False,False,False,False,False,True,False,True,False,False
32.0,40.625,25.0,35.39,0.057142857,1.0,1.0,0.0,35,-3,True,False,False,False,False,False,False,False,True,False,False
41.0,12.19512195,12.19512195,48.18,0.0,1.0,0.0,0.0,0,0,False,False,False,False,False,False,True,False,True,False,False
16.0,0.0,0.0,56.64,0.0,0.0,0.0,0.0,0,-1116,True,False,False,False,False,False,False,False,False,True,False
30.0,0.0,0.0,39.97,0.0,1.0,1.0,0.0,0,0,False,False,False,False,False,False,True,False,True,False,False
40.0,75.0,22.5,107.02,0.033033033,1.0,0.0,0.0,666,-7,False,True,False,False,False,False,False,False,False,True,False
38.0,55.26315789,10.52631579,53.15,0.11827957,1.0,0.0,0.0,93,-217,False,False,False,False,False,False,True,False,True,False,False
45.0,0.0,0.0,79.75,0.0,0.0,0.0,0.0,0,-17,False,False,False,False,True,False,False,False,False,False,True
0.0,0.0,0.0,33.3,0.029900332,0.0,0.0,0.0,301,0,False,False,False,False,False,False,True,False,False,True,False
30.0,16.66666667,6.666666667,38.4,0.0,1.0,0.0,0.0,0,-2,False,False,False,False,False,True,False,False,False,False,True
0.0,0.0,0.0,157.97,0.062893082,0.0,0.0,0.0,159,-26,True,False,False,False,False,False,False,False,False,True,False
16.0,0.0,0.0,50.58,2.0,0.0,0.0,0.0,1,0,False,False,False,False,False,True,False,False,True,False,False
41.0,29.26829268,2.43902439,56.62,0.0,0.0,0.0,0.0,0,0,False,False,False,False,False,False,True,False,True,False,False
29.0,17.24137931,17.24137931,1.0,0.0,1.0,0.0,0.0,0,0,False,True,False,False,False,False,False,False,False,False,True
33.0,0.0,0.0,40.02,0.0,1.0,0.0,0.0,0,0,True,False,False,False,False,False,False,False,True,False,False
23.0,4.347826087,4.347826087,29.0,0.0,1.0,0.0,0.0,0,0,False,False,False,False,False,False,True,False,False,False,True
35.0,51.42857143,20.0,50.88,0.0,1.0,0.0,0.0,0,-11,False,True,False,False,False,False,False,False,False,False,True
31.0,64.51612903,3.225806452,117.86,0.140625,1.0,0.0,1.0,64,0,False,False,False,False,True,False,False,True,False,False,False
38.0,2.631578947,2.631578947,43.1,0.133333333,1.0,0.0,0.0,15,-14,False,True,False,False,False,False,False,False,False,True,False
44.0,0.0,0.0,43.6,0.0,1.0,0.0,0.0,0,0,False,True,False,False,False,False,False,False,True,False,False
45.0,2.222222222,0.0,78.8,0.0,0.0,0.0,0.0,0,-3,False,False,True,False,False,False,False,False,False,False,True
46.0,6.52173913,0.0,91.95,0.0,1.0,0.0,0.0,0,-39,False,False,False,False,True,False,False,True,False,False,False
33.0,15.15151515,0.0,40.02,0.0,1.0,1.0,0.0,0,0,False,True,False,False,False,False,False,False,False,True,False
12.0,75.0,8.333333333,111.12,0.0,1.0,0.0,0.0,0,0,False,False,False,False,False,True,False,False,True,False,False
45.0,0.0,0.0,190.71,0.0,0.0,0.0,0.0,0,0,False,True,False,False,False,False,False,False,True,False,False
44.0,9.090909091,0.0,49.98,0.153846154,0.0,0.0,0.0,13,-116,False,False,False,False,True,False,False,False,True,False,False
47.0,17.0212766,4.255319149,40.75,0.038095238,1.0,0.0,0.0,105,-41,False,True,False,False,False,False,False,False,False,True,False
45.0,37.77777778,8.888888889,64.64,0.007518797,0.0,0.0,0.0,532,0,False,False,False,False,True,False,False,False,False,True,False
0.0,0.0,0.0,87.93,0.0,1.0,0.0,0.0,0,-5,False,False,False,False,True,False,False,False,True,False,False
30.0,66.66666667,16.66666667,66.56,0.0,1.0,0.0,0.0,0,-87,False,True,False,False,False,False,False,False,False,True,False
45.0,0.0,0.0,50.67,0.0,0.0,0.0,0.0,0,-38,False,False,True,False,False,False,False,False,False,False,True
45.0,8.888888889,4.444444444,103.68,0.052631579,0.0,0.0,0.0,114,-139,True,False,False,False,False,False,False,False,False,True,False
27.0,40.74074074,7.407407407,35.0,0.0,1.0,0.0,0.0,0,0,True,False,False,False,False,False,False,False,False,False,True
40.0,5.0,2.5,69.08,0.0,0.0,0.0,0.0,0,-146,False,True,False,False,False,False,False,False,False,False,True
22.0,100.0,22.72727273,40.02,0.0,1.0,1.0,0.0,0,0,False,True,False,False,False,False,False,False,True,False,False
9.0,66.66666667,0.0,40.02,0.0,1.0,0.0,0.0,0,0,False,False,False,False,False,False,True,False,True,False,False
24.0,54.16666667,8.333333333,54.35,0.153846153846154,1.0,0.0,0.0,13,-19,False,True,False,False,False,False,False,False,False,False,True
14.0,50.0,21.42857143,35.0,0.0,1.0,0.0,0.0,0,0,True,False,False,False,False,False,False,False,False,False,True
41.0,34.14634146,2.43902439,40.02,0.0,1.0,0.0,0.0,0,-16,False,False,False,False,True,False,False,False,True,False,False
6.0,100.0,0.0,23.64,0.0,1.0,0.0,0.0,0,0,False,True,False,False,False,False,False,True,False,False,False
27.0,55.55555556,7.407407407,93.44,0.071428571,1.0,0.0,0.0,28,0,False,False,False,False,False,False,True,False,True,False,False
40.0,75.0,7.5,44.54,0.0,1.0,0.0,0.0,0,-122,False,True,False,False,False,False,False,False,True,False,False
47.0,12.76595745,0.0,94.41,0.038251366,1.0,0.0,0.0,183,-56,False,False,False,False,False,True,False,False,True,False,False
45.0,4.444444444,2.222222222,51.91,0.0,0.0,0.0,0.0,0,-11,False,False,False,False,True,False,False,False,False,False,True
36.0,58.33333333,2.777777778,74.74,0.0,0.0,0.0,0.0,0,-7,False,False,False,False,True,False,False,False,False,True,False
45.0,0.0,0.0,164.9,0.010582011,0.0,0.0,0.0,189,0,True,False,False,False,False,False,False,False,True,False,False
30.0,0.0,0.0,46.09,0.0,1.0,0.0,0.0,0,0,False,True,False,False,False,False,False,False,True,False,False
37.0,43.24324324,21.62162162,65.65,0.03030303,1.0,0.0,0.0,66,-7,False,False,False,False,False,True,False,False,False,False,True
46.0,2.173913043,0.0,40.0,0.0,1.0,0.0,0.0,0,0,False,False,True,False,False,False,False,True,False,False,False
33.0,24.24242424,6.060606061,40.02,0.0,1.0,0.0,0.0,0,-5,False,True,False,False,False,False,False,False,False,False,True
43.0,6.976744186,0.0,74.07,0.1,1.0,0.0,0.0,20,-9,False,False,False,False,True,False,False,False,True,False,False
0.0,0.0,0.0,93.02,0.0,0.0,0.0,0.0,0,-200,False,False,False,False,False,True,False,False,False,False,True
42.0,23.80952381,4.761904762,54.76,0.0,0.0,0.0,0.0,0,-78,True,False,False,False,False,False,False,False,True,False,False
44.0,0.0,0.0,40.0,0.0,1.0,0.0,0.0,0,0,False,False,True,False,False,False,False,False,False,False,True
20.0,80.0,0.0,57.33,0.0,1.0,0.0,0.0,0,-7,False,False,False,False,False,False,True,False,True,False,False
0.0,0.0,0.0,52.02,0.0,0.0,0.0,0.0,0,-65,False,False,False,False,False,False,True,False,True,False,False
38.0,31.57894737,13.15789474,84.2,0.0,1.0,0.0,0.0,0,-25,False,False,False,False,True,False,False,False,False,True,False
48.0,16.66666667,0.0,70.13,0.009287926,0.0,0.0,0.0,969,-6,False,True,False,False,False,False,False,False,False,True,False
10.0,80.0,10.0,29.0,0.0,1.0,0.0,0.0,0,0,False,False,False,False,True,False,False,False,False,False,True
45.0,2.222222222,0.0,49.95,0.0,0.0,0.0,0.0,0,0,False,False,False,False,True,False,False,False,False,False,True
5.0,60.0,0.0,40.02,0.0,1.0,0.0,0.0,0,0,False,False,False,False,True,False,False,False,True,False,False
43.0,13.95348837,6.976744186,47.35,0.222222222,0.0,0.0,0.0,9,-13,True,False,False,False,False,False,False,False,True,False,False
46.0,10.86956522,2.173913043,75.48,0.023809524,1.0,0.0,0.0,168,-2,False,True,False,False,False,False,False,False,False,True,False
45.0,0.0,0.0,4.99,0.0,0.0,0.0,0.0,0,0,False,False,False,False,False,True,False,True,False,False,False
48.0,0.0,0.0,67.25,0.0178571428571429,0.0,0.0,0.0,616,0,False,False,False,False,False,True,False,False,True,False,False
45.0,0.0,0.0,80.48,0.0,0.0,0.0,0.0,0,0,False,False,False,False,False,True,False,False,True,False,False
43.0,0.0,0.0,40.02,0.0,1.0,0.0,0.0,0,0,False,False,False,False,True,False,False,False,False,False,True
40.0,27.5,7.5,90.04,0.064935065,0.0,0.0,0.0,77,-760,False,False,False,False,True,False,False,False,False,True,False
38.0,28.94736842,0.0,72.85,0.012145749,0.0,0.0,0.0,247,-8,False,True,False,False,False,False,False,False,True,False,False
52.0,40.38461538,19.23076923,55.86,0.121951219512195,1.0,0.0,0.0,164,-14,True,False,False,False,False,False,False,False,False,False,True
43.0,0.0,0.0,52.16,0.0,0.0,0.0,0.0,0,0,False,False,False,False,False,False,True,False,True,False,False
27.0,22.22222222,11.11111111,25.0,0.0,1.0,0.0,1.0,0,0,False,False,False,False,False,False,True,False,False,False,True
45.0,17.77777778,0.0,44.94,0.008474576,1.0,0.0,0.0,236,-28,False,False,False,False,True,False,False,False,False,True,False
35.0,8.571428571,2.857142857,43.15,0.0,1.0,0.0,0.0,0,0,True,False,False,False,False,False,False,False,False,True,False
45.0,0.0,0.0,41.49,0.007317073,0.0,0.0,0.0,410,-11,False,True,False,False,False,False,False,False,False,True,False
38.0,5.263157895,0.0,40.25,0.0,1.0,0.0,0.0,0,-30,False,False,False,False,False,True,False,False,True,False,False
6.0,33.33333333,0.0,31.0,0.0,1.0,0.0,0.0,0,0,False,False,False,False,False,True,False,False,False,False,True
16.0,0.0,0.0,38.78,0.0,0.0,0.0,0.0,0,-17,False,False,False,False,False,True,False,False,False,True,False
47.0,4.255319149,2.127659574,57.46,0.008592911,0.0,0.0,0.0,931,-3,False,False,False,False,False,False,True,False,False,True,False
46.0,26.08695652,17.39130435,36.51,0.1,0.0,1.0,0.0,50,-1026,True,False,False,False,False,False,False,False,True,False,False
1.0,100.0,100.0,92.0,0.0,1.0,0.0,0.0,0,-33,False,False,False,False,False,False,True,False,True,False,False
49.0,14.28571429,8.163265306,36.96,0.015625,1.0,0.0,0.0,128,-3,False,True,False,False,False,False,False,False,True,False,False
28.0,39.28571429,3.571428571,40.02,0.0,1.0,1.0,0.0,0,0,False,False,False,False,True,False,False,False,False,True,False
27.0,40.74074074,11.11111111,35.0,0.0,1.0,0.0,0.0,0,0,False,False,False,False,False,True,False,False,False,False,True
0.0,0.0,0.0,40.0,0.0,1.0,0.0,0.0,0,0,False,False,True,False,False,False,False,True,False,False,False
53.0,20.75471698,5.660377358,76.07,0.0079260237780713,0.0,0.0,0.0,757,0,False,False,False,False,False,False,True,False,False,True,False
2.0,100.0,0.0,40.4,0.0,1.0,0.0,0.0,0,-1,False,True,False,False,False,False,False,False,True,False,False
42.0,4.761904762,2.380952381,45.02,0.0,1.0,0.0,0.0,0,0,False,False,False,False,True,False,False,False,False,True,False
14.0,21.42857143,14.28571429,40.02,0.0,1.0,0.0,0.0,0,-29,False,True,False,False,False,False,False,False,False,True,False
29.0,37.93103448,6.896551724,51.96,0.0,1.0,0.0,0.0,0,0,False,False,False,False,False,False,True,False,False,False,True
42.0,16.66666667,2.380952381,123.62,0.0,0.0,0.0,0.0,0,-26,True,False,False,False,False,False,False,False,False,True,False
35.0,54.28571429,11.42857143,161.74,0.027322404,1.0,0.0,0.0,183,-11,False,False,False,False,False,False,True,False,False,True,False
20.0,45.0,10.0,35.02,0.0,1.0,0.0,0.0,0,0,False,False,False,False,False,False,True,False,False,True,False
34.0,0.0,0.0,40.02,0.0,1.0,0.0,0.0,0,0,False,True,False,False,False,False,False,False,True,False,False
51.0,15.68627451,5.882352941,130.26,0.075862069,0.0,0.0,0.0,435,0,False,False,True,False,False,False,False,False,False,False,True
26.0,0.0,0.0,36.97,0.0,1.0,0.0,1.0,0,0,False,True,False,False,False,False,False,False,False,False,True
50.0,22.0,12.0,48.11,0.008281573,0.0,0.0,0.0,483,0,False,False,False,False,True,False,False,False,True,False,False
40.0,30.0,20.0,54.66,0.085714286,0.0,0.0,0.0,35,-156,False,False,True,False,False,False,False,True,False,False,False
32.0,6.25,3.125,40.02,0.0,1.0,0.0,0.0,0,0,False,True,False,False,False,False,False,False,True,False,False
18.0,50.0,11.11111111,40.02,0.0,1.0,0.0,0.0,0,0,False,False,False,False,False,False,True,False,True,False,False
47.0,10.63829787,2.127659574,29.92,0.0,1.0,0.0,0.0,0,-34,True,False,False,False,False,False,False,False,False,False,True
31.0,3.225806452,0.0,40.0,0.0,1.0,0.0,1.0,0,-19,False,True,False,False,False,False,False,False,False,False,True
47.0,0.0,0.0,163.91,0.024509804,0.0,0.0,0.0,204,0,True,False,False,False,False,False,False,False,False,True,False
39.0,12.82051282,5.128205128,79.83,0.0,1.0,0.0,0.0,0,-34,False,True,False,False,False,False,False,False,False,True,False
0.0,0.0,0.0,63.54,0.0,0.0,0.0,0.0,0,-1,False,False,False,False,False,True,False,False,True,False,False
4.0,0.0,0.0,40.02,0.0,1.0,0.0,0.0,0,0,False,False,False,False,True,False,False,False,True,False,False
41.0,2.43902439,2.43902439,40.02,0.0,1.0,0.0,0.0,0,0,False,False,False,False,True,False,False,False,True,False,False
36.0,0.0,0.0,40.0,0.0,1.0,0.0,0.0,0,0,False,False,False,False,False,False,True,False,False,False,True
30.0,3.333333333,0.0,59.55,0.166666667,1.0,0.0,0.0,18,0,False,False,False,False,False,True,False,False,False,False,True
0.0,0.0,0.0,45.79,0.0,0.0,0.0,0.0,0,-57,False,False,True,False,False,False,False,True,False,False,False
37.0,0.0,0.0,40.02,0.0,1.0,1.0,0.0,0,0,True,False,False,False,False,False,False,False,True,False,False
31.0,96.77419355,3.225806452,52.38,0.011472275,0.0,0.0,0.0,523,-426,False,True,False,False,False,False,False,False,False,True,False
37.0,40.54054054,0.0,35.39,0.071428571,1.0,1.0,0.0,28,0,False,False,False,False,True,False,False,False,True,False,False
0.0,0.0,0.0,59.76,0.0,0.0,0.0,0.0,0,0,True,False,False,False,False,False,False,False,False,True,False
0.0,0.0,0.0,57.02,0.0,0.0,0.0,0.0,0,0,False,False,False,False,False,False,True,False,True,False,False
39.0,12.82051282,5.128205128,47.11,0.0,1.0,0.0,0.0,0,-28,False,True,False,False,False,False,False,False,True,False,False
0.0,0.0,0.0,7.18,0.0,0.0,0.0,0.0,0,0,False,False,False,False,False,False,True,False,False,True,False
50.0,34.0,12.0,50.68,0.037974684,1.0,0.0,0.0,79,-22,False,False,False,False,False,True,False,False,False,False,True
38.0,13.15789474,2.631578947,55.0,0.0,1.0,0.0,0.0,0,-30,False,False,False,False,False,True,False,False,False,False,True
13.0,38.46153846,7.692307692,31.0,0.0,1.0,0.0,0.0,0,0,False,False,True,False,False,False,False,True,False,False,False
42.0,26.19047619,7.142857143,60.54,0.0,1.0,0.0,0.0,0,-16,True,False,False,False,False,False,False,False,False,False,True
45.0,0.0,0.0,42.82,0.0,0.0,0.0,0.0,0,-56,False,False,False,False,False,False,True,False,False,True,False
42.0,28.57142857,2.380952381,57.5,0.0,0.0,0.0,0.0,0,-121,False,False,False,False,False,True,False,False,False,True,False
0.0,0.0,0.0,155.74,0.5,0.0,0.0,0.0,14,-30,False,True,False,False,False,False,False,False,True,False,False
18.0,0.0,0.0,43.61,0.038461538,0.0,0.0,0.0,104,-7,False,False,False,False,False,True,False,False,False,True,False
0.0,0.0,0.0,50.06,0.285714286,0.0,0.0,0.0,7,0,False,False,False,False,False,False,True,False,False,True,False
16.0,0.0,0.0,26.96,0.0,0.0,0.0,0.0,0,0,False,True,False,False,False,False,False,False,False,True,False
43.0,6.976744186,2.325581395,98.12,0.0,0.0,0.0,0.0,0,-112,False,True,False,False,False,False,False,False,True,False,False
47.0,0.0,0.0,25.24,0.057603687,0.0,0.0,0.0,434,0,False,False,False,False,False,True,False,False,True,False,False
26.0,19.23076923,7.692307692,40.02,0.0,1.0,1.0,0.0,0,0,False,False,True,False,False,False,False,False,False,False,True
21.0,4.761904762,0.0,46.65,0.086956522,0.0,0.0,0.0,23,0,False,False,False,False,False,False,True,False,False,False,True
42.0,33.33333333,0.0,51.61,0.0,1.0,0.0,0.0,0,0,True,False,False,False,False,False,False,False,True,False,False
37.0,29.72972973,10.81081081,40.02,0.0,1.0,0.0,0.0,0,0,False,False,False,False,True,False,False,False,True,False,False
34.0,32.35294118,17.64705882,129.79,0.046511628,1.0,0.0,0.0,43,0,False,False,False,False,True,False,False,False,False,False,True
2.0,100.0,0.0,40.02,0.0,1.0,0.0,0.0,0,-4,False,True,False,False,False,False,False,False,True,False,False
0.0,0.0,0.0,251.67,0.01509434,0.0,0.0,0.0,265,-472,False,False,False,False,False,False,True,False,False,True,False
11.0,27.27272727,9.090909091,32.9,0.0,0.0,0.0,0.0,0,0,False,False,False,False,True,False,False,False,False,False,True
43.0,4.651162791,0.0,104.3,0.0,1.0,0.0,0.0,0,-9,False,True,False,False,False,False,False,False,False,True,False
47.0,6.382978723,6.382978723,163.33,0.059259259,1.0,0.0,1.0,135,0,False,True,False,False,False,False,False,False,False,False,True
291.0,87.62886598,14.43298969,57.25,0.0460199004975124,1.0,0.0,0.0,804,-226,False,False,False,False,False,False,True,False,False,True,False
16.0,0.0,0.0,69.21,0.0,1.0,0.0,0.0,0,-11,True,False,False,False,False,False,False,False,False,True,False
6.0,83.33333333,50.0,36.95,0.0,1.0,1.0,0.0,0,0,True,False,False,False,False,False,False,True,False,False,False
51.0,1.960784314,0.0,63.53,0.020018198,0.0,0.0,0.0,1099,-83,False,False,False,False,False,False,True,False,False,True,False
47.0,4.255319149,0.0,100.87,0.049382716,0.0,0.0,0.0,243,-107,False,False,False,False,False,False,True,False,False,True,False
38.0,15.78947368,10.52631579,40.02,0.0,1.0,1.0,0.0,0,0,False,True,False,False,False,False,False,False,False,True,False
8.0,87.5,50.0,52.25,0.142857143,1.0,0.0,0.0,14,0,False,False,True,False,False,False,False,True,False,False,False
39.0,7.692307692,2.564102564,40.02,0.0,1.0,0.0,0.0,0,0,False,False,True,False,False,False,False,False,False,False,True
24.0,41.66666667,4.166666667,35.0,0.0,1.0,0.0,0.0,0,0,False,False,False,False,False,True,False,False,False,False,True
32.0,15.625,0.0,64.7,0.135416667,1.0,0.0,0.0,96,0,False,False,False,False,False,True,False,False,False,False,True
0.0,0.0,0.0,34.06,0.214285714,0.0,0.0,0.0,14,0,False,False,False,False,False,True,False,False,False,True,False
20.0,55.0,5.0,40.02,0.0,1.0,0.0,0.0,0,-56,True,False,False,False,False,False,False,False,True,False,False
54.0,5.555555556,3.703703704,77.78,0.072289157,1.0,0.0,0.0,166,-34,False,True,False,False,False,False,False,False,False,True,False
17.0,64.70588235,23.52941176,31.0,0.0,1.0,0.0,0.0,0,0,True,False,False,False,False,False,False,False,False,False,True
0.0,0.0,0.0,96.83,0.021352313,1.0,0.0,0.0,281,0,False,False,False,False,False,True,False,False,True,False,False
45.0,2.222222222,0.0,100.38,0.0,1.0,0.0,0.0,0,0,False,False,False,False,True,False,False,False,False,True,False
62.0,77.41935484,3.225806452,71.93,0.081570996978852,1.0,1.0,0.0,331,0,False,True,False,False,False,False,False,False,False,True,False
0.0,0.0,0.0,49.26,0.0,0.0,0.0,0.0,0,-14,False,True,False,False,False,False,False,False,True,False,False
4.0,50.0,0.0,40.02,0.0,1.0,0.0,0.0,0,0,True,False,False,False,False,False,False,False,False,True,False
34.0,2.941176471,0.0,56.54,0.0,1.0,0.0,0.0,0,-80,False,False,False,False,False,True,False,False,False,True,False
47.0,2.127659574,0.0,68.87,0.011111111,0.0,0.0,0.0,360,-496,False,False,False,False,False,False,True,False,False,True,False
2.0,0.0,0.0,40.02,0.0,1.0,0.0,0.0,0,0,False,True,False,False,False,False,False,False,True,False,False
32.0,68.75,28.125,192.83,0.075949367,1.0,0.0,0.0,79,-6,True,False,False,False,False,False,False,False,True,False,False
33.0,72.72727273,6.060606061,69.98,0.0,1.0,0.0,0.0,0,-18,False,False,False,False,False,False,True,False,False,False,True
4.0,25.0,0.0,40.02,0.0,1.0,0.0,0.0,0,0,False,True,False,False,False,False,False,False,True,False,False
2.0,0.0,0.0,40.02,0.0,0.0,0.0,0.0,0,0,True,False,False,False,False,False,False,False,False,True,False
35.0,54.28571429,8.571428571,53.0,0.0,1.0,0.0,0.0,0,-17,True,False,False,False,False,False,False,False,False,False,True
32.0,50.0,18.75,51.2,0.0,1.0,0.0,0.0,0,-8,False,False,False,False,False,False,True,False,True,False,False
28.0,14.28571429,10.71428571,73.73,0.0,1.0,0.0,0.0,0,-8,False,False,False,False,False,True,False,False,False,True,False
34.0,8.823529412,0.0,37.17,0.0,1.0,0.0,0.0,0,0,False,False,False,False,True,False,False,True,False,False,False
45.0,0.0,0.0,52.35,0.0,0.0,0.0,0.0,0,-50,False,True,False,False,False,False,False,False,False,True,False
46.0,13.04347826,6.52173913,62.84,0.021505376344086,0.0,0.0,0.0,279,-279,False,False,False,False,False,False,True,False,False,True,False
39.0,51.28205128,10.25641026,101.14,0.017057569,0.0,0.0,0.0,469,-8,False,False,False,False,False,True,False,False,False,True,False
11.0,100.0,45.45454545,41.61,0.666666667,1.0,0.0,0.0,3,0,False,True,False,False,False,False,False,False,False,True,False
45.0,22.22222222,0.0,137.78,0.0428571428571429,0.0,0.0,0.0,560,-58,False,True,False,False,False,False,False,False,False,True,False
33.0,9.090909091,0.0,43.44,0.142857143,0.0,0.0,0.0,14,-95,False,False,False,False,False,True,False,False,False,False,True
41.0,17.07317073,9.756097561,37.52,0.075757576,1.0,1.0,1.0,66,0,False,False,False,False,False,True,False,False,True,False,False
26.0,34.61538462,11.53846154,35.0,0.0,1.0,0.0,0.0,0,0,False,False,False,False,False,True,False,False,False,False,True
20.0,70.0,15.0,40.02,0.0,1.0,0.0,0.0,0,0,False,False,False,False,False,True,False,False,False,False,True
6.0,50.0,16.66666667,40.02,0.0,1.0,0.0,0.0,0,0,False,False,False,False,True,False,False,False,False,True,False
51.0,11.76470588,1.960784314,71.59,0.048234281,1.0,0.0,0.0,1161,-43,False,True,False,False,False,False,False,False,False,True,False
7.0,71.42857143,0.0,143.41,0.060667341,0.0,0.0,1.0,989,-231,False,False,False,False,False,False,True,False,False,True,False
43.0,6.976744186,2.325581395,45.94,0.0,1.0,0.0,0.0,0,-2,True,False,False,False,False,False,False,False,False,False,True
30.0,40.0,3.333333333,69.07,0.071428571,1.0,0.0,0.0,56,0,False,False,False,False,False,True,False,True,False,False,False
35.0,42.85714286,0.0,16.73,0.0,1.0,0.0,0.0,0,0,False,False,False,False,False,False,True,False,True,False,False
22.0,40.90909091,9.090909091,47.26,0.125,1.0,0.0,0.0,16,0,False,False,True,False,False,False,False,False,False,False,True
43.0,18.60465116,4.651162791,57.74,0.0,0.0,0.0,0.0,0,0,False,False,False,False,True,False,False,False,False,True,False
48.0,18.75,4.166666667,82.87,0.0,0.0,0.0,0.0,0,-437,False,True,False,False,False,False,False,False,False,True,False
30.0,23.33333333,0.0,61.83,0.0,0.0,1.0,1.0,0,-294,False,False,False,False,False,True,False,False,False,False,True
45.0,11.11111111,2.222222222,7.96,0.0,0.0,0.0,0.0,0,0,False,True,False,False,False,False,False,False,False,True,False
28.0,10.71428571,0.0,40.02,0.0,1.0,1.0,0.0,0,0,False,True,False,False,False,False,False,False,True,False,False
16.0,0.0,0.0,100.3,0.0,0.0,0.0,0.0,0,-247,False,False,False,False,False,False,True,False,False,True,False
34.0,20.58823529,5.882352941,74.74,0.0,1.0,1.0,0.0,0,-13,False,False,False,False,False,True,False,False,True,False,False
45.0,6.666666667,0.0,46.35,0.285714286,0.0,0.0,0.0,7,-1,False,False,False,False,False,False,True,False,False,True,False
26.0,19.23076923,19.23076923,35.0,0.0,1.0,0.0,0.0,0,0,False,False,False,False,True,False,False,False,False,False,True
42.0,35.71428571,2.380952381,40.02,0.0,1.0,0.0,0.0,0,0,False,True,False,False,False,False,False,False,False,True,False
41.0,75.6097561,4.87804878,77.5,0.0826771653543307,0.0,0.0,1.0,254,-2,False,False,True,False,False,False,False,True,False,False,False
37.0,27.02702703,18.91891892,52.16,0.065217391,1.0,1.0,0.0,46,0,False,True,False,False,False,False,False,False,False,True,False
26.0,34.61538462,3.846153846,71.59,0.142857143,1.0,0.0,0.0,14,-6,False,False,False,False,False,True,False,True,False,False,False
43.0,23.25581395,0.0,40.02,0.0,0.0,0.0,0.0,0,-906,False,False,False,False,False,True,False,False,True,False,False
43.0,18.60465116,6.976744186,78.69,0.015873016,0.0,0.0,0.0,189,0,False,False,False,False,False,True,False,False,True,False,False
5.0,80.0,20.0,67.55,0.0330033,1.0,0.0,0.0,303,-183,False,False,True,False,False,False,False,False,False,False,True
40.0,7.5,2.5,35.5,0.058823529,1.0,0.0,0.0,34,0,True,False,False,False,False,False,False,False,False,False,True
30.0,3.333333333,0.0,40.13,0.0,1.0,1.0,0.0,0,0,True,False,False,False,False,False,False,False,False,False,True
2.0,50.0,0.0,51.36,0.102040816,0.0,0.0,0.0,49,0,False,False,False,False,False,True,False,False,False,True,False
24.0,12.5,0.0,45.02,0.0,1.0,0.0,0.0,0,-60,False,False,False,False,False,True,False,False,True,False,False
12.0,41.66666667,33.33333333,54.24,0.333333333333333,1.0,1.0,0.0,6,0,False,False,True,False,False,False,False,True,False,False,False
18.0,0.0,0.0,51.36,0.0405405405405405,0.0,0.0,0.0,148,-11,False,False,False,False,False,False,True,False,False,True,False
6.0,33.33333333,16.66666667,73.06,0.0,0.0,0.0,0.0,0,-11,False,False,False,False,False,True,False,False,False,False,True
43.0,2.325581395,2.325581395,63.85,0.0,1.0,0.0,0.0,0,-1,False,True,False,False,False,False,False,False,True,False,False
43.0,9.302325581,0.0,51.15,0.0,1.0,0.0,0.0,0,-22,False,False,False,False,True,False,False,False,False,False,True
33.0,12.12121212,0.0,92.36,0.0,1.0,0.0,0.0,0,0,True,False,False,False,False,False,False,False,True,False,False
16.0,0.0,0.0,50.68,0.0,0.0,0.0,0.0,0,-65,False,True,False,False,False,False,False,False,False,True,False
0.0,0.0,0.0,43.54,0.0,0.0,0.0,0.0,0,0,False,False,False,False,False,True,False,False,True,False,False
45.0,0.0,0.0,45.1,0.0,0.0,0.0,0.0,0,0,False,False,False,False,True,False,False,False,True,False,False
0.0,0.0,0.0,32.54,0.163043478,0.0,0.0,0.0,276,-28,True,False,False,False,False,False,False,False,False,True,False
4.0,0.0,0.0,40.25,0.0,1.0,0.0,0.0,0,0,False,False,False,False,False,True,False,False,True,False,False
16.0,0.0,0.0,69.28,0.0,0.0,0.0,0.0,0,-13,False,False,False,False,False,False,True,False,False,True,False
42.0,4.761904762,0.0,40.02,0.0,1.0,0.0,0.0,0,-6,True,False,False,False,False,False,False,False,False,True,False
35.0,5.714285714,0.0,40.02,0.0,1.0,0.0,0.0,0,0,False,False,False,False,False,False,True,False,False,False,True
50.0,28.0,10.0,135.03,0.060185185,0.0,0.0,0.0,864,-8,False,False,False,False,False,False,True,False,True,False,False
20.0,50.0,15.0,54.64,0.1,1.0,0.0,0.0,20,-1,False,False,False,False,False,True,False,False,False,True,False
22.0,13.63636364,0.0,40.02,0.0,1.0,0.0,0.0,0,0,False,True,False,False,False,False,False,False,False,True,False
14.0,7.142857143,0.0,41.62,0.076923077,0.0,0.0,0.0,26,0,False,False,False,True,False,False,False,False,False,False,True
32.0,28.125,12.5,47.5,0.166666667,1.0,1.0,0.0,36,0,False,True,False,False,False,False,False,False,True,False,False
43.0,9.302325581,0.0,40.02,0.0,1.0,0.0,0.0,0,0,False,True,False,False,False,False,False,False,False,True,False
0.0,0.0,0.0,63.67,0.0,0.0,0.0,0.0,0,-1,True,False,False,False,False,False,False,False,False,True,False
20.0,20.0,5.0,40.2,0.0,1.0,0.0,0.0,0,-3,True,False,False,False,False,False,False,False,True,False,False
4.0,75.0,0.0,40.02,0.0,1.0,0.0,0.0,0,-1,False,True,False,False,False,False,False,False,False,True,False
34.0,0.0,0.0,40.02,0.0,1.0,0.0,0.0,0,0,False,False,False,False,False,True,False,False,True,False,False
28.0,64.28571429,0.0,43.85,0.071428571,0.0,0.0,0.0,70,12,False,False,False,True,False,False,False,True,False,False,False
55.0,21.81818182,7.272727273,33.92,0.076142132,1.0,1.0,0.0,197,-16,False,False,False,False,False,False,True,False,True,False,False
0.0,0.0,0.0,40.0,0.0,1.0,0.0,0.0,0,0,False,False,True,False,False,False,False,False,False,False,True
52.0,5.769230769,3.846153846,46.22,0.030981067,0.0,1.0,0.0,581,0,False,False,False,False,False,False,True,False,False,True,False
37.0,2.702702703,0.0,51.18,0.166666667,0.0,0.0,0.0,12,-163,True,False,False,False,False,False,False,False,True,False,False
21.0,0.0,0.0,29.02,0.0,1.0,0.0,0.0,0,0,False,False,False,False,False,True,False,False,False,False,True
43.0,13.95348837,4.651162791,52.57,0.0,0.0,0.0,0.0,0,-157,False,False,False,False,False,True,False,False,True,False,False
30.0,60.0,0.0,82.76,0.0,1.0,0.0,0.0,0,0,False,False,False,False,False,True,False,True,False,False,False
2.0,0.0,0.0,40.25,0.0,1.0,0.0,0.0,0,0,False,False,False,False,False,True,False,False,True,False,False
0.0,0.0,0.0,51.38,0.0,0.0,0.0,0.0,0,0,False,True,False,False,False,False,False,False,False,True,False
41.0,34.14634146,4.87804878,273.67,0.0227272727272727,0.0,0.0,0.0,132,-1,False,True,False,False,False,False,False,False,True,False,False
30.0,76.66666667,6.666666667,36.22,0.0,1.0,0.0,0.0,0,-30,False,False,False,False,False,True,False,False,False,False,True
37.0,0.0,0.0,40.02,0.0,1.0,0.0,0.0,0,0,False,False,False,False,True,False,False,False,False,True,False
45.0,0.0,0.0,49.55,0.0,1.0,0.0,0.0,0,-25,True,False,False,False,False,False,False,False,True,False,False
44.0,9.090909091,4.545454545,102.22,0.0,0.0,0.0,0.0,0,-11,False,False,False,False,False,True,False,False,False,True,False
0.0,0.0,0.0,66.47,0.0,1.0,0.0,0.0,0,0,False,False,False,False,False,True,False,False,False,False,True
46.0,6.52173913,0.0,101.18,0.0,0.0,0.0,0.0,0,-299,False,False,False,False,False,False,True,False,False,False,True
47.0,4.255319149,2.127659574,161.71,0.053571429,1.0,0.0,0.0,56,0,False,False,True,False,False,False,False,True,False,False,False
3.0,66.66666667,0.0,110.39,0.03187251,1.0,0.0,0.0,251,-1,False,False,False,False,True,False,False,False,True,False,False
32.0,0.0,0.0,62.16,0.0,1.0,0.0,0.0,0,0,False,False,False,False,False,False,True,False,True,False,False
24.0,66.66666667,8.333333333,48.53,0.0769230769230769,1.0,0.0,0.0,26,-1,False,False,False,False,True,False,False,False,False,False,True
0.0,0.0,0.0,38.0,0.166666666666667,0.0,0.0,0.0,12,-441,False,True,False,False,False,False,False,False,False,False,True
29.0,3.448275862,0.0,40.02,0.0,1.0,0.0,0.0,0,0,False,False,False,False,False,False,True,False,True,False,False
45.0,0.0,0.0,67.52,0.0,0.0,0.0,0.0,0,-36,False,True,False,False,False,False,False,False,True,False,False
50.0,58.0,14.0,125.73,0.017429194,1.0,1.0,1.0,918,0,False,False,False,False,False,False,True,False,True,False,False
35.0,62.85714286,0.0,65.31,0.2,1.0,0.0,0.0,10,-12,False,True,False,False,False,False,False,False,False,True,False
45.0,15.55555556,0.0,22.5,0.097560976,1.0,1.0,1.0,41,-42,False,False,True,False,False,False,False,True,False,False,False
29.0,0.0,0.0,40.25,0.0,1.0,0.0,0.0,0,0,False,False,False,False,False,True,False,False,False,True,False
50.0,0.0,0.0,54.87,0.068331143,1.0,1.0,0.0,761,-1,False,True,False,False,False,False,False,False,False,True,False
15.0,33.33333333,13.33333333,40.02,0.0,1.0,0.0,0.0,0,0,False,False,False,False,False,True,False,False,False,True,False
49.0,10.20408163,4.081632653,146.58,0.0,1.0,0.0,0.0,0,-25,False,False,False,False,True,False,False,False,False,True,False
45.0,2.222222222,0.0,51.54,0.0,0.0,0.0,0.0,0,0,False,True,False,False,False,False,False,False,True,False,False
0.0,0.0,0.0,54.05,0.010638298,0.0,0.0,0.0,564,0,True,False,False,False,False,False,False,False,True,False,False
16.0,0.0,0.0,80.99,0.0,0.0,0.0,0.0,0,0,False,False,False,False,False,True,False,False,True,False,False
40.0,55.0,7.5,92.66,0.04784689,0.0,0.0,0.0,209,-1,False,True,False,False,False,False,False,False,False,True,False
41.0,19.51219512,4.87804878,40.02,0.0,1.0,0.0,0.0,0,0,False,False,False,False,True,False,False,False,False,True,False
32.0,0.0,0.0,38.01,0.166666667,1.0,0.0,0.0,12,-6,False,False,False,False,False,True,False,False,True,False,False
11.0,54.54545455,27.27272727,52.88,0.181818182,1.0,0.0,0.0,11,0,True,False,False,False,False,False,False,False,False,False,True
38.0,23.68421053,7.894736842,29.53,0.0,1.0,0.0,0.0,0,-29,False,False,False,False,False,False,True,False,False,False,True
44.0,31.81818182,4.545454545,33.34,0.142857143,0.0,0.0,0.0,14,-1,False,False,False,False,True,False,False,False,True,False,False
36.0,0.0,0.0,36.45,0.0,0.0,0.0,0.0,0,5,False,False,False,True,False,False,False,False,False,False,True
40.0,0.0,0.0,54.11,0.0,1.0,0.0,0.0,0,-8,False,False,False,False,False,False,True,False,False,False,True
40.0,60.0,15.0,56.48,0.0851063829787234,1.0,0.0,1.0,141,-59,True,False,False,False,False,False,False,False,False,False,True
0.0,0.0,0.0,75.02,0.0,0.0,0.0,0.0,0,-1,False,False,False,False,True,False,False,False,True,False,False
0.0,0.0,0.0,5.84,0.0,0.0,0.0,0.0,0,0,True,False,False,False,False,False,False,False,False,True,False
44.0,4.545454545,2.272727273,83.67,0.0,0.0,0.0,0.0,0,-83,False,True,False,False,False,False,False,False,False,True,False
45.0,0.0,0.0,97.5,0.142857143,0.0,0.0,0.0,14,-147,False,True,False,False,False,False,False,False,True,False,False
16.0,0.0,0.0,75.45,0.005736138,1.0,0.0,0.0,523,0,False,True,False,False,False,False,False,False,False,True,False
36.0,50.0,5.555555556,92.67,0.0,1.0,0.0,0.0,0,-190,False,False,False,False,False,False,True,False,True,False,False
9.0,22.22222222,0.0,40.02,0.0,1.0,0.0,0.0,0,0,False,True,False,False,False,False,False,False,True,False,False
45.0,0.0,0.0,41.0,0.0,1.0,0.0,0.0,0,-10,False,False,False,False,True,False,False,False,True,False,False
8.0,87.5,25.0,46.35,0.285714286,1.0,1.0,0.0,7,0,False,False,False,False,False,True,False,False,False,True,False
13.0,30.76923077,15.38461538,44.79,0.0,1.0,0.0,0.0,0,-7,False,True,False,False,False,False,False,True,False,False,False
41.0,46.34146341,12.19512195,59.66,0.0,0.0,0.0,0.0,0,-411,False,False,False,False,False,False,True,False,False,False,True
36.0,5.555555556,5.555555556,29.84,0.0,1.0,0.0,0.0,0,-11,True,False,False,False,False,False,False,False,False,False,True
58.0,32.75862069,5.172413793,37.3,0.0562249,0.0,0.0,0.0,249,-1,False,False,False,False,False,True,False,False,True,False,False
48.0,4.166666667,0.0,66.05,0.017241379,1.0,0.0,0.0,116,-10,False,False,False,False,True,False,False,True,False,False,False
8.0,62.5,12.5,40.0,0.0,1.0,1.0,0.0,0,-4,False,False,False,False,False,False,True,True,False,False,False
30.0,0.0,0.0,49.46,0.0,1.0,0.0,0.0,0,-6,False,False,False,False,False,True,False,False,False,True,False
40.0,15.0,7.5,40.0,0.0,1.0,1.0,0.0,0,0,False,False,False,False,False,True,False,False,False,False,True
44.0,2.272727273,2.272727273,26.11,0.0,0.0,0.0,0.0,0,-209,True,False,False,False,False,False,False,False,False,True,False
16.0,0.0,0.0,52.62,0.0,0.0,0.0,0.0,0,-5,True,False,False,False,False,False,False,False,False,True,False
34.0,11.76470588,0.0,48.71,0.25,1.0,0.0,0.0,8,0,False,False,False,False,False,True,False,False,False,False,True
45.0,0.0,0.0,53.5,0.0,0.0,0.0,0.0,0,0,False,False,False,False,False,True,False,False,False,False,True
16.0,0.0,0.0,52.18,0.0,0.0,0.0,0.0,0,-12,False,False,False,False,False,False,True,False,True,False,False
8.0,62.5,25.0,40.02,0.0,1.0,0.0,0.0,0,0,False,True,False,False,False,False,False,False,False,True,False
28.0,32.14285714,10.71428571,40.02,0.0,1.0,1.0,0.0,0,0,True,False,False,False,False,False,False,False,False,True,False
32.0,0.0,0.0,52.77,0.0,1.0,0.0,0.0,0,-1,False,False,False,False,False,True,False,False,True,False,False
17.0,29.41176471,11.76470588,54.65,0.0,1.0,0.0,0.0,0,-23,True,False,False,False,False,False,False,False,False,False,True
46.0,6.52173913,0.0,115.25,0.0,1.0,0.0,0.0,0,-50,False,True,False,False,False,False,False,False,False,True,False
43.0,16.27906977,9.302325581,75.73,0.0,1.0,0.0,0.0,0,-25,False,False,False,False,False,False,True,False,False,False,True
26.0,11.53846154,7.692307692,40.02,0.0,1.0,0.0,0.0,0,0,False,False,False,False,False,False,True,False,True,False,False
30.0,0.0,0.0,76.24,0.0,1.0,1.0,0.0,0,0,True,False,False,False,False,False,False,False,True,False,False
2.0,0.0,0.0,40.02,0.0,1.0,0.0,0.0,0,0,False,False,False,False,True,False,False,False,True,False,False
48.0,0.0,0.0,125.13,0.0384615384615385,0.0,0.0,0.0,182,0,False,True,False,False,False,False,False,False,False,True,False
9.0,22.22222222,0.0,40.02,0.0,0.0,1.0,0.0,0,0,False,True,False,False,False,False,False,False,False,True,False
46.0,15.2173913,0.0,53.3,0.0,1.0,0.0,0.0,0,-10,False,False,False,False,False,True,False,True,False,False,False
52.0,40.38461538,5.769230769,57.88,0.02384106,0.0,1.0,0.0,755,-360,False,True,False,False,False,False,False,False,True,False,False
0.0,0.0,0.0,41.06,0.0,0.0,0.0,0.0,0,-432,False,False,False,False,False,True,False,True,False,False,False
49.0,24.48979592,14.28571429,40.02,0.0,1.0,1.0,0.0,0,-6,False,True,False,False,False,False,False,False,True,False,False
2.0,50.0,50.0,40.02,0.0,0.0,0.0,0.0,0,0,True,False,False,False,False,False,False,False,True,False,False
2.0,50.0,0.0,92.05,0.032634033,1.0,0.0,0.0,858,-5,False,False,False,False,False,False,True,False,False,True,False
44.0,11.36363636,0.0,26.24,0.4,0.0,0.0,0.0,5,-30,False,False,False,False,True,False,False,False,False,True,False
44.0,9.090909091,0.0,50.53,0.0,0.0,0.0,0.0,0,0,False,False,False,False,False,False,True,False,True,False,False
43.0,20.93023256,2.325581395,52.96,0.0,1.0,0.0,0.0,0,-93,False,True,False,False,False,False,False,False,False,False,True
8.0,75.0,25.0,38.13,0.0,1.0,0.0,0.0,0,0,False,False,False,False,False,True,False,False,True,False,False
44.0,45.45454545,9.090909091,62.01,0.009320905,0.0,1.0,0.0,751,-2,False,True,False,False,False,False,False,False,False,True,False
28.0,25.0,0.0,50.69,0.0,1.0,0.0,0.0,0,0,False,False,False,False,False,True,False,False,False,True,False
37.0,5.405405405,5.405405405,19.74,0.0,1.0,0.0,0.0,0,-16,False,True,False,False,False,False,False,False,False,False,True
48.0,0.0,0.0,148.3,0.022522523,0.0,0.0,0.0,222,-26,False,False,False,False,True,False,False,False,False,True,False
30.0,13.33333333,3.333333333,149.93,0.0,1.0,0.0,0.0,0,-4,False,False,False,False,True,False,False,False,False,False,True
34.0,5.882352941,2.941176471,40.02,0.0,1.0,0.0,0.0,0,0,False,False,False,False,False,True,False,False,False,False,True
44.0,6.818181818,0.0,40.5,0.0,1.0,0.0,0.0,0,-6,False,False,False,False,False,True,False,False,False,False,True
36.0,2.777777778,2.777777778,85.39,0.060532688,1.0,0.0,0.0,413,12,False,False,False,True,False,False,False,False,False,False,True
45.0,4.444444444,2.222222222,83.12,0.0,0.0,0.0,0.0,0,0,False,False,False,False,True,False,False,False,False,True,False
28.0,7.142857143,0.0,40.02,0.0,1.0,0.0,0.0,0,0,False,True,False,False,False,False,False,False,True,False,False
39.0,12.82051282,5.128205128,49.94,0.0,1.0,1.0,0.0,0,-40,False,True,False,False,False,False,False,False,False,True,False
0.0,0.0,0.0,8.78,0.0,0.0,0.0,0.0,0,0,False,True,False,False,False,False,False,False,False,True,False
49.0,36.73469388,14.28571429,66.59,0.191304348,1.0,1.0,1.0,115,0,False,False,False,False,False,False,True,False,False,False,True
45.0,0.0,0.0,90.09,0.0,1.0,0.0,0.0,0,-26,False,False,True,False,False,False,False,True,False,False,False
35.0,2.857142857,0.0,100.02,0.0,1.0,0.0,0.0,0,-1,False,False,False,False,True,False,False,False,True,False,False
34.0,2.941176471,0.0,40.2,0.0,1.0,0.0,0.0,0,-2,False,True,False,False,False,False,False,False,False,True,False
5.0,60.0,40.0,40.33,0.041420118,1.0,0.0,1.0,169,-4,False,False,False,False,False,True,False,False,False,False,True
0.0,0.0,0.0,110.84,0.0,1.0,0.0,0.0,0,-1,False,False,False,False,False,True,False,False,True,False,False
0.0,0.0,0.0,104.46,0.215909091,0.0,0.0,0.0,88,-95,False,False,False,False,False,False,True,False,False,True,False
32.0,93.75,0.0,32.38,0.0,0.0,0.0,0.0,0,-6,False,False,False,False,False,False,True,False,False,True,False
37.0,8.108108108,2.702702703,31.53,0.0,1.0,0.0,0.0,0,0,False,False,False,False,True,False,False,False,True,False,False
45.0,0.0,0.0,23.83,0.0,0.0,0.0,0.0,0,0,False,False,True,False,False,False,False,True,False,False,False
5.0,40.0,20.0,44.36,0.071428571,1.0,0.0,0.0,28,-7,False,True,False,False,False,False,False,False,True,False,False
25.0,88.0,4.0,40.0,0.0,1.0,0.0,0.0,0,-22,False,False,True,False,False,False,False,False,False,False,True
36.0,5.555555556,2.777777778,29.04,0.0,1.0,0.0,0.0,0,-26,False,True,False,False,False,False,False,False,False,False,True
57.0,22.80701754,12.28070175,93.4,0.127737226,0.0,1.0,0.0,274,-136,False,False,True,False,False,False,False,True,False,False,False
39.0,2.564102564,0.0,40.02,0.0,1.0,0.0,0.0,0,0,True,False,False,False,False,False,False,False,False,True,False
0.0,0.0,0.0,35.99,0.03030303,0.0,0.0,0.0,99,-1,False,False,False,False,True,False,False,False,True,False,False
0.0,0.0,0.0,51.84,0.0,0.0,0.0,0.0,0,0,True,False,False,False,False,False,False,False,False,True,False
35.0,2.857142857,0.0,74.52,0.0,1.0,0.0,0.0,0,-5,False,False,False,False,False,False,True,False,False,False,True
36.0,22.22222222,5.555555556,43.06,0.0,1.0,0.0,0.0,0,-117,False,False,False,False,True,False,False,False,True,False,False
2.0,50.0,0.0,139.25,0.103189493,0.0,0.0,0.0,533,0,False,False,False,False,False,True,False,False,True,False,False
41.0,12.19512195,0.0,40.02,0.0,1.0,1.0,0.0,0,-50,False,False,False,False,True,False,False,False,True,False,False
39.0,28.20512821,7.692307692,49.43,0.0,1.0,1.0,1.0,0,-116,False,False,False,False,False,True,False,False,False,False,True
22.0,0.0,0.0,126.04,0.067932068,1.0,0.0,0.0,1001,-4,False,False,False,False,False,False,True,False,True,False,False
45.0,11.11111111,0.0,51.91,0.095238095,0.0,0.0,0.0,21,0,False,False,False,False,False,False,True,False,False,True,False
44.0,31.81818182,6.818181818,36.72,0.039351852,1.0,0.0,0.0,864,-4,False,False,False,False,False,False,True,False,True,False,False
34.0,41.17647059,14.70588235,51.08,0.111111111,1.0,0.0,0.0,27,-2,True,False,False,False,False,False,False,False,True,False,False
16.0,0.0,0.0,50.53,0.0,0.0,0.0,0.0,0,-5,False,False,False,False,False,True,False,False,True,False,False
25.0,0.0,0.0,40.02,0.0,1.0,0.0,0.0,0,0,True,False,False,False,False,False,False,False,False,True,False
45.0,0.0,0.0,72.9,0.0,0.0,0.0,0.0,0,-25,False,False,False,False,False,True,False,False,False,False,True
21.0,42.85714286,9.523809524,35.02,0.0,1.0,0.0,0.0,0,0,True,False,False,False,False,False,False,False,False,False,True
30.0,90.0,13.33333333,52.29,0.0533333333333333,1.0,0.0,0.0,75,0,False,True,False,False,False,False,False,False,False,False,True
6.0,100.0,33.33333333,58.55,0.056603774,1.0,0.0,0.0,53,-3,False,False,False,False,False,True,False,False,False,True,False
45.0,0.0,0.0,65.74,0.0,0.0,0.0,0.0,0,-8,False,False,False,False,False,True,False,True,False,False,False
39.0,35.8974359,5.128205128,89.81,0.0,0.0,0.0,0.0,0,0,False,False,False,False,False,True,False,False,False,False,True
35.0,2.857142857,0.0,62.52,0.0,0.0,0.0,0.0,0,39,False,False,False,True,False,False,False,False,False,False,True
39.0,15.38461538,0.0,48.25,0.067961165,0.0,0.0,0.0,103,19,False,False,False,True,False,False,False,False,False,False,True
5.0,80.0,40.0,40.02,0.0,1.0,1.0,0.0,0,0,True,False,False,False,False,False,False,False,False,True,False
18.0,0.0,0.0,80.31,0.104166666666667,0.0,0.0,0.0,48,-196,True,False,False,False,False,False,False,False,True,False,False
43.0,20.93023256,0.0,96.72,0.047445255,0.0,0.0,0.0,274,-32,False,False,False,False,False,True,False,False,False,True,False
36.0,38.88888889,8.333333333,44.8,0.15,1.0,0.0,0.0,120,0,False,False,False,False,False,True,False,False,False,True,False
45.0,6.666666667,4.444444444,52.21,0.157894737,0.0,0.0,0.0,57,-4,False,True,False,False,False,False,False,False,True,False,False
27.0,22.22222222,0.0,79.97,0.0,1.0,0.0,0.0,0,0,False,True,False,False,False,False,False,False,False,False,True
16.0,0.0,0.0,61.43,0.071428571,0.0,0.0,0.0,28,-4,True,False,False,False,False,False,False,False,True,False,False
8.0,25.0,12.5,32.06,0.016949153,1.0,0.0,0.0,118,0,False,False,False,False,False,False,True,False,False,False,True
10.0,0.0,0.0,51.67,0.0,1.0,0.0,0.0,0,0,False,False,True,False,False,False,False,True,False,False,False
0.0,0.0,0.0,87.57,0.0,0.0,0.0,0.0,0,-1,False,False,False,False,False,True,False,False,False,False,True
36.0,0.0,0.0,61.95,0.058823529,0.0,0.0,0.0,34,39,False,False,False,True,False,False,False,False,False,False,True
24.0,50.0,4.166666667,1.02,0.0,1.0,0.0,0.0,0,0,False,False,False,False,True,False,False,False,False,True,False
43.0,16.27906977,0.0,63.84,0.1,0.0,0.0,0.0,20,-64,True,False,False,False,False,False,False,False,True,False,False
10.0,100.0,30.0,40.02,0.0,1.0,1.0,0.0,0,-1,False,True,False,False,False,False,False,False,True,False,False
29.0,0.0,0.0,35.0,0.0,1.0,0.0,0.0,0,0,True,False,False,False,False,False,False,False,False,False,True
37.0,2.702702703,2.702702703,144.98,0.0,1.0,0.0,0.0,0,0,False,False,False,False,True,False,False,False,True,False,False
46.0,13.04347826,0.0,70.37,0.0588235294117647,0.0,0.0,0.0,102,0,False,False,False,False,True,False,False,False,False,True,False
44.0,18.18181818,4.545454545,88.64,0.0,1.0,0.0,0.0,0,-1,True,False,False,False,False,False,False,False,False,False,True
6.0,0.0,0.0,40.02,0.0,1.0,1.0,0.0,0,0,False,False,True,False,False,False,False,False,False,False,True
14.0,100.0,7.142857143,102.85,0.111111111,1.0,0.0,0.0,18,-6,False,False,False,False,False,True,False,False,True,False,False
5.0,100.0,40.0,40.02,0.0,1.0,0.0,0.0,0,0,True,False,False,False,False,False,False,False,True,False,False
2.0,50.0,0.0,40.02,0.0,1.0,0.0,0.0,0,0,False,False,False,False,False,True,False,False,False,False,True
0.0,0.0,0.0,141.71,0.666666667,0.0,0.0,0.0,3,-1,False,False,False,False,False,True,False,False,False,True,False
8.0,25.0,0.0,40.02,0.0,1.0,1.0,0.0,0,0,False,False,False,False,False,False,True,False,True,False,False
0.0,0.0,0.0,71.26,0.101265823,0.0,0.0,0.0,79,-6,False,True,False,False,False,False,False,False,False,True,False
47.0,4.255319149,0.0,124.04,0.093167702,0.0,0.0,0.0,322,-218,False,False,False,False,True,False,False,False,False,True,False
25.0,32.0,8.0,62.95,0.0,1.0,0.0,0.0,0,-25,False,True,False,False,False,False,False,True,False,False,False
35.0,8.571428571,0.0,40.02,0.0,1.0,1.0,0.0,0,0,False,False,False,False,False,False,True,False,False,True,False
35.0,0.0,0.0,40.02,0.0,1.0,0.0,0.0,0,0,False,False,False,False,False,True,False,False,False,True,False
23.0,52.17391304,4.347826087,35.0,0.0,1.0,0.0,0.0,0,0,False,False,False,False,False,False,True,False,False,False,True
0.0,0.0,0.0,108.01,0.0,1.0,0.0,0.0,0,-6,True,False,False,False,False,False,False,False,True,False,False
34.0,32.35294118,5.882352941,100.7,0.0,1.0,0.0,0.0,0,-127,False,False,False,False,False,True,False,False,True,False,False
7.0,100.0,14.28571429,40.0,0.0,1.0,0.0,1.0,0,0,False,False,False,False,True,False,False,False,False,False,True
0.0,0.0,0.0,7.86,0.0,0.0,0.0,0.0,0,0,False,False,False,False,False,False,True,False,False,True,False
44.0,6.818181818,2.272727273,49.65,0.107142857142857,1.0,0.0,0.0,28,35,False,False,False,False,True,False,False,False,False,True,False
38.0,10.52631579,2.631578947,30.28,0.0,1.0,0.0,0.0,0,-14,False,True,False,False,False,False,False,False,False,False,True
2.0,100.0,0.0,137.2,0.0,1.0,0.0,0.0,0,-1,False,False,True,False,False,False,False,True,False,False,False
45.0,4.444444444,0.0,41.48,0.003189793,0.0,0.0,0.0,627,0,True,False,False,False,False,False,False,False,True,False,False
27.0,3.703703704,0.0,45.02,0.0,1.0,0.0,0.0,0,0,True,False,False,False,False,False,False,False,True,False,False
49.0,69.3877551,2.040816327,76.47,0.154761904761905,1.0,0.0,0.0,168,-34,False,True,False,False,False,False,False,False,False,False,True
44.0,18.18181818,4.545454545,44.03,0.035714286,1.0,0.0,0.0,84,-6,True,False,False,False,False,False,False,False,False,True,False
16.0,0.0,0.0,61.38,0.0,0.0,0.0,0.0,0,0,True,False,False,False,False,False,False,False,False,True,False
36.0,47.22222222,0.0,35.68,0.0,0.0,0.0,0.0,0,-51,False,False,False,False,False,False,True,False,False,True,False
15.0,13.33333333,0.0,40.02,0.0,1.0,0.0,0.0,0,0,False,False,False,False,False,True,False,False,True,False,False
18.0,38.88888889,0.0,29.02,0.0,1.0,0.0,0.0,0,0,False,False,False,False,True,False,False,False,False,False,True
43.0,6.976744186,4.651162791,40.02,0.0,1.0,0.0,0.0,0,0,False,True,False,False,False,False,False,False,False,True,False
45.0,0.0,0.0,60.08,0.0,0.0,0.0,0.0,0,0,True,False,False,False,False,False,False,False,False,True,False
31.0,9.677419355,0.0,40.02,0.0,1.0,0.0,0.0,0,0,False,True,False,False,False,False,False,False,True,False,False
44.0,18.18181818,4.545454545,47.66,0.0,1.0,0.0,0.0,0,-107,False,True,False,False,False,False,False,False,True,False,False
28.0,25.0,7.142857143,39.95,0.0,1.0,0.0,0.0,0,0,False,True,False,False,False,False,False,False,False,False,True
45.0,20.0,2.222222222,82.83,0.084745763,0.0,0.0,0.0,59,14,False,False,False,False,True,False,False,False,False,False,True
27.0,3.703703704,3.703703704,40.79,0.142857142857143,1.0,0.0,0.0,14,0,False,True,False,False,False,False,False,False,False,False,True
21.0,9.523809524,4.761904762,35.0,0.0,1.0,0.0,0.0,0,0,False,True,False,False,False,False,False,False,False,False,True
36.0,0.0,0.0,15.95,0.0,1.0,0.0,0.0,0,-9,True,False,False,False,False,False,False,False,False,True,False
0.0,0.0,0.0,73.25,0.055727554,0.0,0.0,0.0,323,-69,False,False,False,False,False,True,False,False,True,False,False
20.0,25.0,0.0,46.28,0.0,1.0,0.0,0.0,0,0,False,False,True,False,False,False,False,True,False,False,False
44.0,4.545454545,0.0,50.41,0.0,0.0,0.0,0.0,0,-110,False,False,False,False,False,False,True,False,True,False,False
9.0,88.88888889,22.22222222,29.0,0.0,1.0,0.0,0.0,0,0,True,False,False,False,False,False,False,False,False,False,True
47.0,27.65957447,8.510638298,63.19,0.012552301,0.0,1.0,0.0,239,-148,False,False,False,False,False,False,True,False,False,False,True
34.0,20.58823529,2.941176471,28.98,0.0,1.0,0.0,0.0,0,-11,False,False,False,False,True,False,False,True,False,False,False
17.0,41.17647059,11.76470588,37.94,0.214285714285714,1.0,1.0,0.0,14,-5,False,False,False,False,True,False,False,False,False,True,False
16.0,0.0,0.0,52.35,0.0,0.0,0.0,0.0,0,0,False,False,False,False,False,True,False,False,True,False,False
7.0,42.85714286,14.28571429,40.02,0.0,1.0,0.0,0.0,0,0,False,False,False,False,False,True,False,False,True,False,False
5.0,80.0,0.0,168.67,0.0,1.0,0.0,0.0,0,0,True,False,False,False,False,False,False,False,False,False,True
34.0,23.52941176,11.76470588,68.49,0.0,0.0,0.0,0.0,0,-218,False,False,False,False,False,True,False,False,False,False,True
47.0,0.0,0.0,82.42,0.085714286,1.0,0.0,0.0,350,-92,False,False,False,False,False,True,False,False,True,False,False
55.0,21.81818182,7.272727273,85.26,0.102564103,1.0,1.0,1.0,507,-2,False,False,True,False,False,False,False,False,False,False,True
13.0,46.15384615,0.0,46.69,0.0,1.0,1.0,0.0,0,-10,False,False,False,False,False,True,False,False,True,False,False
0.0,0.0,0.0,38.03,0.0,0.0,0.0,0.0,0,-13,False,False,False,False,False,True,False,False,True,False,False
4.0,25.0,0.0,152.81,0.015662651,0.0,0.0,0.0,830,0,False,False,False,False,False,False,True,False,False,True,False
45.0,6.666666667,2.222222222,14.19,0.069767442,0.0,0.0,0.0,43,-3,True,False,False,False,False,False,False,False,False,True,False
35.0,14.28571429,8.571428571,34.93,0.2,1.0,0.0,0.0,10,-10,True,False,False,False,False,False,False,False,True,False,False
35.0,48.57142857,5.714285714,89.23,0.230769230769231,0.0,0.0,0.0,13,0,False,False,False,False,False,False,True,False,True,False,False
36.0,33.33333333,13.88888889,73.65,0.0,0.0,0.0,0.0,0,-7,False,False,False,False,False,True,False,False,True,False,False
13.0,7.692307692,7.692307692,91.07,0.009020619,0.0,0.0,0.0,776,-4,True,False,False,False,False,False,False,False,False,True,False
45.0,4.444444444,0.0,64.81,0.071428571,0.0,0.0,0.0,28,0,False,False,False,False,False,False,True,False,False,True,False
44.0,6.818181818,2.272727273,40.0,0.0,1.0,0.0,0.0,0,0,False,False,True,False,False,False,False,False,False,False,True
1.0,0.0,0.0,59.73,0.082644628,0.0,0.0,0.0,121,0,False,True,False,False,False,False,False,False,True,False,False
0.0,0.0,0.0,26.7,0.0,0.0,0.0,0.0,0,0,False,False,False,False,True,False,False,False,False,True,False
16.0,0.0,0.0,58.85,0.0,0.0,0.0,0.0,0,-4,True,False,False,False,False,False,False,False,False,True,False
47.0,0.0,0.0,96.72,0.032876712,1.0,0.0,0.0,365,-11,False,False,False,False,False,True,False,False,False,True,False
0.0,0.0,0.0,52.8,0.0,0.0,0.0,0.0,0,-1,False,True,False,False,False,False,False,False,False,True,False
47.0,21.27659574,4.255319149,46.37,0.142857143,1.0,0.0,0.0,49,0,False,False,False,False,True,False,False,False,True,False,False
29.0,17.24137931,17.24137931,46.74,0.0,1.0,1.0,0.0,0,0,False,True,False,False,False,False,False,False,False,False,True
47.0,21.27659574,6.382978723,52.34,0.02,0.0,0.0,0.0,150,-182,False,False,False,False,False,True,False,False,False,False,True
43.0,32.55813953,4.651162791,67.72,0.111111111111111,0.0,0.0,0.0,18,0,False,False,False,False,True,False,False,False,True,False,False
16.0,56.25,6.25,72.88,0.133333333333333,1.0,1.0,1.0,105,-1,False,True,False,False,False,False,False,False,False,False,True
8.0,87.5,37.5,40.02,0.0,1.0,0.0,0.0,0,-1,True,False,False,False,False,False,False,False,True,False,False
40.0,22.5,0.0,62.43,0.0,0.0,0.0,0.0,0,-1,False,True,False,False,False,False,False,False,True,False,False
42.0,11.9047619,0.0,83.34,0.333333333,0.0,0.0,0.0,6,-4,False,False,False,False,False,False,True,False,False,True,False
28.0,7.142857143,3.571428571,39.97,0.0,1.0,0.0,0.0,0,0,False,False,False,False,False,False,True,False,True,False,False
0.0,0.0,0.0,59.32,0.086956522,0.0,0.0,0.0,23,-19,False,False,False,False,True,False,False,False,True,False,False
0.0,0.0,0.0,60.2,0.067961165,1.0,0.0,0.0,103,0,False,True,False,False,False,False,False,False,False,True,False
35.0,2.857142857,0.0,60.04,0.0,1.0,0.0,0.0,0,0,False,False,False,False,False,False,True,False,False,False,True
44.0,6.818181818,0.0,74.02,0.0,0.0,0.0,0.0,0,-123,False,False,False,False,False,True,False,False,False,False,True
10.0,100.0,0.0,28.45,0.020895522,1.0,0.0,0.0,670,-1,True,False,False,False,False,False,False,False,False,True,False
42.0,2.380952381,2.380952381,80.68,0.0,1.0,0.0,0.0,0,-5,False,True,False,False,False,False,False,False,False,False,True
29.0,17.24137931,6.896551724,40.0,0.0,1.0,0.0,0.0,0,0,False,True,False,False,False,False,False,False,False,False,True
25.0,16.0,4.0,31.0,0.0,1.0,0.0,0.0,0,0,False,False,False,False,False,True,False,False,False,False,True
16.0,0.0,0.0,51.18,0.0,0.0,0.0,0.0,0,-1,False,False,False,False,False,False,True,False,False,True,False
45.0,66.66666667,6.666666667,110.74,0.037956204,1.0,0.0,0.0,685,-353,False,False,False,False,False,True,False,False,True,False,False
46.0,23.91304348,0.0,53.64,0.142857142857143,0.0,0.0,0.0,35,-20,False,False,False,False,False,False,True,False,True,False,False
31.0,96.77419355,3.225806452,93.75,0.092307692,0.0,0.0,0.0,65,0,False,False,False,False,False,False,True,False,False,True,False
28.0,0.0,0.0,53.54,0.0,1.0,0.0,0.0,0,0,True,False,False,False,False,False,False,False,False,False,True
37.0,5.405405405,0.0,54.24,0.128301887,0.0,0.0,0.0,265,39,False,False,False,True,False,False,False,False,False,False,True
47.0,2.127659574,0.0,221.71,0.0183673469387755,0.0,0.0,0.0,980,-96,True,False,False,False,False,False,False,False,False,True,False
6.0,83.33333333,33.33333333,45.02,0.0,0.0,0.0,0.0,0,0,False,True,False,False,False,False,False,False,True,False,False
4.0,50.0,50.0,40.0,0.0,0.0,0.0,0.0,0,-498,False,False,False,False,False,True,False,False,False,False,True
0.0,0.0,0.0,87.7,0.0,1.0,0.0,0.0,0,19,False,False,False,True,False,False,False,False,False,False,True
33.0,9.090909091,0.0,40.02,0.0,1.0,0.0,0.0,0,-31,False,True,False,False,False,False,False,False,True,False,False
41.0,19.51219512,7.317073171,21.29,0.010582011,0.0,0.0,0.0,189,0,False,False,False,False,False,True,False,False,True,False,False
24.0,41.66666667,12.5,133.04,0.142857143,1.0,0.0,0.0,14,-56,False,False,False,False,False,True,False,False,True,False,False
16.0,0.0,0.0,18.86,0.0,0.0,0.0,0.0,0,0,False,True,False,False,False,False,False,False,True,False,False
0.0,0.0,0.0,50.29,0.0,0.0,0.0,0.0,0,0,False,False,False,False,False,False,True,False,False,True,False
0.0,0.0,0.0,43.82,0.004373178,0.0,0.0,0.0,686,-82,False,False,False,False,False,True,False,False,False,True,False
2.0,100.0,0.0,40.02,0.0,1.0,0.0,0.0,0,0,False,True,False,False,False,False,False,False,False,True,False
32.0,81.25,12.5,17.95,0.064935065,1.0,0.0,0.0,77,0,False,False,False,False,False,True,False,True,False,False,False
38.0,2.631578947,2.631578947,40.02,0.0,1.0,0.0,0.0,0,0,False,False,False,False,True,False,False,False,True,False,False
16.0,0.0,0.0,50.79,0.0,0.0,0.0,0.0,0,0,False,False,False,False,False,True,False,False,True,False,False
39.0,5.128205128,0.0,40.02,0.0,1.0,0.0,0.0,0,0,False,False,False,False,True,False,False,False,True,False,False
16.0,0.0,0.0,94.21,0.0,0.0,0.0,0.0,0,-290,False,False,False,False,True,False,False,False,True,False,False
30.0,86.66666667,16.66666667,89.91,0.144736842,1.0,0.0,1.0,76,-3,True,False,False,False,False,False,False,False,False,False,True
34.0,91.17647059,5.882352941,100.0,0.0,1.0,0.0,0.0,0,-6,False,False,True,False,False,False,False,False,False,False,True
46.0,0.0,0.0,89.16,0.0,0.0,0.0,0.0,0,-7,False,True,False,False,False,False,False,False,False,True,False
33.0,21.21212121,15.15151515,131.65,0.0,1.0,0.0,0.0,0,-11,False,False,False,False,True,False,False,False,False,False,True
45.0,0.0,0.0,139.83,0.004926108,0.0,0.0,0.0,406,0,False,False,False,False,False,True,False,False,True,False,False
45.0,6.666666667,0.0,51.98,0.333333333,0.0,0.0,0.0,6,0,False,True,False,False,False,False,False,False,True,False,False
45.0,2.222222222,0.0,61.65,0.0,0.0,0.0,0.0,0,-1,False,True,False,False,False,False,False,False,True,False,False
11.0,9.090909091,9.090909091,47.82,0.0,1.0,0.0,0.0,0,0,False,True,False,False,False,False,False,False,False,True,False
40.0,70.0,20.0,48.88,0.0050697084917617,0.0,0.0,0.0,789,-401,False,False,False,False,True,False,False,False,True,False,False
21.0,9.523809524,0.0,35.58,0.0,0.0,0.0,0.0,0,0,False,False,False,False,True,False,False,False,True,False,False
40.0,7.5,5.0,68.88,0.0,1.0,0.0,0.0,0,-29,False,True,False,False,False,False,False,False,False,False,True
27.0,3.703703704,3.703703704,35.0,0.0,1.0,0.0,0.0,0,0,False,False,False,False,False,True,False,True,False,False,False
47.0,4.255319149,0.0,115.81,0.03902439,0.0,0.0,0.0,410,-145,False,True,False,False,False,False,False,False,True,False,False
45.0,2.222222222,0.0,71.12,0.111111111,0.0,0.0,0.0,18,-1,False,False,True,False,False,False,False,False,False,False,True
34.0,5.882352941,2.941176471,52.17,0.0,1.0,0.0,0.0,0,-10,False,False,False,False,False,True,False,False,False,False,True
47.0,6.382978723,2.127659574,86.59,0.018108652,1.0,0.0,0.0,497,-148,False,True,False,False,False,False,False,False,False,True,False
0.0,0.0,0.0,40.0,0.0,0.0,0.0,0.0,0,-52,False,False,False,True,False,False,False,False,False,False,True
1.0,100.0,0.0,40.0,0.0,1.0,0.0,0.0,0,0,False,False,False,False,True,False,False,False,False,False,True
47.0,10.63829787,2.127659574,67.19,0.01980198,0.0,0.0,0.0,202,-7,False,False,False,False,False,True,False,False,True,False,False
16.0,0.0,0.0,50.69,0.0,1.0,0.0,0.0,0,0,True,False,False,False,False,False,False,False,True,False,False
43.0,16.27906977,6.976744186,70.2,0.0,0.0,0.0,0.0,0,14,False,False,False,False,True,False,False,False,False,False,True
46.0,6.52173913,0.0,88.63,0.089552239,1.0,0.0,0.0,134,-21,False,False,False,False,False,True,False,False,False,True,False
36.0,2.777777778,0.0,56.97,0.117647059,1.0,0.0,0.0,17,0,False,True,False,False,False,False,False,False,True,False,False
44.0,15.90909091,2.272727273,74.24,0.0,0.0,0.0,0.0,0,0,False,False,False,False,True,False,False,False,True,False,False
16.0,0.0,0.0,38.59,0.0,0.0,0.0,0.0,0,0,False,False,False,False,False,True,False,False,False,True,False
28.0,3.571428571,3.571428571,50.49,0.0,0.0,0.0,0.0,0,-4,True,False,False,False,False,False,False,False,True,False,False
45.0,0.0,0.0,146.19,0.0198019801980198,1.0,0.0,0.0,101,-2,False,False,False,False,True,False,False,False,False,True,False
36.0,58.33333333,0.0,33.79,0.0,0.0,0.0,0.0,0,1,False,False,False,False,True,False,False,False,True,False,False
22.0,59.09090909,27.27272727,86.56,0.096774194,1.0,0.0,0.0,31,0,True,False,False,False,False,False,False,False,True,False,False
20.0,100.0,55.0,40.02,0.0,1.0,1.0,0.0,0,0,True,False,False,False,False,False,False,False,True,False,False
37.0,0.0,0.0,54.96,0.0,1.0,0.0,0.0,0,-22,True,False,False,False,False,False,False,False,False,True,False
38.0,2.631578947,0.0,45.59,0.147058824,0.0,0.0,0.0,34,39,False,False,False,True,False,False,False,False,False,False,True
32.0,93.75,28.125,80.91,0.163636364,1.0,1.0,0.0,55,0,True,False,False,False,False,False,False,False,False,True,False
46.0,0.0,0.0,40.02,0.0,1.0,0.0,0.0,0,0,False,False,False,False,False,False,True,False,True,False,False
31.0,9.677419355,0.0,28.57,0.0,1.0,0.0,0.0,0,-116,False,False,False,False,False,False,True,False,True,False,False
43.0,11.62790698,0.0,38.46,0.181818182,1.0,1.0,0.0,11,0,False,False,False,False,False,False,True,False,True,False,False
2.0,50.0,0.0,40.02,0.0,0.0,0.0,0.0,0,-1,False,False,False,False,True,False,False,False,True,False,False
32.0,28.125,3.125,63.59,0.040909091,0.0,0.0,0.0,220,12,False,False,False,True,False,False,False,False,False,False,True
8.0,25.0,12.5,40.02,0.0,1.0,0.0,0.0,0,0,False,False,False,False,True,False,False,False,True,False,False
38.0,0.0,0.0,48.18,0.060869565,0.0,0.0,0.0,230,39,False,False,False,True,False,False,False,True,False,False,False
24.0,87.5,0.0,35.0,0.0,1.0,0.0,0.0,0,0,True,False,False,False,False,False,False,False,False,False,True
44.0,2.272727273,0.0,52.61,0.0,1.0,0.0,0.0,0,0,False,False,False,False,False,True,False,False,True,False,False
28.0,46.42857143,3.571428571,46.52,0.0,1.0,0.0,0.0,0,-34,False,False,False,False,False,True,False,False,True,False,False
44.0,9.090909091,9.090909091,111.57,0.0,1.0,0.0,0.0,0,-2,False,False,False,False,False,True,False,False,False,False,True
45.0,2.222222222,0.0,80.18,0.0,0.0,0.0,0.0,0,-16,False,False,True,False,False,False,False,False,False,False,True
35.0,0.0,0.0,40.02,0.0,1.0,0.0,0.0,0,0,False,False,False,False,False,True,False,False,True,False,False
6.0,16.66666667,16.66666667,29.02,0.0,1.0,0.0,0.0,0,0,True,False,False,False,False,False,False,False,True,False,False
41.0,31.70731707,7.317073171,71.38,0.06741573,1.0,0.0,0.0,89,-42,False,False,False,False,True,False,False,False,False,True,False
34.0,5.882352941,5.882352941,50.37,0.0,1.0,0.0,0.0,0,0,False,False,False,False,True,False,False,False,False,False,True
47.0,4.255319149,2.127659574,143.94,0.014195584,0.0,0.0,0.0,634,-11,False,False,False,False,False,True,False,False,True,False,False
24.0,20.83333333,0.0,93.71,0.0,1.0,0.0,0.0,0,-1,False,True,False,False,False,False,False,False,False,True,False
36.0,69.44444444,2.777777778,99.45,0.0,1.0,0.0,0.0,0,-58,True,False,False,False,False,False,False,False,False,False,True
11.0,18.18181818,0.0,51.28,0.0,1.0,0.0,0.0,0,-52,False,False,False,False,True,False,False,False,True,False,False
50.0,10.0,4.0,33.38,0.005380477,0.0,0.0,0.0,1301,-152,False,True,False,False,False,False,False,False,False,True,False
40.0,42.5,15.0,49.24,0.125,1.0,0.0,0.0,24,0,False,False,False,False,False,False,True,False,False,False,True
3.0,33.33333333,33.33333333,51.77,0.0326086956521739,0.0,0.0,1.0,92,-396,False,False,False,False,False,True,False,False,False,False,True
36.0,8.333333333,2.777777778,98.63,0.153846154,1.0,0.0,0.0,13,-21,False,False,False,False,False,False,True,False,False,False,True
37.0,13.51351351,10.81081081,52.25,0.0,1.0,0.0,0.0,0,-9,False,False,False,False,False,False,True,False,False,False,True
24.0,62.5,12.5,122.64,0.0,1.0,1.0,0.0,0,-18,False,False,False,False,False,True,False,False,False,True,False
8.0,50.0,0.0,40.0,0.0,1.0,0.0,0.0,0,0,False,False,False,False,False,False,True,False,False,False,True
30.0,6.666666667,0.0,29.96,0.0,0.0,0.0,0.0,0,-253,False,True,False,False,False,False,False,False,False,False,True
0.0,0.0,0.0,60.68,0.012738854,0.0,0.0,0.0,157,-3,True,False,False,False,False,False,False,False,False,True,False
0.0,0.0,0.0,50.04,0.0,0.0,0.0,0.0,0,-3,True,False,False,False,False,False,False,False,False,True,False
0.0,0.0,0.0,20.35,0.0,0.0,0.0,0.0,0,0,False,False,False,False,False,True,False,False,False,True,False
0.0,0.0,0.0,54.41,0.0,0.0,0.0,0.0,0,0,False,False,False,False,False,False,True,False,False,True,False
16.0,0.0,0.0,43.8,0.0076923076923076,0.0,0.0,0.0,260,-1,False,False,False,False,False,False,True,False,False,True,False
33.0,0.0,0.0,48.48,0.0,1.0,1.0,0.0,0,0,False,True,False,False,False,False,False,False,False,True,False
36.0,2.777777778,2.777777778,40.0,0.0,1.0,0.0,0.0,0,0,False,False,False,False,False,True,False,False,False,False,True
32.0,25.0,3.125,40.02,0.0,1.0,0.0,0.0,0,0,False,True,False,False,False,False,False,False,True,False,False
16.0,0.0,0.0,27.35,0.0,0.0,0.0,0.0,0,0,False,True,False,False,False,False,False,False,False,True,False
26.0,19.23076923,7.692307692,40.02,0.0,1.0,0.0,0.0,0,0,False,False,False,False,True,False,False,False,True,False,False
45.0,6.666666667,4.444444444,71.17,0.075471698,1.0,0.0,0.0,159,-15,False,True,False,False,False,False,False,False,True,False,False
45.0,0.0,0.0,90.36,0.0,1.0,0.0,0.0,0,-6,False,False,False,False,False,False,True,False,False,False,True
19.0,78.94736842,26.31578947,125.43,0.0,1.0,0.0,0.0,0,-11,True,False,False,False,False,False,False,False,False,False,True
36.0,0.0,0.0,61.92,0.0,0.0,0.0,0.0,0,-850,False,False,False,False,False,True,False,False,True,False,False
24.0,37.5,4.166666667,39.95,0.0,1.0,1.0,1.0,0,0,True,False,False,False,False,False,False,False,False,False,True
37.0,8.108108108,5.405405405,40.25,0.0,1.0,0.0,0.0,0,-9,False,False,False,False,False,False,True,False,True,False,False
32.0,68.75,12.5,28.78,0.0,1.0,0.0,0.0,0,-27,False,True,False,False,False,False,False,False,False,False,True
30.0,36.66666667,13.33333333,39.95,0.0,1.0,1.0,0.0,0,0,False,True,False,False,False,False,False,False,False,False,True
52.0,13.46153846,1.923076923,50.3,0.027777778,0.0,0.0,0.0,252,0,False,False,False,False,False,False,True,False,False,False,True
0.0,0.0,0.0,50.14,0.0,0.0,0.0,0.0,0,-4,False,False,False,False,False,False,True,False,True,False,False
32.0,15.625,9.375,108.93,0.0,1.0,0.0,0.0,0,-2,False,False,False,False,False,True,False,False,True,False,False
31.0,0.0,0.0,40.2,0.0,1.0,0.0,0.0,0,0,False,False,False,False,False,True,False,False,False,True,False
9.0,77.77777778,0.0,40.2,0.0,1.0,0.0,0.0,0,0,True,False,False,False,False,False,False,False,True,False,False
16.0,0.0,0.0,51.67,0.0,0.0,0.0,0.0,0,-169,False,False,False,False,False,True,False,False,True,False,False
7.0,28.57142857,0.0,40.02,0.0,1.0,0.0,0.0,0,0,False,False,False,False,True,False,False,False,False,False,True
35.0,2.857142857,0.0,37.56,0.021126761,0.0,0.0,0.0,142,0,False,False,False,True,False,False,False,False,False,False,True
33.0,6.060606061,0.0,162.33,0.044776119,0.0,0.0,0.0,67,0,False,True,False,False,False,False,False,False,False,True,False
37.0,0.0,0.0,40.02,0.0,1.0,1.0,0.0,0,0,False,False,False,False,False,False,True,False,True,False,False
45.0,6.666666667,0.0,53.84,0.0,0.0,0.0,0.0,0,0,True,False,False,False,False,False,False,False,False,True,False
45.0,4.444444444,0.0,30.8,0.066666667,0.0,0.0,0.0,30,-2,False,True,False,False,False,False,False,False,False,True,False
62.0,11.29032258,1.612903226,27.94,0.114583333,1.0,1.0,0.0,96,-34,False,False,True,False,False,False,False,False,False,False,True
33.0,0.0,0.0,39.97,0.0,1.0,0.0,0.0,0,0,True,False,False,False,False,False,False,False,True,False,False
27.0,100.0,3.703703704,53.68,0.095238095,1.0,0.0,0.0,42,-6,True,False,False,False,False,False,False,False,True,False,False
41.0,29.26829268,0.0,147.7,0.0,0.0,0.0,0.0,0,0,False,False,False,False,False,False,True,False,True,False,False
27.0,92.59259259,11.11111111,87.1,0.0,1.0,0.0,0.0,0,-33,False,False,False,False,False,False,True,False,False,False,True
9.0,55.55555556,0.0,40.02,0.0,1.0,0.0,0.0,0,0,False,False,False,False,True,False,False,False,True,False,False
2.0,100.0,100.0,42.59,0.0,1.0,1.0,0.0,0,0,False,True,False,False,False,False,False,False,True,False,False
0.0,0.0,0.0,79.88,0.0,0.0,0.0,0.0,0,-26,False,False,False,False,True,False,False,False,True,False,False
0.0,0.0,0.0,59.98,0.0,1.0,0.0,0.0,0,-30,False,False,False,True,False,False,False,False,False,False,True
1.0,100.0,0.0,50.4,0.0,1.0,0.0,0.0,0,-1,False,False,False,False,False,False,True,False,False,False,True
40.0,2.5,0.0,40.02,0.0,1.0,0.0,0.0,0,0,False,False,False,False,False,False,True,False,False,False,True
30.0,30.0,10.0,82.98,0.0,1.0,0.0,0.0,0,-3,False,False,False,False,False,True,False,False,False,True,False
37.0,48.64864865,5.405405405,91.22,0.0,1.0,0.0,0.0,0,-25,True,False,False,False,False,False,False,False,True,False,False
16.0,0.0,0.0,50.4,0.025316456,0.0,0.0,0.0,79,0,False,False,False,False,False,True,False,False,False,True,False
16.0,0.0,0.0,59.58,0.0,0.0,0.0,0.0,0,0,False,False,False,False,False,True,False,False,False,True,False
48.0,62.5,14.58333333,48.25,0.031578947,1.0,0.0,0.0,190,-5,False,False,False,False,False,False,True,False,False,False,True
46.0,15.2173913,4.347826087,37.24,0.078431373,0.0,0.0,0.0,204,-238,False,False,False,False,False,False,True,False,True,False,False
24.0,95.83333333,8.333333333,61.78,0.107142857142857,1.0,0.0,0.0,28,-8,True,False,False,False,False,False,False,False,False,False,True
0.0,0.0,0.0,48.2,0.0,0.0,0.0,0.0,0,-21,False,False,False,False,True,False,False,False,True,False,False
40.0,22.5,7.5,43.07,0.1,1.0,0.0,0.0,30,-13,True,False,False,False,False,False,False,False,False,True,False
15.0,53.33333333,6.666666667,12.27,0.0,1.0,0.0,0.0,0,0,False,True,False,False,False,False,False,False,False,False,True
19.0,31.57894737,15.78947368,31.0,0.0,1.0,0.0,0.0,0,0,False,False,False,False,True,False,False,False,False,False,True
46.0,8.695652174,0.0,104.55,0.046594982,1.0,0.0,0.0,279,-17,False,False,True,False,False,False,False,False,False,False,True
26.0,46.15384615,26.92307692,195.79,0.0,1.0,1.0,0.0,0,0,False,False,False,False,False,False,True,False,True,False,False
3.0,33.33333333,33.33333333,90.19,0.0,1.0,0.0,0.0,0,-6,False,False,False,False,True,False,False,False,False,False,True
3.0,100.0,33.33333333,125.49,0.105263157894737,1.0,0.0,0.0,38,0,False,False,False,False,False,True,False,False,True,False,False
43.0,11.62790698,0.0,332.73,0.090673575,1.0,0.0,0.0,1930,-51,True,False,False,False,False,False,False,False,False,True,False
36.0,8.333333333,2.777777778,41.28,0.0,1.0,0.0,0.0,0,-2,False,False,False,False,False,True,False,False,True,False,False
25.0,24.0,16.0,29.0,0.0,1.0,0.0,0.0,0,0,True,False,False,False,False,False,False,False,False,False,True
13.0,30.76923077,0.0,142.26,0.153846153846154,1.0,0.0,0.0,13,0,False,False,False,False,False,True,False,False,True,False,False
30.0,26.66666667,3.333333333,40.02,0.0,1.0,0.0,0.0,0,0,False,False,False,False,False,True,False,False,False,False,True
25.0,4.0,0.0,40.02,0.0,1.0,0.0,0.0,0,0,True,False,False,False,False,False,False,False,True,False,False
4.0,100.0,50.0,108.19,0.016161616,1.0,0.0,0.0,495,0,False,True,False,False,False,False,False,False,True,False,False
37.0,24.32432432,8.108108108,45.4,0.0,1.0,0.0,0.0,0,0,False,False,False,False,False,True,False,False,True,False,False
2.0,50.0,0.0,20.89,0.318181818,0.0,0.0,0.0,22,-133,False,False,False,False,True,False,False,False,False,True,False
47.0,2.127659574,2.127659574,76.89,0.018939394,1.0,0.0,0.0,792,-1,False,False,False,False,False,False,True,False,False,True,False
33.0,72.72727273,3.03030303,90.11,0.0103092783505155,0.0,0.0,0.0,194,-38,True,False,False,False,False,False,False,False,True,False,False
34.0,8.823529412,2.941176471,69.86,0.0,1.0,0.0,0.0,0,-23,False,True,False,False,False,False,False,False,False,False,True
40.0,35.0,10.0,62.32,0.032292788,0.0,0.0,0.0,929,-264,False,False,False,False,False,False,True,False,False,True,False
44.0,9.090909091,0.0,51.54,0.0,1.0,0.0,0.0,0,-1,False,False,True,False,False,False,False,False,False,False,True
28.0,17.85714286,10.71428571,58.52,0.0,1.0,0.0,0.0,0,0,False,True,False,False,False,False,False,False,True,False,False
44.0,0.0,0.0,40.0,0.0,1.0,0.0,0.0,0,0,True,False,False,False,False,False,False,False,False,False,True
40.0,57.5,10.0,208.14,0.142857143,1.0,0.0,1.0,77,0,False,False,True,False,False,False,False,False,False,False,True
47.0,17.0212766,0.0,29.77,0.0,1.0,0.0,0.0,0,-73,True,False,False,False,False,False,False,False,False,False,True
43.0,16.27906977,0.0,53.03,0.0,1.0,0.0,0.0,0,0,True,False,False,False,False,False,False,False,False,True,False
0.0,0.0,0.0,58.29,0.0,0.0,0.0,0.0,0,-41,False,False,False,True,False,False,False,False,False,False,True
30.0,3.333333333,0.0,40.2,0.0,1.0,0.0,1.0,0,0,False,False,False,False,False,False,True,False,False,False,True
31.0,48.38709677,9.677419355,112.29,0.133333333,1.0,0.0,0.0,15,-8,False,False,False,False,False,True,False,False,False,False,True
41.0,7.317073171,2.43902439,42.52,0.0,0.0,0.0,0.0,0,-702,False,False,False,False,False,False,True,False,False,True,False
35.0,82.85714286,0.0,80.38,0.0,1.0,0.0,0.0,0,-273,False,False,False,False,True,False,False,False,True,False,False
27.0,0.0,0.0,40.2,0.0,1.0,1.0,0.0,0,0,False,True,False,False,False,False,False,False,True,False,False
0.0,0.0,0.0,47.32,0.25,0.0,0.0,0.0,12,-2,False,False,False,False,True,False,False,False,False,False,True
30.0,3.333333333,0.0,40.0,0.0,1.0,0.0,1.0,0,0,True,False,False,False,False,False,False,False,False,False,True
0.0,0.0,0.0,188.22,0.016393443,0.0,0.0,0.0,549,-159,False,False,False,False,True,False,False,False,False,True,False
14.0,64.28571429,14.28571429,29.0,0.0,1.0,0.0,0.0,0,0,True,False,False,False,False,False,False,False,False,False,True
6.0,33.33333333,0.0,42.47,0.083333333,0.0,0.0,0.0,120,0,False,True,False,False,False,False,False,False,False,True,False
30.0,3.333333333,0.0,45.02,0.0,1.0,0.0,0.0,0,-1,False,False,False,False,False,True,False,False,True,False,False
17.0,23.52941176,11.76470588,34.01,0.333333333,1.0,0.0,0.0,6,0,False,False,False,False,False,True,False,False,True,False,False
33.0,30.3030303,0.0,38.46,0.0606060606060606,1.0,0.0,0.0,33,0,False,True,False,False,False,False,False,False,True,False,False
25.0,68.0,12.0,40.02,0.0,1.0,1.0,1.0,0,-1,False,True,False,False,False,False,False,False,False,False,True
38.0,0.0,0.0,40.02,0.0,1.0,0.0,0.0,0,0,True,False,False,False,False,False,False,False,True,False,False
51.0,62.74509804,33.33333333,55.59,0.046248715,1.0,0.0,0.0,973,-6,True,False,False,False,False,False,False,False,True,False,False
0.0,0.0,0.0,51.62,0.053435115,1.0,0.0,0.0,393,-178,False,False,False,False,False,True,False,False,True,False,False
43.0,27.90697674,11.62790698,32.78,0.036734694,0.0,0.0,0.0,245,-279,False,False,False,False,False,False,True,False,True,False,False
21.0,9.523809524,0.0,40.0,0.0,1.0,0.0,0.0,0,-6,False,False,False,False,False,True,False,True,False,False,False
23.0,34.7826087,4.347826087,102.23,0.0,0.0,0.0,0.0,0,-154,True,False,False,False,False,False,False,False,False,False,True
0.0,0.0,0.0,78.92,0.0,0.0,0.0,0.0,0,-9,False,False,False,False,False,True,False,False,True,False,False
5.0,40.0,20.0,76.96,0.0,1.0,0.0,0.0,0,-32,False,False,False,False,True,False,False,False,True,False,False
50.0,90.0,24.0,65.21,0.023972603,1.0,0.0,0.0,292,-1,False,False,False,False,False,True,False,True,False,False,False
0.0,0.0,0.0,34.11,1.285714286,0.0,0.0,0.0,7,-75,False,False,False,False,False,True,False,False,False,True,False
21.0,42.85714286,14.28571429,31.02,0.0,1.0,0.0,0.0,0,0,False,False,False,False,True,False,False,False,False,False,True
40.0,45.0,2.5,48.42,0.0,0.0,0.0,0.0,0,1,False,False,False,False,False,True,False,False,False,False,True
42.0,40.47619048,0.0,99.91,0.111111111,0.0,0.0,0.0,18,0,False,True,False,False,False,False,False,False,True,False,False
38.0,0.0,0.0,58.02,0.2,1.0,1.0,0.0,10,0,False,False,False,False,False,True,False,False,True,False,False
43.0,4.651162791,0.0,67.09,0.0,1.0,1.0,0.0,0,-55,True,False,False,False,False,False,False,False,True,False,False
0.0,0.0,0.0,69.51,0.046242775,0.0,0.0,0.0,173,-37,True,False,False,False,False,False,False,False,False,True,False
46.0,2.173913043,0.0,44.53,0.0,1.0,0.0,0.0,0,-24,False,False,True,False,False,False,False,True,False,False,False
26.0,0.0,0.0,40.02,0.0,1.0,0.0,1.0,0,0,False,True,False,False,False,False,False,False,True,False,False
9.0,33.33333333,11.11111111,40.02,0.0,1.0,1.0,1.0,0,0,False,False,True,False,False,False,False,False,False,False,True
38.0,18.42105263,7.894736842,165.49,0.123076923,1.0,0.0,0.0,65,-2,True,False,False,False,False,False,False,False,True,False,False
40.0,35.0,0.0,78.08,0.0,0.0,0.0,0.0,0,0,False,False,False,False,False,False,True,False,False,True,False
5.0,20.0,0.0,73.62,0.0,0.0,0.0,0.0,0,28,False,False,False,False,True,False,False,False,False,False,True
45.0,0.0,0.0,16.91,0.0,0.0,0.0,0.0,0,-217,True,False,False,False,False,False,False,False,True,False,False
33.0,45.45454545,12.12121212,73.03,0.142857143,1.0,0.0,0.0,21,-187,True,False,False,False,False,False,False,False,True,False,False
47.0,8.510638298,0.0,189.52,0.1,0.0,0.0,0.0,60,-16,False,False,False,False,True,False,False,False,False,True,False
42.0,16.66666667,0.0,112.83,0.105263158,0.0,0.0,0.0,19,0,True,False,False,False,False,False,False,False,True,False,False
15.0,80.0,6.666666667,56.91,0.0,1.0,0.0,0.0,0,0,False,True,False,False,False,False,False,False,False,True,False
34.0,5.882352941,5.882352941,27.61,0.0,0.0,0.0,0.0,0,0,False,False,False,False,False,True,False,False,False,True,False
38.0,10.52631579,0.0,38.0,0.166666667,1.0,1.0,0.0,12,0,False,True,False,False,False,False,False,False,False,False,True
45.0,2.222222222,0.0,51.37,0.0,1.0,0.0,0.0,0,0,False,False,False,False,False,True,False,False,False,True,False
1.0,100.0,0.0,40.0,0.0,1.0,0.0,0.0,0,0,False,False,False,False,False,True,False,False,False,False,True
41.0,2.43902439,0.0,38.99,0.0,0.0,0.0,0.0,0,-92,True,False,False,False,False,False,False,False,False,False,True
6.0,66.66666667,50.0,29.0,0.0,1.0,0.0,0.0,0,0,False,False,False,False,False,False,True,False,False,False,True
36.0,30.55555556,16.66666667,40.02,0.0,1.0,0.0,0.0,0,-49,False,False,False,False,False,False,True,False,False,False,True
52.0,13.46153846,0.0,74.77,0.022988506,0.0,0.0,0.0,783,0,False,True,False,False,False,False,False,False,True,False,False
3.0,0.0,0.0,75.34,0.0,1.0,0.0,0.0,0,0,False,False,False,False,False,False,True,False,True,False,False
6.0,33.33333333,0.0,40.0,0.0,1.0,0.0,1.0,0,0,False,True,False,False,False,False,False,False,False,False,True
23.0,91.30434783,4.347826087,40.02,0.0,1.0,0.0,0.0,0,0,False,True,False,False,False,False,False,False,False,True,False
16.0,0.0,0.0,49.39,0.0,0.0,0.0,0.0,0,-1,True,False,False,False,False,False,False,False,False,True,False
26.0,92.30769231,7.692307692,53.53,0.153846154,1.0,1.0,0.0,13,-469,False,False,True,False,False,False,False,False,False,False,True
27.0,11.11111111,0.0,56.59,0.0,1.0,0.0,0.0,0,0,False,False,False,False,False,True,False,False,False,True,False
48.0,12.5,4.166666667,44.01,0.033820841,0.0,0.0,0.0,1094,-206,True,False,False,False,False,False,False,False,False,True,False
43.0,16.27906977,2.325581395,86.24,0.25,0.0,0.0,0.0,8,-1,False,True,False,False,False,False,False,False,False,True,False
25.0,28.0,4.0,31.02,0.0,1.0,0.0,0.0,0,0,False,False,False,False,False,True,False,False,False,False,True
45.0,15.55555556,4.444444444,93.26,0.0862068965517241,0.0,0.0,0.0,58,-27,False,False,False,False,False,False,True,False,False,True,False
17.0,0.0,0.0,64.45,0.0,0.0,0.0,0.0,0,-2,True,False,False,False,False,False,False,False,False,True,False
47.0,0.0,0.0,42.65,0.085714286,0.0,0.0,0.0,70,-22,False,True,False,False,False,False,False,False,False,True,False
36.0,16.66666667,11.11111111,54.19,0.0,0.0,0.0,0.0,0,-14,False,False,False,False,False,True,False,False,True,False,False
38.0,36.84210526,10.52631579,58.59,0.0,1.0,0.0,0.0,0,-35,False,True,False,False,False,False,False,True,False,False,False
24.0,29.16666667,0.0,36.95,0.0,1.0,0.0,0.0,0,-1,False,False,False,False,False,True,False,False,False,False,True
13.0,7.692307692,0.0,54.52,0.0,0.0,0.0,0.0,0,0,False,False,False,False,True,False,False,False,False,False,True
46.0,63.04347826,10.86956522,60.74,0.071428571,1.0,0.0,0.0,154,-2,False,True,False,False,False,False,False,False,False,False,True
47.0,8.510638298,2.127659574,40.0,0.0,1.0,1.0,0.0,0,-51,False,False,False,False,True,False,False,False,False,False,True
43.0,44.18604651,0.0,88.79,0.004694836,0.0,0.0,0.0,852,0,False,True,False,False,False,False,False,False,False,True,False
33.0,18.18181818,3.03030303,45.02,0.0,0.0,0.0,0.0,0,-226,False,False,False,False,True,False,False,False,True,False,False
12.0,83.33333333,25.0,61.32,0.036363636,1.0,0.0,1.0,55,0,True,False,False,False,False,False,False,False,False,False,True
44.0,4.545454545,0.0,61.3,0.0,1.0,0.0,0.0,0,-3,False,False,False,False,False,True,False,False,False,True,False
26.0,69.23076923,11.53846154,52.84,0.0645161290322581,1.0,0.0,0.0,31,-18,False,True,False,False,False,False,False,False,False,False,True
16.0,0.0,0.0,59.02,0.0,0.0,0.0,0.0,0,-150,False,False,False,False,False,True,False,False,True,False,False
25.0,68.0,20.0,52.6,0.0,1.0,0.0,0.0,0,-4,True,False,False,False,False,False,False,False,False,False,True
33.0,15.15151515,0.0,55.1,0.0,0.0,0.0,0.0,0,0,False,False,False,True,False,False,False,False,False,False,True
17.0,5.882352941,5.882352941,51.51,0.333333333,0.0,0.0,0.0,6,0,True,False,False,False,False,False,False,False,False,True,False
0.0,0.0,0.0,40.02,0.0,1.0,1.0,0.0,0,-24,False,True,False,False,False,False,False,False,True,False,False
44.0,4.545454545,0.0,40.02,0.0,1.0,0.0,0.0,0,-29,False,True,False,False,False,False,False,False,True,False,False
1.0,100.0,100.0,49.91,0.142857143,1.0,0.0,0.0,14,-9,False,False,False,False,False,True,False,False,True,False,False
13.0,30.76923077,7.692307692,35.0,0.0,1.0,0.0,0.0,0,0,False,False,False,False,True,False,False,False,False,False,True
45.0,4.444444444,0.0,63.66,0.012987012987013,0.0,0.0,0.0,539,-6,False,True,False,False,False,False,False,False,False,True,False
41.0,7.317073171,2.43902439,42.95,0.0,1.0,0.0,0.0,0,-5,False,False,False,False,False,True,False,False,False,False,True
16.0,0.0,0.0,121.64,0.285714285714286,0.0,0.0,0.0,7,0,False,False,False,False,False,False,True,False,True,False,False
21.0,28.57142857,9.523809524,35.02,0.0,1.0,0.0,0.0,0,0,False,False,False,False,True,False,False,False,False,True,False
58.0,8.620689655,3.448275862,79.54,0.03407155,1.0,0.0,0.0,587,-47,False,False,False,False,True,False,False,False,True,False,False
36.0,41.66666667,16.66666667,104.99,0.0,0.0,0.0,0.0,0,-154,False,False,False,False,False,True,False,False,True,False,False
0.0,0.0,0.0,35.74,0.153846154,0.0,0.0,0.0,91,-22,True,False,False,False,False,False,False,False,True,False,False
0.0,0.0,0.0,66.98,0.0412371134020619,0.0,0.0,0.0,97,-21,True,False,False,False,False,False,False,False,False,True,False
31.0,3.225806452,0.0,40.02,0.0,1.0,1.0,0.0,0,0,False,True,False,False,False,False,False,False,True,False,False
17.0,17.64705882,11.76470588,69.45,0.0,1.0,0.0,0.0,0,-35,False,False,False,False,False,False,True,False,True,False,False
18.0,0.0,0.0,47.51,0.0132450331125828,0.0,0.0,0.0,302,0,False,True,False,False,False,False,False,False,False,True,False
21.0,0.0,0.0,31.0,0.0,1.0,0.0,0.0,0,0,False,True,False,False,False,False,False,False,False,False,True
16.0,0.0,0.0,38.57,0.0,0.0,0.0,0.0,0,-8,False,False,False,False,False,False,True,False,True,False,False
0.0,0.0,0.0,124.85,0.023178808,0.0,0.0,0.0,302,-10,False,False,False,False,False,False,True,False,False,True,False
27.0,48.14814815,0.0,61.48,0.111111111,1.0,0.0,0.0,27,-25,False,False,False,False,False,False,True,False,False,True,False
0.0,0.0,0.0,58.99,0.007650273,0.0,0.0,0.0,915,-2,False,True,False,False,False,False,False,False,False,True,False
22.0,22.72727273,9.090909091,35.0,0.0,1.0,0.0,0.0,0,0,False,False,False,False,False,True,False,True,False,False,False
42.0,11.9047619,2.380952381,33.37,0.0689655172413793,1.0,0.0,0.0,29,-7,False,True,False,False,False,False,False,False,False,True,False
37.0,48.64864865,5.405405405,20.1,0.0,0.0,0.0,0.0,0,0,False,False,False,False,False,False,True,False,True,False,False
47.0,0.0,0.0,35.29,0.004413063,0.0,0.0,0.0,1133,-466,False,False,False,False,True,False,False,False,False,True,False
36.0,50.0,8.333333333,122.24,0.0,1.0,0.0,0.0,0,-22,False,True,False,False,False,False,False,False,False,True,False
42.0,38.0952381,2.380952381,0.0,0.0,1.0,0.0,0.0,0,-110,False,False,False,False,True,False,False,False,False,True,False
0.0,0.0,0.0,50.13,0.0068434559452523,0.0,0.0,0.0,1169,-433,True,False,False,False,False,False,False,False,False,True,False
40.0,97.5,10.0,67.23,0.02,1.0,0.0,0.0,500,-2,False,True,False,False,False,False,False,False,False,False,True
36.0,0.0,0.0,188.42,0.0,0.0,0.0,0.0,0,-5,False,False,False,True,False,False,False,False,True,False,False
0.0,0.0,0.0,67.39,0.0,0.0,0.0,0.0,0,33,False,False,False,True,False,False,False,False,False,False,True
8.0,100.0,37.5,73.18,0.0,1.0,0.0,0.0,0,0,False,False,False,False,True,False,False,False,False,False,True
35.0,74.28571429,8.571428571,87.67,0.017515924,0.0,0.0,0.0,628,-300,False,False,False,False,False,True,False,False,False,True,False
16.0,0.0,0.0,125.54,0.0,0.0,0.0,0.0,0,-10,False,True,False,False,False,False,False,False,True,False,False
56.0,28.57142857,14.28571429,111.56,0.0933852140077821,1.0,1.0,0.0,1028,-260,False,False,False,False,False,False,True,False,False,True,False
0.0,0.0,0.0,46.88,0.1875,1.0,0.0,0.0,16,-402,False,True,False,False,False,False,False,False,False,True,False
11.0,45.45454545,9.090909091,45.92,0.0,1.0,0.0,0.0,0,0,False,True,False,False,False,False,False,False,True,False,False
0.0,0.0,0.0,66.16,0.09375,0.0,0.0,0.0,64,-90,False,False,False,False,False,True,False,False,False,False,True
37.0,0.0,0.0,119.2,0.0,1.0,0.0,0.0,0,0,False,False,False,False,True,False,False,False,False,True,False
9.0,77.77777778,44.44444444,31.0,0.0,1.0,0.0,0.0,0,0,True,False,False,False,False,False,False,False,False,False,True
44.0,13.63636364,2.272727273,56.46,0.0,0.0,0.0,0.0,0,-57,False,False,False,False,False,True,False,False,True,False,False
45.0,4.444444444,0.0,65.55,0.0,1.0,0.0,0.0,0,0,False,False,True,False,False,False,False,True,False,False,False
42.0,66.66666667,23.80952381,86.2,0.012987013,0.0,0.0,0.0,231,0,False,False,True,False,False,False,False,False,False,False,True
51.0,17.64705882,1.960784314,33.89,0.014018692,0.0,0.0,0.0,214,-23,True,False,False,False,False,False,False,False,True,False,False
10.0,90.0,20.0,35.0,0.0,1.0,0.0,0.0,0,0,False,False,False,False,False,True,False,True,False,False,False
5.0,40.0,0.0,51.24,0.0,1.0,0.0,0.0,0,-1,False,True,False,False,False,False,False,False,False,True,False
43.0,25.58139535,11.62790698,69.92,0.137931034482759,1.0,1.0,1.0,29,-2,False,False,True,False,False,False,False,False,False,False,True
5.0,100.0,60.0,40.02,0.0,1.0,0.0,0.0,0,0,True,False,False,False,False,False,False,False,True,False,False
41.0,51.2195122,0.0,26.04,0.0833333333333333,0.0,0.0,0.0,36,0,True,False,False,False,False,False,False,False,True,False,False
0.0,0.0,0.0,50.28,0.0,0.0,0.0,0.0,0,-52,False,False,False,False,False,True,False,False,True,False,False
1.0,100.0,0.0,50.6,0.0,1.0,0.0,0.0,0,-17,True,False,False,False,False,False,False,False,True,False,False
32.0,65.625,53.125,44.51,0.133333333,1.0,0.0,0.0,15,-10,True,False,False,False,False,False,False,False,False,True,False
49.0,18.36734694,4.081632653,78.92,0.148148148148148,1.0,0.0,0.0,54,0,True,False,False,False,False,False,False,False,False,False,True
47.0,2.127659574,0.0,83.93,0.038709677,0.0,0.0,0.0,155,-43,True,False,False,False,False,False,False,False,False,True,False
37.0,2.702702703,2.702702703,40.02,0.0,1.0,0.0,0.0,0,0,False,False,False,False,False,False,True,False,True,False,False
18.0,0.0,0.0,126.32,0.027093596,0.0,0.0,0.0,406,-17,False,False,False,False,True,False,False,False,False,True,False
10.0,30.0,0.0,95.88,0.088,0.0,0.0,0.0,125,-1,False,False,False,False,False,True,False,False,True,False,False
22.0,18.18181818,13.63636364,29.27,0.0,1.0,0.0,0.0,0,-34,False,False,True,False,False,False,False,False,False,False,True
31.0,9.677419355,0.0,40.02,0.0,1.0,0.0,0.0,0,0,False,False,False,False,False,True,False,False,False,True,False
42.0,7.142857143,0.0,100.64,0.134206219,1.0,0.0,0.0,611,-245,False,False,False,False,False,True,False,False,False,True,False
24.0,4.166666667,0.0,85.33,0.041871921,0.0,0.0,0.0,406,-1,False,False,False,False,False,True,False,False,True,False,False
19.0,26.31578947,5.263157895,40.02,0.0,1.0,0.0,0.0,0,0,False,False,False,False,False,False,True,False,True,False,False
3.0,66.66666667,0.0,59.88,0.0,1.0,0.0,0.0,0,-11,False,False,False,False,False,True,False,False,False,False,True
9.0,88.88888889,22.22222222,29.0,0.0,1.0,0.0,0.0,0,0,False,False,False,False,False,True,False,False,False,False,True
29.0,10.34482759,3.448275862,1.02,0.0,1.0,0.0,0.0,0,0,False,False,False,False,True,False,False,False,False,True,False
36.0,97.22222222,25.0,140.22,0.056206089,0.0,0.0,0.0,427,0,False,True,False,False,False,False,False,False,True,False,False
24.0,91.66666667,25.0,41.55,0.043010753,1.0,0.0,0.0,93,-36,False,False,False,False,False,False,True,False,True,False,False
17.0,76.47058824,29.41176471,40.2,0.0,1.0,0.0,0.0,0,0,False,False,False,False,False,True,False,False,True,False,False
10.0,90.0,30.0,38.46,0.181818182,1.0,0.0,0.0,11,0,False,False,False,False,True,False,False,False,False,False,True
7.0,71.42857143,14.28571429,40.02,0.0,1.0,0.0,0.0,0,0,True,False,False,False,False,False,False,False,True,False,False
11.0,54.54545455,27.27272727,120.0,0.0,1.0,1.0,0.0,0,-10,False,True,False,False,False,False,False,True,False,False,False
27.0,55.55555556,40.74074074,45.02,0.0,1.0,0.0,0.0,0,0,False,False,False,False,False,True,False,False,True,False,False
39.0,46.15384615,20.51282051,126.85,0.021929825,1.0,0.0,0.0,228,-12,False,False,True,False,False,False,False,False,False,False,True
28.0,35.71428571,0.0,40.02,0.0,1.0,0.0,0.0,0,0,False,True,False,False,False,False,False,False,False,True,False
44.0,18.18181818,6.818181818,43.45,0.001511335,0.0,0.0,0.0,1985,-2,False,False,False,False,True,False,False,False,False,True,False
43.0,9.302325581,4.651162791,53.8,0.142857143,1.0,0.0,0.0,14,0,False,False,False,False,True,False,False,True,False,False,False
5.0,20.0,20.0,40.02,0.0,1.0,0.0,0.0,0,0,False,True,False,False,False,False,False,False,True,False,False
39.0,30.76923077,12.82051282,48.41,0.045454545,1.0,0.0,0.0,44,-36,False,False,False,False,False,False,True,False,True,False,False
0.0,0.0,0.0,46.0,0.0,0.0,0.0,0.0,0,-1,True,False,False,False,False,False,False,False,True,False,False
2.0,100.0,0.0,40.02,0.0,1.0,0.0,0.0,0,0,False,True,False,False,False,False,False,False,True,False,False
52.0,28.84615385,21.15384615,67.41,0.011138614,1.0,0.0,0.0,808,-382,False,False,False,False,False,True,False,False,True,False,False
29.0,44.82758621,34.48275862,66.0,0.0833333333333333,1.0,0.0,0.0,36,0,False,False,False,False,False,False,True,False,False,True,False
30.0,0.0,0.0,40.02,0.0,1.0,0.0,0.0,0,-12,False,True,False,False,False,False,False,False,True,False,False
31.0,93.5483871,6.451612903,59.96,0.0,0.0,0.0,0.0,0,-5,False,False,False,False,True,False,False,False,True,False,False
42.0,9.523809524,0.0,28.5,0.035087719,1.0,0.0,0.0,57,0,False,False,False,False,False,False,True,False,True,False,False
45.0,0.0,0.0,99.33,0.0,0.0,0.0,0.0,0,0,False,False,False,False,False,True,False,False,True,False,False
0.0,0.0,0.0,51.37,0.0,0.0,0.0,0.0,0,-2,True,False,False,False,False,False,False,False,False,True,False
40.0,22.5,5.0,78.03,0.0,1.0,0.0,0.0,0,-30,False,False,False,False,False,True,False,False,False,False,True
45.0,0.0,0.0,116.43,0.0,1.0,0.0,0.0,0,0,False,False,False,False,False,True,False,False,False,True,False
47.0,6.382978723,0.0,39.02,0.137931034482759,0.0,0.0,0.0,87,-136,True,False,False,False,False,False,False,False,False,True,False
24.0,0.0,0.0,40.0,0.0,1.0,1.0,1.0,0,0,False,True,False,False,False,False,False,False,False,False,True
41.0,17.07317073,4.87804878,38.28,0.0,0.0,0.0,0.0,0,-15,False,False,False,False,False,True,False,False,False,False,True
27.0,18.51851852,3.703703704,89.52,0.0,1.0,0.0,0.0,0,-13,False,False,False,False,False,False,True,False,True,False,False
45.0,13.33333333,0.0,93.06,0.0,0.0,0.0,0.0,0,-10,False,False,False,False,False,False,True,False,True,False,False
25.0,92.0,4.0,30.25,0.0,1.0,0.0,0.0,0,-17,False,False,True,False,False,False,False,False,False,False,True
42.0,2.380952381,0.0,56.3,0.0,1.0,0.0,0.0,0,0,True,False,False,False,False,False,False,False,True,False,False
23.0,17.39130435,8.695652174,29.0,0.0,1.0,0.0,0.0,0,0,True,False,False,False,False,False,False,False,False,False,True
19.0,0.0,0.0,84.93,0.0,0.0,0.0,0.0,0,0,False,False,False,False,True,False,False,False,True,False,False
47.0,0.0,0.0,180.1,0.020576132,0.0,0.0,0.0,486,-7,True,False,False,False,False,False,False,False,False,True,False
38.0,5.263157895,0.0,40.02,0.0,1.0,1.0,0.0,0,-1,False,False,False,False,False,False,True,False,False,True,False
16.0,18.75,0.0,40.02,0.0,1.0,0.0,0.0,0,0,False,True,False,False,False,False,False,False,True,False,False
32.0,28.125,0.0,40.02,0.0,1.0,0.0,0.0,0,0,False,False,False,False,False,False,True,False,False,True,False
0.0,0.0,0.0,62.88,0.016949153,0.0,0.0,0.0,118,-74,False,False,False,False,True,False,False,False,True,False,False
0.0,0.0,0.0,50.72,0.0112994350282486,0.0,0.0,0.0,708,0,False,False,False,False,False,True,False,False,False,True,False
11.0,81.81818182,36.36363636,51.57,0.0,1.0,0.0,0.0,0,0,True,False,False,False,False,False,False,False,False,False,True
40.0,5.0,0.0,40.0,0.0,1.0,0.0,0.0,0,0,False,False,False,False,False,True,False,False,False,False,True
0.0,0.0,0.0,54.76,0.0,1.0,0.0,0.0,0,-4,False,True,False,False,False,False,False,False,False,True,False
0.0,0.0,0.0,31.92,0.0,0.0,0.0,0.0,0,-4,False,False,False,False,False,True,False,False,False,True,False
6.0,83.33333333,0.0,55.38,0.0,1.0,1.0,0.0,0,0,True,False,False,False,False,False,False,False,True,False,False
45.0,0.0,0.0,40.9,0.0,0.0,0.0,0.0,0,0,False,True,False,False,False,False,False,False,True,False,False
4.0,0.0,0.0,75.87,0.044847328,1.0,0.0,0.0,1048,-137,False,False,False,False,False,True,False,False,False,True,False
36.0,5.555555556,0.0,52.01,0.0,1.0,0.0,0.0,0,-19,False,False,False,False,False,False,True,False,True,False,False
47.0,0.0,0.0,74.34,0.078125,0.0,0.0,0.0,64,0,False,False,False,False,False,True,False,False,True,False,False
13.0,46.15384615,0.0,35.02,0.0,1.0,0.0,0.0,0,0,False,False,False,False,True,False,False,False,False,True,False
8.0,12.5,12.5,41.46,0.0,1.0,0.0,0.0,0,-1,False,False,False,False,False,True,False,False,True,False,False
33.0,63.63636364,18.18181818,48.65,0.085714286,1.0,0.0,0.0,35,-17,False,True,False,False,False,False,False,False,True,False,False
35.0,8.571428571,2.857142857,152.97,0.0,1.0,0.0,0.0,0,-16,False,False,False,False,False,True,False,False,False,False,True
33.0,6.060606061,3.03030303,29.83,0.0,1.0,0.0,0.0,0,-33,True,False,False,False,False,False,False,False,False,True,False
5.0,20.0,20.0,35.0,0.0,1.0,0.0,0.0,0,0,True,False,False,False,False,False,False,False,False,False,True
30.0,10.0,0.0,39.97,0.0,1.0,0.0,0.0,0,0,True,False,False,False,False,False,False,False,True,False,False
5.0,80.0,0.0,40.02,0.0,1.0,0.0,0.0,0,0,True,False,False,False,False,False,False,False,False,True,False
43.0,11.62790698,2.325581395,62.3,0.123214286,0.0,0.0,0.0,560,-287,False,True,False,False,False,False,False,False,False,True,False
6.0,100.0,33.33333333,40.02,0.0,1.0,1.0,1.0,0,0,False,False,False,False,True,False,False,False,False,False,True
26.0,23.07692308,15.38461538,23.53,0.0,1.0,0.0,0.0,0,-27,False,False,False,False,True,False,False,False,False,True,False
0.0,0.0,0.0,65.73,0.080788177,0.0,0.0,0.0,1015,-432,True,False,False,False,False,False,False,False,False,True,False
31.0,22.58064516,3.225806452,136.49,0.285714286,1.0,0.0,0.0,7,0,False,False,False,False,False,True,False,False,False,True,False
4.0,25.0,0.0,89.23,0.0,0.0,0.0,0.0,0,-55,False,False,True,False,False,False,False,True,False,False,False
32.0,3.125,0.0,40.02,0.0,1.0,0.0,0.0,0,0,True,False,False,False,False,False,False,False,True,False,False
47.0,0.0,0.0,72.99,0.04516129,0.0,0.0,0.0,310,-53,False,True,False,False,False,False,False,False,False,True,False
22.0,27.27272727,4.545454545,29.2,0.0,1.0,0.0,0.0,0,0,False,True,False,False,False,False,False,False,False,False,True
48.0,4.166666667,0.0,46.35,0.01744186,0.0,0.0,0.0,860,-60,False,True,False,False,False,False,False,False,True,False,False
0.0,0.0,0.0,44.87,0.333333333333333,0.0,0.0,0.0,6,0,False,False,False,False,True,False,False,False,False,True,False
29.0,37.93103448,6.896551724,48.83,0.119402985,1.0,0.0,0.0,67,-3,False,True,False,False,False,False,False,False,False,True,False
45.0,15.55555556,0.0,51.86,0.047619048,0.0,0.0,0.0,42,-8,False,False,False,False,False,True,False,False,True,False,False
16.0,0.0,0.0,50.18,0.0,0.0,0.0,0.0,0,0,False,False,False,False,True,False,False,False,True,False,False
22.0,22.72727273,22.72727273,69.72,0.035087719,0.0,0.0,0.0,57,0,False,False,False,False,False,False,True,False,False,True,False
45.0,4.444444444,0.0,53.59,0.25,0.0,0.0,0.0,8,-1,True,False,False,False,False,False,False,False,True,False,False
25.0,84.0,0.0,50.72,0.0,1.0,0.0,0.0,0,0,False,False,True,False,False,False,False,False,False,False,True
0.0,0.0,0.0,49.77,0.0,1.0,0.0,0.0,0,-89,False,False,False,False,False,True,False,False,False,False,True
0.0,0.0,0.0,45.3,0.066666667,1.0,0.0,0.0,30,-822,False,False,False,False,False,True,False,False,False,True,False
0.0,0.0,0.0,50.14,0.0,0.0,0.0,0.0,0,-57,False,True,False,False,False,False,False,False,True,False,False
17.0,0.0,0.0,92.08,0.0,0.0,0.0,0.0,0,-1,False,True,False,False,False,False,False,False,False,True,False
33.0,18.18181818,12.12121212,57.3,0.0,1.0,0.0,0.0,0,-30,False,True,False,False,False,False,False,False,False,True,False
48.0,2.083333333,2.083333333,145.53,0.020920502,0.0,0.0,0.0,239,0,False,False,False,False,True,False,False,False,False,True,False
33.0,0.0,0.0,49.69,0.0,1.0,0.0,0.0,0,0,False,False,False,False,True,False,False,False,False,False,True
36.0,91.66666667,22.22222222,49.67,0.038054968,1.0,0.0,0.0,473,-11,False,False,False,False,True,False,False,False,False,True,False
39.0,2.564102564,0.0,53.33,0.0,0.0,0.0,0.0,0,-53,False,True,False,False,False,False,False,False,True,False,False
20.0,10.0,5.0,40.0,0.0,1.0,0.0,0.0,0,0,False,False,False,False,True,False,False,False,False,False,True
35.0,2.857142857,2.857142857,40.02,0.0,1.0,0.0,0.0,0,0,False,False,False,False,False,True,False,False,False,True,False
0.0,0.0,0.0,16.39,0.0,0.0,0.0,0.0,0,0,False,False,False,False,True,False,False,False,True,False,False
35.0,60.0,37.14285714,89.08,0.138888889,1.0,1.0,0.0,36,-1,False,False,False,False,False,True,False,False,True,False,False
46.0,4.347826087,0.0,58.61,0.0,0.0,0.0,0.0,0,0,True,False,False,False,False,False,False,False,True,False,False
45.0,4.444444444,0.0,86.02,0.0,0.0,0.0,0.0,0,0,False,False,False,False,False,True,False,False,False,True,False
6.0,0.0,0.0,30.27,0.0,1.0,0.0,0.0,0,0,False,False,False,False,False,True,False,False,False,True,False
35.0,65.71428571,17.14285714,64.5,0.040816327,1.0,0.0,0.0,98,-3,True,False,False,False,False,False,False,False,False,False,True
35.0,14.28571429,5.714285714,58.04,0.058823529,1.0,0.0,1.0,85,0,False,False,False,False,True,False,False,False,False,False,True
7.0,85.71428571,14.28571429,40.0,0.0,1.0,0.0,0.0,0,0,False,True,False,False,False,False,False,False,False,False,True
0.0,0.0,0.0,51.67,0.333333333,0.0,0.0,0.0,6,0,False,False,False,False,False,False,True,False,False,True,False
28.0,25.0,14.28571429,206.15,0.025,1.0,0.0,0.0,80,0,False,True,False,False,False,False,False,False,True,False,False
28.0,25.0,3.571428571,40.02,0.0,1.0,0.0,0.0,0,-19,False,False,False,False,False,True,False,False,False,False,True
21.0,33.33333333,9.523809524,41.11,0.095238095,1.0,1.0,0.0,21,0,False,True,False,False,False,False,False,False,False,True,False
45.0,13.33333333,0.0,52.5,0.285714286,1.0,0.0,0.0,7,0,True,False,False,False,False,False,False,False,False,False,True
66.0,10.60606061,3.03030303,90.21,0.135185185,0.0,1.0,1.0,540,35,False,False,False,False,True,False,False,False,False,False,True
13.0,46.15384615,0.0,50.8,0.0,1.0,0.0,0.0,0,0,False,True,False,False,False,False,False,False,False,False,True
10.0,100.0,10.0,40.0,0.0,1.0,1.0,0.0,0,0,False,True,False,False,False,False,False,False,False,False,True
0.0,0.0,0.0,25.57,0.0,0.0,0.0,0.0,0,0,True,False,False,False,False,False,False,False,False,True,False
37.0,8.108108108,5.405405405,38.96,0.0,0.0,0.0,0.0,0,-169,False,False,False,False,True,False,False,False,True,False,False
0.0,0.0,0.0,27.57,0.0,0.0,0.0,0.0,0,-2,False,False,False,False,True,False,False,False,True,False,False
45.0,0.0,0.0,67.57,0.285714286,0.0,0.0,0.0,7,-3,False,False,False,False,False,True,False,False,True,False,False
42.0,11.9047619,2.380952381,206.11,0.0,0.0,0.0,0.0,0,-21,False,False,False,False,False,False,True,False,False,True,False
35.0,42.85714286,20.0,57.72,0.142857143,1.0,0.0,0.0,14,-3,False,False,False,False,False,False,True,False,False,False,True
37.0,5.405405405,0.0,58.08,0.0,1.0,0.0,1.0,0,-8,False,False,True,False,False,False,False,False,False,False,True
46.0,8.695652174,0.0,40.02,0.0,1.0,0.0,0.0,0,-1,False,True,False,False,False,False,False,False,False,False,True
29.0,20.68965517,0.0,73.92,0.0,1.0,0.0,0.0,0,0,True,False,False,False,False,False,False,False,False,True,False
30.0,86.66666667,30.0,69.78,0.0,0.0,0.0,0.0,0,-72,True,False,False,False,False,False,False,False,False,True,False
49.0,8.163265306,2.040816327,60.26,0.010804322,1.0,0.0,0.0,833,-1,True,False,False,False,False,False,False,False,False,True,False
5.0,80.0,20.0,74.92,0.0,1.0,0.0,0.0,0,0,True,False,False,False,False,False,False,False,False,True,False
45.0,4.444444444,0.0,93.23,0.055555556,0.0,0.0,0.0,36,0,False,False,False,False,False,False,True,False,False,True,False
42.0,26.19047619,2.380952381,44.97,0.006144393,0.0,0.0,0.0,651,-1,False,False,False,False,False,True,False,False,True,False,False
45.0,8.888888889,2.222222222,82.17,0.0,1.0,0.0,0.0,0,0,False,False,False,False,True,False,False,False,True,False,False
0.0,0.0,0.0,50.58,0.0,0.0,0.0,0.0,0,-136,False,False,False,False,True,False,False,False,True,False,False
30.0,63.33333333,13.33333333,67.21,0.0757575757575758,1.0,0.0,0.0,66,0,False,False,False,False,False,True,False,False,False,False,True
10.0,60.0,0.0,40.02,0.0,1.0,0.0,0.0,0,0,False,False,False,False,False,True,False,False,True,False,False
25.0,28.0,4.0,45.02,0.0,1.0,0.0,0.0,0,-2,False,False,False,False,False,True,False,False,True,False,False
15.0,33.33333333,26.66666667,70.56,0.0,1.0,1.0,0.0,0,0,False,False,False,False,False,True,False,False,False,True,False
32.0,12.5,0.0,47.65,0.0,1.0,1.0,0.0,0,0,True,False,False,False,False,False,False,False,True,False,False
36.0,27.77777778,5.555555556,42.08,0.041666667,1.0,1.0,0.0,72,0,False,True,False,False,False,False,False,False,True,False,False
44.0,31.81818182,2.272727273,19.26,0.0077594568380213,0.0,0.0,0.0,1031,-174,False,False,False,False,False,True,False,True,False,False,False
20.0,5.0,0.0,40.02,0.0,0.0,0.0,0.0,0,0,False,True,False,False,False,False,False,False,False,True,False
0.0,0.0,0.0,89.92,0.0,1.0,0.0,0.0,0,-2,False,False,False,False,False,False,True,False,False,True,False
40.0,10.0,0.0,128.88,0.0,0.0,0.0,0.0,0,-92,False,True,False,False,False,False,False,False,True,False,False
0.0,0.0,0.0,61.84,0.0,0.0,0.0,0.0,0,-73,False,True,False,False,False,False,False,False,True,False,False
45.0,11.11111111,4.444444444,40.16,0.0,1.0,0.0,0.0,0,0,False,False,False,False,False,False,True,False,True,False,False
10.0,50.0,10.0,45.98,0.0,1.0,0.0,0.0,0,0,False,False,False,False,False,True,False,False,False,False,True
53.0,20.75471698,7.547169811,37.91,0.042857143,1.0,1.0,0.0,70,0,False,False,False,False,True,False,False,False,False,True,False
46.0,4.347826087,0.0,54.85,0.142857142857143,0.0,0.0,0.0,42,-3,False,True,False,False,False,False,False,False,False,True,False
0.0,0.0,0.0,74.68,0.0,0.0,0.0,0.0,0,0,False,True,False,False,False,False,False,False,False,True,False
22.0,50.0,13.63636364,29.0,0.0,1.0,0.0,0.0,0,0,False,False,True,False,False,False,False,True,False,False,False
42.0,42.85714286,0.0,50.74,0.0,0.0,0.0,0.0,0,-33,False,False,False,False,False,True,False,False,False,False,True
24.0,8.333333333,4.166666667,40.0,0.0,1.0,0.0,0.0,0,0,False,False,True,False,False,False,False,True,False,False,False
27.0,0.0,0.0,40.02,0.0,1.0,0.0,0.0,0,-1,False,True,False,False,False,False,False,False,False,True,False
36.0,0.0,0.0,40.02,0.0,1.0,0.0,0.0,0,0,False,False,False,False,False,True,False,False,True,False,False
2.0,0.0,0.0,138.34,0.222222222,1.0,0.0,0.0,9,0,False,True,False,False,False,False,False,False,True,False,False
38.0,0.0,0.0,40.25,0.0,1.0,0.0,0.0,0,-1,False,False,False,False,False,True,False,False,True,False,False
29.0,79.31034483,0.0,173.08,0.107913669,0.0,0.0,0.0,139,0,False,False,False,False,True,False,False,False,False,True,False
18.0,38.88888889,11.11111111,79.8,0.0,1.0,0.0,0.0,0,-15,True,False,False,False,False,False,False,False,True,False,False
8.0,75.0,12.5,31.0,0.0,1.0,0.0,0.0,0,0,False,False,False,False,False,True,False,True,False,False,False
33.0,0.0,0.0,40.02,0.0,1.0,0.0,0.0,0,0,False,True,False,False,False,False,False,False,True,False,False
3.0,66.66666667,33.33333333,43.2,0.0,1.0,0.0,0.0,0,-4,True,False,False,False,False,False,False,False,False,False,True
43.0,4.651162791,4.651162791,40.25,0.0,1.0,1.0,0.0,0,-1,False,False,False,False,True,False,False,False,False,True,False
0.0,0.0,0.0,51.6,0.0,0.0,0.0,0.0,0,-35,False,False,False,False,False,False,True,False,False,True,False
45.0,33.33333333,2.222222222,60.62,0.012008734,0.0,0.0,0.0,916,-5,False,False,False,False,True,False,False,False,False,True,False
43.0,4.651162791,4.651162791,81.84,0.0,1.0,0.0,0.0,0,-35,True,False,False,False,False,False,False,False,False,False,True
56.0,5.357142857,0.0,140.34,0.0,1.0,1.0,0.0,0,-67,False,False,False,False,True,False,False,False,False,True,False
8.0,100.0,12.5,64.24,0.0,1.0,0.0,0.0,0,-157,False,False,True,False,False,False,False,True,False,False,False
37.0,18.91891892,8.108108108,87.39,0.11627907,1.0,0.0,0.0,43,-12,False,False,False,False,False,True,False,False,False,False,True
36.0,8.333333333,0.0,151.87,0.076923077,1.0,0.0,0.0,26,-16,True,False,False,False,False,False,False,False,False,True,False
44.0,6.818181818,2.272727273,53.65,0.0,1.0,0.0,0.0,0,0,False,False,False,False,False,True,False,False,False,True,False
43.0,32.55813953,11.62790698,43.4,0.0,0.0,0.0,0.0,0,-15,False,False,False,False,True,False,False,False,True,False,False
30.0,10.0,6.666666667,79.42,0.103448276,1.0,1.0,0.0,29,0,False,True,False,False,False,False,False,False,False,True,False
49.0,4.081632653,0.0,40.34,0.0352112676056338,0.0,0.0,0.0,568,-3,True,False,False,False,False,False,False,False,True,False,False
18.0,88.88888889,16.66666667,40.02,0.0,1.0,0.0,0.0,0,0,True,False,False,False,False,False,False,False,True,False,False
44.0,11.36363636,2.272727273,47.15,0.0,1.0,0.0,0.0,0,-6,False,False,False,False,False,True,False,False,False,False,True
45.0,0.0,0.0,104.99,0.0,1.0,0.0,0.0,0,-14,False,False,True,False,False,False,False,True,False,False,False
45.0,0.0,0.0,63.95,0.0,1.0,0.0,0.0,0,-29,True,False,False,False,False,False,False,False,True,False,False
35.0,5.714285714,2.857142857,40.0,0.0,1.0,0.0,0.0,0,0,False,False,False,False,True,False,False,False,False,False,True
38.0,10.52631579,0.0,40.02,0.0,1.0,0.0,1.0,0,-96,False,True,False,False,False,False,False,False,False,False,True
6.0,100.0,66.66666667,40.02,0.0,1.0,1.0,0.0,0,0,False,False,False,False,True,False,False,False,True,False,False
41.0,31.70731707,7.317073171,41.17,0.0,1.0,0.0,0.0,0,-1,False,False,False,False,False,True,False,False,False,False,True
0.0,0.0,0.0,77.13,0.0,0.0,0.0,0.0,0,7,False,False,False,False,True,False,False,False,False,False,True
47.0,6.382978723,0.0,109.63,0.171875,1.0,0.0,0.0,64,0,False,False,False,False,False,True,False,True,False,False,False
16.0,0.0,0.0,83.29,0.012658228,0.0,0.0,0.0,237,-2,False,True,False,False,False,False,False,False,False,True,False
22.0,95.45454545,0.0,92.95,0.0,1.0,0.0,0.0,0,-15,False,False,False,False,False,True,False,False,True,False,False
27.0,14.81481481,7.407407407,40.02,0.0,1.0,0.0,0.0,0,0,False,False,False,False,False,True,False,False,False,True,False
8.0,87.5,25.0,40.02,0.0,1.0,0.0,0.0,0,0,False,True,False,False,False,False,False,False,True,False,False
0.0,0.0,0.0,50.03,0.0,0.0,0.0,0.0,0,0,False,False,False,False,True,False,False,False,False,True,False
3.0,100.0,33.33333333,40.02,0.0,1.0,0.0,0.0,0,0,False,False,False,False,False,False,True,False,False,False,True
9.0,33.33333333,11.11111111,35.0,0.0,1.0,0.0,0.0,0,0,False,False,False,False,True,False,False,True,False,False,False
22.0,72.72727273,27.27272727,77.34,0.0,1.0,1.0,0.0,0,-33,False,False,True,False,False,False,False,True,False,False,False
3.0,100.0,33.33333333,31.84,0.0,1.0,0.0,0.0,0,-1,False,True,False,False,False,False,False,False,False,False,True
32.0,9.375,6.25,109.25,0.051282051,1.0,1.0,0.0,39,0,False,False,False,False,False,True,False,False,False,False,True
43.0,11.62790698,4.651162791,50.43,0.0,0.0,0.0,0.0,0,-18,True,False,False,False,False,False,False,False,True,False,False
35.0,80.0,0.0,36.89,0.095238095,0.0,0.0,0.0,21,-38,True,False,False,False,False,False,False,False,False,False,True
26.0,0.0,0.0,61.94,0.0,1.0,0.0,0.0,0,-14,False,False,False,False,False,False,True,False,True,False,False
45.0,6.666666667,6.666666667,72.04,0.0413223140495868,1.0,0.0,0.0,121,0,False,True,False,False,False,False,False,False,True,False,False
9.0,88.88888889,0.0,51.25,0.0,1.0,0.0,0.0,0,-49,False,False,False,False,True,False,False,False,True,False,False
46.0,13.04347826,4.347826087,78.81,0.0,0.0,0.0,0.0,0,0,False,False,False,False,False,True,False,False,False,False,True
19.0,57.89473684,21.05263158,31.0,0.0,1.0,0.0,0.0,0,0,False,True,False,False,False,False,False,False,False,False,True
11.0,18.18181818,9.090909091,40.02,0.0,1.0,0.0,0.0,0,0,True,False,False,False,False,False,False,False,True,False,False
36.0,0.0,0.0,97.72,0.0,1.0,1.0,0.0,0,0,False,False,False,False,True,False,False,False,True,False,False
57.0,3.50877193,1.754385965,143.67,0.058139535,0.0,0.0,0.0,344,0,False,True,False,False,False,False,False,False,True,False,False
44.0,2.272727273,2.272727273,56.45,0.014925373,0.0,0.0,0.0,201,-640,False,False,False,False,True,False,False,False,False,True,False
0.0,0.0,0.0,56.9,0.285714286,0.0,0.0,0.0,7,-2,False,False,False,False,False,True,False,False,False,True,False
37.0,91.89189189,8.108108108,65.39,0.060606061,1.0,0.0,0.0,99,-10,False,True,False,False,False,False,False,False,False,False,True
16.0,93.75,12.5,40.02,0.0,1.0,1.0,0.0,0,0,False,False,False,False,False,True,False,False,True,False,False
0.0,0.0,0.0,50.73,0.0,0.0,0.0,0.0,0,0,False,True,False,False,False,False,False,False,True,False,False
39.0,15.38461538,10.25641026,54.6,0.0,1.0,0.0,0.0,0,-15,False,False,False,False,True,False,False,False,False,False,True
16.0,12.5,6.25,29.02,0.0,1.0,0.0,0.0,0,0,False,False,False,False,False,True,False,False,False,False,True
41.0,34.14634146,2.43902439,55.73,0.15625,0.0,0.0,0.0,32,-21,False,False,False,False,False,True,False,False,False,True,False
45.0,2.222222222,0.0,23.71,0.0,1.0,0.0,0.0,0,-6,False,False,False,False,True,False,False,False,True,False,False
41.0,17.07317073,4.87804878,86.69,0.0377358490566038,0.0,0.0,0.0,53,0,False,False,False,False,False,True,False,False,True,False,False
3.0,33.33333333,0.0,40.02,0.0,1.0,0.0,0.0,0,-13,False,False,False,False,False,True,False,False,True,False,False
32.0,9.375,0.0,49.1,0.142857142857143,1.0,0.0,0.0,14,-5,True,False,False,False,False,False,False,False,False,False,True
20.0,30.0,10.0,65.01,0.043478261,0.0,0.0,0.0,46,-245,False,True,False,False,False,False,False,False,False,True,False
42.0,4.761904762,0.0,40.02,0.0,1.0,0.0,0.0,0,0,False,False,False,False,False,True,False,False,False,False,True
44.0,61.36363636,20.45454545,60.64,0.011678832,1.0,0.0,0.0,685,-337,False,True,False,False,False,False,False,False,False,True,False
41.0,34.14634146,2.43902439,62.18,0.178571429,0.0,0.0,0.0,56,-55,False,False,False,False,False,True,False,False,True,False,False
45.0,64.44444444,22.22222222,57.51,0.0826771653543307,1.0,0.0,0.0,254,-63,False,False,True,False,False,False,False,False,False,False,True
43.0,4.651162791,0.0,39.95,0.028571429,1.0,0.0,0.0,70,0,False,False,False,False,False,False,True,False,False,False,True
45.0,11.11111111,2.222222222,46.63,0.028169014,0.0,0.0,0.0,71,-49,False,False,False,False,False,True,False,False,False,False,True
28.0,53.57142857,10.71428571,49.04,0.133333333,1.0,0.0,0.0,15,-32,False,False,False,False,True,False,False,False,False,False,True
0.0,0.0,0.0,53.92,0.0,0.0,0.0,0.0,0,-205,False,False,False,False,False,False,True,False,False,True,False
28.0,25.0,10.71428571,40.0,0.0,1.0,0.0,1.0,0,0,False,False,False,False,False,False,True,False,False,False,True
4.0,25.0,0.0,40.02,0.0,1.0,0.0,0.0,0,-1,False,False,False,False,False,True,False,False,True,False,False
35.0,0.0,0.0,40.0,0.0,1.0,0.0,0.0,0,0,False,False,True,False,False,False,False,True,False,False,False
31.0,9.677419355,9.677419355,38.46,0.285714285714286,1.0,1.0,0.0,7,0,True,False,False,False,False,False,False,False,True,False,False
0.0,0.0,0.0,40.0,0.0,1.0,0.0,0.0,0,0,True,False,False,False,False,False,False,False,False,False,True
46.0,19.56521739,0.0,45.78,0.0784313725490196,1.0,0.0,0.0,51,0,False,True,False,False,False,False,False,False,False,True,False
33.0,0.0,0.0,63.85,0.0,1.0,0.0,0.0,0,0,True,False,False,False,False,False,False,False,True,False,False
7.0,0.0,0.0,45.13,0.0,1.0,0.0,0.0,0,0,True,False,False,False,False,False,False,False,True,False,False
39.0,20.51282051,5.128205128,34.0,0.0,1.0,0.0,0.0,0,-33,False,True,False,False,False,False,False,False,False,False,True
30.0,6.666666667,0.0,39.97,0.0,1.0,1.0,0.0,0,-1,True,False,False,False,False,False,False,False,True,False,False
45.0,0.0,0.0,99.43,0.0,1.0,0.0,0.0,0,0,False,False,False,False,False,True,False,False,False,False,True
26.0,11.53846154,7.692307692,32.7,0.088235294,1.0,0.0,0.0,34,0,False,True,False,False,False,False,False,False,False,False,True
0.0,0.0,0.0,115.68,0.0447761194029851,1.0,0.0,0.0,134,33,False,False,False,True,False,False,False,False,False,False,True
18.0,77.77777778,5.555555556,100.47,0.136752136752137,0.0,1.0,0.0,1053,-45,False,False,False,False,True,False,False,False,False,True,False
18.0,83.33333333,5.555555556,50.92,0.0,1.0,0.0,0.0,0,-35,False,False,False,False,True,False,False,True,False,False,False
0.0,0.0,0.0,75.54,0.0671641791044776,1.0,0.0,0.0,268,-2,False,True,False,False,False,False,False,False,True,False,False
16.0,43.75,18.75,35.02,0.0,1.0,0.0,0.0,0,0,False,False,False,False,False,True,False,False,False,False,True
33.0,6.060606061,0.0,40.02,0.0,1.0,0.0,0.0,0,0,False,False,False,False,True,False,False,False,True,False,False
0.0,0.0,0.0,52.42,0.085714286,0.0,0.0,0.0,35,0,False,False,False,False,False,True,False,False,False,True,False
0.0,0.0,0.0,48.57,0.010810811,1.0,0.0,0.0,370,-91,False,False,False,False,False,True,False,False,True,False,False
33.0,12.12121212,6.060606061,40.0,0.0,1.0,0.0,0.0,0,-38,False,False,False,False,False,False,True,False,False,False,True
0.0,0.0,0.0,94.84,0.068181818,1.0,0.0,0.0,44,0,False,True,False,False,False,False,False,False,False,False,True
42.0,7.142857143,4.761904762,55.79,0.06122449,1.0,1.0,0.0,98,0,True,False,False,False,False,False,False,False,True,False,False
0.0,0.0,0.0,45.99,0.016949153,0.0,0.0,0.0,118,-4,True,False,False,False,False,False,False,False,False,True,False
45.0,17.77777778,0.0,102.51,0.0,1.0,0.0,0.0,0,-11,False,False,True,False,False,False,False,True,False,False,False
29.0,100.0,0.0,70.67,0.006185567,1.0,0.0,0.0,485,0,False,True,False,False,False,False,False,False,True,False,False
16.0,0.0,0.0,53.36,0.0,0.0,0.0,0.0,0,-7,True,False,False,False,False,False,False,False,False,True,False
46.0,10.86956522,4.347826087,68.85,0.016172507,0.0,0.0,0.0,742,-602,False,False,False,False,False,True,False,False,False,True,False
45.0,4.444444444,0.0,164.11,0.0,0.0,0.0,0.0,0,0,True,False,False,False,False,False,False,False,True,False,False
34.0,5.882352941,5.882352941,44.68,0.0,1.0,0.0,0.0,0,-1,True,False,False,False,False,False,False,False,False,False,True
49.0,2.040816327,0.0,186.07,0.103092783505155,0.0,0.0,0.0,194,-54,False,True,False,False,False,False,False,False,True,False,False
5.0,80.0,40.0,46.12,0.0,1.0,0.0,0.0,0,-8,False,False,False,False,False,True,False,False,False,False,True
39.0,28.20512821,7.692307692,42.09,0.016042781,1.0,0.0,0.0,187,0,False,False,False,False,False,True,False,False,True,False,False
0.0,0.0,0.0,51.02,0.0,1.0,0.0,0.0,0,0,False,True,False,False,False,False,False,False,False,True,False
49.0,51.02040816,4.081632653,57.31,0.0,0.0,0.0,0.0,0,-238,False,False,False,False,False,True,False,False,True,False,False
41.0,12.19512195,0.0,95.75,0.005524861878453,0.0,0.0,0.0,543,0,False,False,False,False,False,True,False,False,True,False,False
44.0,15.90909091,2.272727273,50.47,0.105263157894737,1.0,0.0,0.0,19,-27,False,False,False,False,True,False,False,False,True,False,False
47.0,12.76595745,0.0,152.28,0.0,0.0,0.0,0.0,0,-140,True,False,False,False,False,False,False,False,True,False,False
30.0,16.66666667,3.333333333,40.02,0.0,1.0,0.0,0.0,0,0,False,False,False,False,True,False,False,False,False,True,False
0.0,0.0,0.0,40.0,0.0,1.0,0.0,0.0,0,-1,False,False,True,False,False,False,False,False,False,False,True
0.0,0.0,0.0,84.21,0.088235294,0.0,0.0,0.0,34,0,False,False,False,False,True,False,False,False,False,True,False
10.0,90.0,30.0,209.23,0.181818182,1.0,0.0,1.0,11,0,False,False,False,False,True,False,False,False,True,False,False
40.0,12.5,0.0,35.0,0.0,1.0,0.0,0.0,0,-112,False,False,True,False,False,False,False,False,False,False,True
36.0,69.44444444,19.44444444,64.73,0.0,0.0,0.0,0.0,0,0,False,False,False,False,False,True,False,False,False,False,True
40.0,7.5,5.0,79.71,0.0,1.0,0.0,0.0,0,0,False,False,False,False,False,True,False,True,False,False,False
0.0,0.0,0.0,33.45,0.044368601,0.0,0.0,0.0,293,-656,False,False,False,False,False,False,True,False,False,True,False
38.0,84.21052632,0.0,41.89,0.015503876,0.0,1.0,0.0,258,-47,False,False,False,False,True,False,False,False,True,False,False
0.0,0.0,0.0,31.3,0.0,0.0,0.0,0.0,0,-66,False,False,False,False,False,True,False,False,False,True,False
16.0,37.5,18.75,31.0,0.0,1.0,0.0,0.0,0,0,False,False,True,False,False,False,False,True,False,False,False
45.0,0.0,0.0,35.7,0.0,0.0,0.0,0.0,0,0,False,False,False,False,True,False,False,False,False,True,False
0.0,0.0,0.0,153.22,0.0,1.0,0.0,0.0,0,-15,False,False,False,False,False,True,False,False,False,False,True
22.0,18.18181818,0.0,139.78,0.070422535,0.0,0.0,0.0,71,-6,False,False,False,False,True,False,False,False,False,False,True
42.0,9.523809524,0.0,91.4,0.0,1.0,0.0,0.0,0,0,False,False,False,False,False,True,False,False,False,False,True
11.0,100.0,9.090909091,46.11,0.0,1.0,0.0,0.0,0,-35,False,False,False,False,True,False,False,False,False,False,True
22.0,13.63636364,4.545454545,40.02,0.0,1.0,1.0,1.0,0,-4,False,False,False,False,False,False,True,False,False,False,True
46.0,0.0,0.0,40.02,0.0,1.0,0.0,0.0,0,0,False,False,False,False,True,False,False,False,True,False,False
0.0,0.0,0.0,54.55,0.0,0.0,0.0,0.0,0,0,False,True,False,False,False,False,False,False,True,False,False
0.0,0.0,0.0,51.95,0.0,0.0,0.0,0.0,0,0,False,False,False,False,False,True,False,False,True,False,False
39.0,92.30769231,15.38461538,35.67,0.0689655172413793,0.0,0.0,0.0,261,-12,False,False,False,False,False,True,False,False,True,False,False
32.0,18.75,15.625,48.12,0.0,1.0,1.0,0.0,0,0,True,False,False,False,False,False,False,False,True,False,False
43.0,20.93023256,0.0,51.87,0.0,0.0,0.0,0.0,0,0,True,False,False,False,False,False,False,False,True,False,False
47.0,2.127659574,0.0,49.86,0.15819209,1.0,1.0,0.0,177,0,False,True,False,False,False,False,False,False,False,True,False
0.0,0.0,0.0,45.08,0.0,0.0,0.0,0.0,0,-78,False,False,False,False,False,True,False,True,False,False,False
37.0,72.97297297,0.0,97.26,0.079443893,0.0,0.0,0.0,1007,-93,False,False,False,False,False,True,False,False,False,True,False
45.0,0.0,0.0,52.55,0.0,0.0,0.0,0.0,0,-7,False,False,False,False,False,False,True,False,True,False,False
38.0,7.894736842,2.631578947,55.46,0.025974026,0.0,0.0,0.0,154,-4,True,False,False,False,False,False,False,False,False,True,False
0.0,0.0,0.0,52.21,0.0,0.0,0.0,0.0,0,0,False,False,False,False,False,True,False,False,False,True,False
48.0,4.166666667,0.0,51.33,0.083333333,0.0,0.0,0.0,84,28,True,False,False,False,False,False,False,False,True,False,False
43.0,30.23255814,9.302325581,71.88,0.0,1.0,0.0,0.0,0,-2,False,False,False,False,False,True,False,False,True,False,False
44.0,9.090909091,9.090909091,73.62,0.0,1.0,0.0,0.0,0,-16,True,False,False,False,False,False,False,False,False,False,True
19.0,68.42105263,15.78947368,39.95,0.0,1.0,0.0,0.0,0,-1,False,True,False,False,False,False,False,False,True,False,False
4.0,50.0,0.0,40.02,0.0,1.0,0.0,0.0,0,0,False,False,False,False,False,False,True,False,True,False,False
36.0,11.11111111,11.11111111,59.49,0.0540540540540541,1.0,0.0,0.0,37,-1,False,False,False,False,False,False,True,False,True,False,False
0.0,0.0,0.0,15.72,0.0,0.0,0.0,0.0,0,0,False,True,False,False,False,False,False,False,False,True,False
38.0,28.94736842,2.631578947,73.96,0.0,1.0,0.0,0.0,0,-10,True,False,False,False,False,False,False,False,False,True,False
16.0,0.0,0.0,68.88,0.05,0.0,0.0,0.0,40,-14,False,False,False,False,False,False,True,False,True,False,False
37.0,2.702702703,0.0,71.06,0.1875,1.0,0.0,0.0,16,-12,False,True,False,False,False,False,False,False,True,False,False
0.0,0.0,0.0,50.57,0.0,0.0,0.0,0.0,0,0,False,False,False,False,False,True,False,False,False,True,False
16.0,0.0,0.0,16.83,0.0,0.0,0.0,0.0,0,-161,True,False,False,False,False,False,False,False,False,True,False
31.0,0.0,0.0,30.0,0.222222222222222,1.0,0.0,1.0,9,0,False,True,False,False,False,False,False,False,True,False,False
35.0,17.14285714,5.714285714,29.56,0.0,1.0,0.0,0.0,0,-16,False,False,True,False,False,False,False,False,False,False,True
47.0,0.0,0.0,101.2,0.063311688,0.0,0.0,0.0,616,0,False,False,False,False,False,False,True,False,False,True,False
7.0,85.71428571,28.57142857,41.47,0.0,1.0,0.0,0.0,0,0,True,False,False,False,False,False,False,False,False,True,False
0.0,0.0,0.0,51.1,0.0,0.0,0.0,0.0,0,0,False,False,False,False,True,False,False,False,True,False,False
57.0,0.0,0.0,76.32,0.063197026,1.0,0.0,0.0,269,0,False,True,False,False,False,False,False,False,True,False,False
43.0,23.25581395,0.0,81.02,0.0,0.0,0.0,0.0,0,1,False,False,False,False,False,True,False,False,True,False,False
36.0,5.555555556,2.777777778,30.89,0.0,1.0,0.0,0.0,0,-12,True,False,False,False,False,False,False,False,False,False,True
48.0,4.166666667,0.0,44.9,0.017094017,1.0,0.0,0.0,117,-9,False,True,False,False,False,False,False,False,True,False,False
9.0,0.0,0.0,40.2,0.0,1.0,1.0,0.0,0,0,False,False,False,False,False,True,False,False,False,False,True
12.0,33.33333333,0.0,40.02,0.0,1.0,0.0,1.0,0,0,False,True,False,False,False,False,False,False,False,False,True
45.0,6.666666667,0.0,95.18,0.0,1.0,0.0,1.0,0,-51,False,True,False,False,False,False,False,False,False,False,True
40.0,45.0,12.5,83.66,0.0,0.0,0.0,0.0,0,-567,True,False,False,False,False,False,False,False,True,False,False
51.0,9.803921569,7.843137255,59.07,0.056055363,0.0,0.0,0.0,1445,-153,False,True,False,False,False,False,False,False,False,True,False
36.0,11.11111111,2.777777778,40.02,0.0,1.0,0.0,0.0,0,0,False,False,False,False,False,False,True,False,False,False,True
0.0,0.0,0.0,26.32,0.012114537,0.0,0.0,0.0,908,-44,False,False,False,False,True,False,False,False,True,False,False
0.0,0.0,0.0,30.0,0.0,0.0,0.0,0.0,0,39,False,False,False,True,False,False,False,False,False,False,True
40.0,22.5,12.5,76.76,0.016166282,0.0,0.0,0.0,433,-1,False,False,False,True,False,False,False,False,False,False,True
0.0,0.0,0.0,24.42,0.0,0.0,0.0,0.0,0,-23,False,False,False,False,True,False,False,False,False,True,False
44.0,0.0,0.0,41.0,0.0,0.0,0.0,0.0,0,-641,False,True,False,False,False,False,False,False,True,False,False
42.0,19.04761905,0.0,67.58,0.0873015873015873,1.0,0.0,0.0,126,0,False,True,False,False,False,False,False,False,False,True,False
44.0,20.45454545,2.272727273,49.06,0.0363636363636364,1.0,0.0,0.0,440,-3,False,True,False,False,False,False,False,False,True,False,False
13.0,84.61538462,15.38461538,35.0,0.0,1.0,0.0,0.0,0,0,False,False,False,False,False,True,False,False,False,False,True
48.0,4.166666667,0.0,102.41,0.029900332,0.0,0.0,0.0,301,0,True,False,False,False,False,False,False,False,False,True,False
45.0,0.0,0.0,53.2,0.153846154,0.0,0.0,0.0,13,-14,False,False,False,False,False,False,True,False,True,False,False
11.0,72.72727273,0.0,40.02,0.0,1.0,0.0,0.0,0,-20,True,False,False,False,False,False,False,False,True,False,False
44.0,2.272727273,0.0,87.44,0.0,0.0,0.0,0.0,0,-449,False,False,False,False,True,False,False,False,True,False,False
2.0,50.0,0.0,55.72,0.016382253,1.0,0.0,0.0,1465,-1,False,True,False,False,False,False,False,False,False,False,True
0.0,0.0,0.0,62.35,0.007407407,0.0,0.0,0.0,540,-56,False,False,False,False,False,False,True,False,False,True,False
43.0,9.302325581,4.651162791,40.02,0.0,1.0,0.0,0.0,0,0,False,False,False,False,False,False,True,False,False,True,False
26.0,61.53846154,3.846153846,84.9,0.0,1.0,0.0,0.0,0,0,False,True,False,False,False,False,False,False,True,False,False
38.0,7.894736842,5.263157895,26.97,0.0,1.0,0.0,0.0,0,-25,False,False,False,False,False,True,False,False,False,False,True
0.0,0.0,0.0,67.94,0.0,0.0,0.0,0.0,0,-4,False,False,False,False,True,False,False,False,True,False,False
45.0,0.0,0.0,68.97,0.0,1.0,0.0,0.0,0,-14,False,True,False,False,False,False,False,False,True,False,False
16.0,0.0,0.0,52.25,0.0,0.0,0.0,0.0,0,-1,True,False,False,False,False,False,False,False,False,True,False
32.0,18.75,0.0,40.02,0.0,1.0,0.0,0.0,0,-4,False,False,False,False,False,True,False,False,True,False,False
42.0,33.33333333,9.523809524,40.02,0.0,1.0,0.0,0.0,0,0,False,False,False,False,True,False,False,False,True,False,False
38.0,5.263157895,2.631578947,30.13,0.0,1.0,0.0,0.0,0,-1,False,True,False,False,False,False,False,False,False,False,True
0.0,0.0,0.0,17.65,0.0,1.0,0.0,0.0,0,0,False,False,False,False,False,False,True,False,False,False,True
45.0,4.444444444,0.0,69.9,0.0,1.0,0.0,0.0,0,-1,True,False,False,False,False,False,False,False,True,False,False
34.0,11.76470588,8.823529412,38.46,0.153846154,1.0,0.0,0.0,13,0,False,False,False,False,True,False,False,False,False,True,False
0.0,0.0,0.0,52.77,0.013888889,0.0,0.0,0.0,288,0,False,False,False,False,False,True,False,False,False,True,False
8.0,100.0,37.5,120.02,0.0,1.0,0.0,0.0,0,0,False,False,False,False,True,False,False,False,True,False,False
47.0,2.127659574,0.0,105.63,0.07,0.0,0.0,0.0,100,0,False,True,False,False,False,False,False,False,False,True,False
44.0,77.27272727,6.818181818,185.46,0.077687444,1.0,0.0,1.0,1107,-329,False,True,False,False,False,False,False,False,False,True,False
30.0,6.666666667,0.0,40.02,0.0,1.0,0.0,0.0,0,0,False,False,False,False,False,True,False,False,False,True,False
32.0,46.875,9.375,38.97,0.0,1.0,0.0,0.0,0,-21,False,False,False,False,False,True,False,False,False,False,True
10.0,50.0,10.0,29.1,0.0,1.0,0.0,0.0,0,-2,False,False,False,False,False,True,False,False,False,False,True
38.0,68.42105263,0.0,42.69,0.0,1.0,0.0,0.0,0,-28,False,True,False,False,False,False,False,False,True,False,False
1.0,0.0,0.0,51.58,0.024154589,0.0,0.0,0.0,207,0,False,True,False,False,False,False,False,False,False,True,False
26.0,96.15384615,3.846153846,7.25,0.0,1.0,0.0,0.0,0,-35,False,False,False,False,True,False,False,False,False,False,True
0.0,0.0,0.0,145.91,0.0,0.0,0.0,0.0,0,-18,False,False,False,False,False,True,False,False,True,False,False
38.0,0.0,0.0,40.02,0.0,1.0,0.0,0.0,0,-19,False,False,False,False,False,True,False,False,True,False,False
54.0,3.703703704,0.0,46.86,0.016,0.0,0.0,0.0,375,-470,False,False,False,False,False,False,True,False,False,True,False
0.0,0.0,0.0,83.45,0.0,0.0,0.0,0.0,0,0,True,False,False,False,False,False,False,False,False,True,False
35.0,97.14285714,20.0,59.36,0.142857143,1.0,1.0,1.0,14,-42,False,False,False,False,False,False,True,False,False,False,True
31.0,16.12903226,6.451612903,31.0,0.0,1.0,0.0,0.0,0,0,False,False,False,False,False,True,False,False,False,False,True
46.0,2.173913043,0.0,52.43,0.166666667,0.0,0.0,0.0,12,0,False,False,False,False,False,True,False,False,True,False,False
26.0,76.92307692,7.692307692,61.72,0.0,1.0,0.0,0.0,0,-12,False,True,False,False,False,False,False,False,False,True,False
0.0,0.0,0.0,14.01,0.042857143,0.0,0.0,0.0,140,0,False,False,False,False,False,True,False,False,False,True,False
28.0,64.28571429,39.28571429,49.4,0.019417476,1.0,0.0,0.0,103,-3,False,False,False,False,False,True,False,False,False,True,False
35.0,22.85714286,11.42857143,46.48,0.0,0.0,0.0,0.0,0,39,False,False,False,True,False,False,False,False,False,False,True
40.0,32.5,2.5,141.77,0.0,0.0,0.0,0.0,0,-76,False,False,False,False,True,False,False,False,True,False,False
45.0,0.0,0.0,54.51,0.0,0.0,0.0,0.0,0,0,False,False,False,False,False,True,False,False,True,False,False
42.0,23.80952381,2.380952381,40.0,0.0,1.0,0.0,0.0,0,0,False,False,False,False,True,False,False,False,False,False,True
0.0,0.0,0.0,128.05,0.0,0.0,0.0,0.0,0,0,False,False,False,False,True,False,False,False,False,True,False
44.0,0.0,0.0,40.0,0.0,1.0,0.0,0.0,0,0,False,False,False,False,False,True,False,False,False,False,True
53.0,11.32075472,3.773584906,97.74,0.016768293,1.0,0.0,0.0,656,-408,False,False,False,False,True,False,False,False,True,False,False
40.0,7.5,0.0,40.02,0.0,1.0,0.0,0.0,0,0,True,False,False,False,False,False,False,False,True,False,False
41.0,24.3902439,12.19512195,75.07,0.0,1.0,0.0,0.0,0,-13,False,False,True,False,False,False,False,False,False,False,True
55.0,12.72727273,1.818181818,71.43,0.048951049,0.0,0.0,0.0,286,0,False,True,False,False,False,False,False,False,False,True,False
0.0,0.0,0.0,30.23,0.0,0.0,0.0,0.0,0,-28,False,False,False,False,False,True,False,False,True,False,False
34.0,8.823529412,0.0,44.06,0.035087719,1.0,0.0,0.0,57,0,True,False,False,False,False,False,False,False,False,False,True
37.0,0.0,0.0,40.02,0.0,1.0,1.0,0.0,0,0,False,True,False,False,False,False,False,False,False,True,False
28.0,50.0,0.0,83.59,0.0,0.0,0.0,0.0,0,0,False,False,False,True,False,False,False,False,False,False,True
0.0,0.0,0.0,56.31,0.0,0.0,0.0,0.0,0,0,False,False,False,False,True,False,False,False,False,True,False
27.0,3.703703704,0.0,68.66,0.081081081,0.0,0.0,0.0,407,0,True,False,False,False,False,False,False,False,False,True,False
43.0,6.976744186,2.325581395,100.76,0.0,0.0,0.0,0.0,0,-159,False,False,False,False,False,False,True,False,False,False,True
14.0,21.42857143,0.0,51.48,0.0,1.0,0.0,0.0,0,0,False,False,False,False,False,True,False,False,False,False,True
44.0,2.272727273,0.0,125.63,0.0,0.0,0.0,0.0,0,-322,False,False,False,False,False,False,True,False,True,False,False
4.0,50.0,25.0,51.02,0.0,1.0,0.0,0.0,0,-50,False,False,False,False,False,True,False,False,False,True,False
2.0,50.0,0.0,40.2,0.0,1.0,0.0,0.0,0,0,False,True,False,False,False,False,False,False,True,False,False
35.0,71.42857143,22.85714286,99.71,0.0,1.0,1.0,0.0,0,-165,False,False,False,False,True,False,False,False,False,False,True
35.0,77.14285714,2.857142857,101.8,0.0,1.0,0.0,0.0,0,-14,False,False,False,False,False,True,False,False,False,False,True
36.0,2.777777778,2.777777778,58.06,0.0,0.0,0.0,0.0,0,0,False,False,False,True,False,False,False,False,False,False,True
40.0,70.0,7.5,194.29,0.039045553,0.0,0.0,0.0,461,-737,True,False,False,False,False,False,False,False,True,False,False
18.0,83.33333333,16.66666667,40.02,0.0,1.0,0.0,0.0,0,0,False,True,False,False,False,False,False,False,True,False,False
0.0,0.0,0.0,82.98,0.0,0.0,0.0,0.0,0,-55,False,False,False,False,True,False,False,True,False,False,False
5.0,20.0,0.0,73.35,0.0,1.0,0.0,0.0,0,0,False,False,False,False,False,True,False,False,True,False,False
36.0,0.0,0.0,54.21,0.0,1.0,0.0,0.0,0,0,True,False,False,False,False,False,False,False,True,False,False
37.0,0.0,0.0,39.44,0.0,1.0,0.0,0.0,0,-41,False,False,False,False,True,False,False,False,False,False,True
36.0,2.777777778,0.0,6.0,0.0,1.0,0.0,1.0,0,0,False,False,True,False,False,False,False,True,False,False,False
40.0,15.0,2.5,46.13,0.0,1.0,0.0,0.0,0,0,False,False,False,False,False,False,True,False,False,True,False
0.0,0.0,0.0,142.8,0.0,0.0,0.0,0.0,0,-20,True,False,False,False,False,False,False,False,False,True,False
45.0,17.77777778,0.0,73.03,0.017621145,0.0,0.0,0.0,227,-227,False,False,False,False,False,True,False,False,True,False,False
48.0,12.5,2.083333333,93.18,0.039473684,0.0,0.0,0.0,152,-224,False,False,False,False,True,False,False,False,False,False,True
19.0,21.05263158,5.263157895,29.0,0.0,1.0,0.0,0.0,0,0,False,False,False,False,False,False,True,False,False,False,True
38.0,57.89473684,2.631578947,40.2,0.0,1.0,1.0,0.0,0,0,False,False,False,False,True,False,False,False,True,False,False
42.0,66.66666667,21.42857143,93.5,0.059063136,1.0,1.0,0.0,491,-7,False,False,False,False,True,False,False,False,False,False,True
29.0,20.68965517,0.0,58.93,0.14,0.0,0.0,0.0,50,-6,False,False,False,False,False,False,True,False,False,True,False
44.0,9.090909091,0.0,55.27,0.0,1.0,0.0,0.0,0,-2,False,False,True,False,False,False,False,True,False,False,False
4.0,25.0,0.0,40.02,0.0,1.0,0.0,0.0,0,0,False,True,False,False,False,False,False,False,True,False,False
0.0,0.0,0.0,51.35,0.0,0.0,0.0,0.0,0,-40,True,False,False,False,False,False,False,False,True,False,False
42.0,11.9047619,4.761904762,40.02,0.0,1.0,0.0,0.0,0,0,False,False,False,False,True,False,False,False,True,False,False
31.0,70.96774194,38.70967742,92.09,0.0929752066115702,1.0,0.0,0.0,484,-1,False,False,False,True,False,False,False,False,False,False,True
6.0,33.33333333,16.66666667,55.24,0.0,1.0,0.0,0.0,0,-98,False,False,False,False,True,False,False,False,True,False,False
44.0,0.0,0.0,40.02,0.0,1.0,0.0,0.0,0,0,False,False,False,False,False,True,False,False,True,False,False
36.0,88.88888889,5.555555556,83.94,0.014084507,1.0,0.0,0.0,142,-781,False,False,False,False,False,True,False,False,False,True,False
33.0,24.24242424,3.03030303,40.02,0.0,1.0,0.0,1.0,0,-5,False,False,False,False,False,False,True,False,False,False,True
12.0,41.66666667,8.333333333,40.0,0.0,1.0,0.0,0.0,0,-8,True,False,False,False,False,False,False,False,False,False,True
31.0,12.90322581,6.451612903,230.25,0.0,1.0,0.0,0.0,0,-6,False,False,False,False,False,True,False,False,True,False,False
44.0,0.0,0.0,66.89,0.0,1.0,0.0,0.0,0,-1,False,False,False,False,False,True,False,False,True,False,False
26.0,46.15384615,3.846153846,45.62,0.0,1.0,0.0,0.0,0,0,False,False,False,False,False,False,True,False,False,True,False
42.0,4.761904762,2.380952381,149.79,0.125,1.0,0.0,0.0,16,-5,False,False,False,False,True,False,False,False,False,True,False
39.0,2.564102564,2.564102564,81.26,0.0,1.0,0.0,0.0,0,-52,False,False,False,False,True,False,False,False,True,False,False
0.0,0.0,0.0,79.68,0.052401747,1.0,0.0,0.0,458,0,True,False,False,False,False,False,False,False,True,False,False
43.0,2.325581395,0.0,65.69,0.0,1.0,0.0,0.0,0,-34,False,False,True,False,False,False,False,False,False,False,True
35.0,2.857142857,0.0,38.24,0.0,0.0,0.0,0.0,0,39,False,False,False,True,False,False,False,False,False,False,True
43.0,18.60465116,0.0,169.25,0.0,0.0,0.0,0.0,0,0,False,False,False,False,False,False,True,False,True,False,False
45.0,0.0,0.0,29.34,0.022988506,0.0,0.0,0.0,87,-48,False,False,True,False,False,False,False,False,False,False,True
41.0,70.73170732,0.0,48.81,0.0,0.0,0.0,0.0,0,0,False,True,False,False,False,False,False,False,True,False,False
0.0,0.0,0.0,53.72,0.0,0.0,0.0,0.0,0,-1,False,False,False,False,True,False,False,False,False,True,False
35.0,17.14285714,2.857142857,79.8,0.0,1.0,0.0,0.0,0,-20,False,False,False,False,False,False,True,False,False,False,True
45.0,20.0,6.666666667,93.93,0.049180328,0.0,0.0,0.0,183,-254,True,False,False,False,False,False,False,False,True,False,False
41.0,2.43902439,0.0,52.83,0.142857143,0.0,0.0,0.0,14,-18,False,True,False,False,False,False,False,False,True,False,False
45.0,0.0,0.0,40.04,0.0,1.0,0.0,0.0,0,-2,False,False,False,False,False,True,False,True,False,False,False
29.0,13.79310345,3.448275862,75.95,0.0,1.0,0.0,0.0,0,-1,False,True,False,False,False,False,False,False,False,False,True
8.0,87.5,12.5,72.84,0.0,1.0,0.0,0.0,0,0,False,False,False,False,True,False,False,True,False,False,False
23.0,26.08695652,4.347826087,40.2,0.0,1.0,0.0,0.0,0,0,True,False,False,False,False,False,False,False,False,False,True
0.0,0.0,0.0,58.09,0.010989010989011,1.0,0.0,0.0,182,0,True,False,False,False,False,False,False,False,False,False,True
31.0,12.90322581,3.225806452,40.0,0.0,1.0,0.0,0.0,0,-7,False,False,False,False,False,True,False,False,False,False,True
16.0,0.0,0.0,100.0,0.0,0.0,0.0,0.0,0,-4,False,False,False,False,False,False,True,False,False,True,False
3.0,100.0,33.33333333,40.02,0.0,1.0,0.0,0.0,0,0,False,False,False,False,False,False,True,False,False,True,False
18.0,27.77777778,5.555555556,35.0,0.0,1.0,0.0,0.0,0,0,False,True,False,False,False,False,False,False,False,False,True
46.0,10.86956522,0.0,114.56,0.066666667,1.0,0.0,0.0,1110,-9,False,False,False,False,True,False,False,False,False,True,False
31.0,0.0,0.0,40.02,0.0,1.0,0.0,0.0,0,0,False,False,False,False,False,True,False,False,True,False,False
3.0,66.66666667,33.33333333,144.0,0.0,1.0,0.0,0.0,0,-40,False,False,False,False,False,True,False,False,True,False,False
45.0,4.444444444,0.0,40.02,0.0,1.0,0.0,0.0,0,0,False,True,False,False,False,False,False,False,True,False,False
46.0,4.347826087,2.173913043,55.95,0.009280742,0.0,0.0,0.0,862,-324,False,True,False,False,False,False,False,False,False,True,False
17.0,0.0,0.0,63.65,0.0,0.0,0.0,0.0,0,-441,False,False,False,False,True,False,False,False,False,True,False
2.0,100.0,0.0,40.02,0.0,1.0,0.0,0.0,0,0,False,False,False,False,False,True,False,False,True,False,False
25.0,56.0,4.0,38.17,0.0,1.0,0.0,0.0,0,0,True,False,False,False,False,False,False,False,False,False,True
37.0,59.45945946,2.702702703,78.89,0.005405405,0.0,0.0,0.0,370,-1,False,False,False,False,True,False,False,False,False,True,False
43.0,4.651162791,2.325581395,54.42,0.0,1.0,0.0,0.0,0,0,False,True,False,False,False,False,False,False,False,True,False
45.0,4.444444444,0.0,40.02,0.0,1.0,0.0,0.0,0,0,False,False,True,False,False,False,False,False,False,False,True
45.0,0.0,0.0,93.3,0.0,0.0,0.0,0.0,0,-78,False,False,True,False,False,False,False,False,False,False,True
0.0,0.0,0.0,143.2,0.04,1.0,0.0,0.0,200,0,False,True,False,False,False,False,False,False,True,False,False
29.0,0.0,0.0,38.63,0.0,1.0,0.0,0.0,0,-1,False,False,False,False,False,False,True,False,False,False,True
16.0,0.0,0.0,52.65,0.0,1.0,0.0,0.0,0,-1,False,True,False,False,False,False,False,False,True,False,False
37.0,0.0,0.0,82.88,0.285714286,1.0,0.0,0.0,7,-1,True,False,False,False,False,False,False,False,True,False,False
46.0,4.347826087,2.173913043,40.02,0.0,1.0,0.0,0.0,0,0,False,True,False,False,False,False,False,False,True,False,False
9.0,0.0,0.0,40.02,0.0,1.0,0.0,0.0,0,0,False,False,True,False,False,False,False,False,False,False,True
35.0,5.714285714,2.857142857,33.57,0.005291005,0.0,0.0,0.0,378,-136,True,False,False,False,False,False,False,False,True,False,False
16.0,0.0,0.0,31.87,0.0,0.0,0.0,0.0,0,0,False,False,False,False,False,True,False,False,False,True,False
3.0,100.0,100.0,51.95,0.0,1.0,0.0,0.0,0,0,False,False,False,False,True,False,False,False,True,False,False
39.0,30.76923077,2.564102564,91.7,0.0,1.0,0.0,0.0,0,-2,False,False,False,False,True,False,False,False,True,False,False
16.0,0.0,0.0,54.48,0.0,0.0,0.0,0.0,0,-9,False,False,False,False,False,True,False,False,True,False,False
19.0,84.21052632,36.84210526,31.02,0.0,1.0,0.0,0.0,0,0,True,False,False,False,False,False,False,False,False,False,True
10.0,50.0,30.0,40.02,0.0,1.0,0.0,0.0,0,0,False,False,False,False,False,False,True,False,True,False,False
45.0,0.0,0.0,41.0,0.0,0.0,0.0,0.0,0,-12,False,False,False,False,False,True,False,False,True,False,False
9.0,77.77777778,22.22222222,51.74,0.0,1.0,0.0,0.0,0,0,False,False,False,False,False,True,False,True,False,False,False
32.0,0.0,0.0,40.02,0.0,1.0,0.0,0.0,0,0,False,True,False,False,False,False,False,False,False,True,False
38.0,15.78947368,5.263157895,44.44,0.136363636,1.0,0.0,0.0,44,0,False,False,False,False,False,True,False,False,False,False,True
44.0,2.272727273,0.0,19.56,0.0,0.0,0.0,0.0,0,0,False,False,False,False,False,False,True,False,False,True,False
45.0,0.0,0.0,88.15,0.007722008,0.0,0.0,0.0,259,0,False,False,False,False,True,False,False,False,True,False,False
40.0,22.5,2.5,69.25,0.031746032,1.0,0.0,0.0,126,-2,False,True,False,False,False,False,False,False,False,True,False
5.0,100.0,40.0,40.0,0.0,1.0,0.0,0.0,0,-1,False,True,False,False,False,False,False,False,False,False,True
41.0,51.2195122,0.0,151.04,0.0,1.0,0.0,0.0,0,-8,False,True,False,False,False,False,False,False,False,True,False
46.0,4.347826087,2.173913043,44.37,0.0679611650485437,1.0,0.0,0.0,103,0,True,False,False,False,False,False,False,False,True,False,False
0.0,0.0,0.0,54.12,0.0,0.0,0.0,0.0,0,0,False,False,False,False,False,False,True,False,True,False,False
0.0,0.0,0.0,54.59,0.0,0.0,0.0,0.0,0,0,True,False,False,False,False,False,False,False,True,False,False
0.0,0.0,0.0,50.97,0.0,0.0,0.0,0.0,0,0,False,False,False,False,False,True,False,False,True,False,False
20.0,5.0,5.0,29.0,0.0,1.0,0.0,0.0,0,0,True,False,False,False,False,False,False,False,False,False,True
31.0,12.90322581,9.677419355,38.0,0.285714286,1.0,0.0,0.0,7,0,False,False,True,False,False,False,False,False,False,False,True
48.0,2.083333333,0.0,40.02,0.0,1.0,0.0,0.0,0,0,False,False,False,False,False,False,True,False,False,False,True
29.0,31.03448276,3.448275862,161.26,0.0,1.0,0.0,0.0,0,0,False,False,False,False,False,True,False,False,True,False,False
40.0,45.0,5.0,95.11,0.0,1.0,0.0,0.0,0,-43,False,True,False,False,False,False,False,False,True,False,False
26.0,69.23076923,42.30769231,54.94,0.094339623,1.0,0.0,0.0,53,0,False,True,False,False,False,False,False,False,False,True,False
42.0,28.57142857,0.0,40.02,0.0,1.0,0.0,0.0,0,0,False,False,False,False,True,False,False,False,True,False,False
36.0,91.66666667,22.22222222,23.07,0.027456647,1.0,0.0,0.0,692,-92,False,False,False,False,False,False,True,False,False,True,False
25.0,72.0,20.0,52.49,0.0,1.0,0.0,0.0,0,0,False,False,False,False,True,False,False,False,False,False,True
34.0,32.35294118,14.70588235,56.83,0.5,1.0,0.0,0.0,4,-5,False,True,False,False,False,False,False,False,False,False,True
45.0,0.0,0.0,50.82,0.0,0.0,0.0,0.0,0,-1,False,False,False,False,False,True,False,False,True,False,False
43.0,90.69767442,30.23255814,113.61,0.195652173913043,1.0,1.0,1.0,92,0,False,False,False,False,True,False,False,False,False,False,True
44.0,9.090909091,2.272727273,62.32,0.428571428571429,0.0,0.0,0.0,7,0,False,False,False,False,False,True,False,False,False,True,False
32.0,25.0,6.25,40.01,0.4,1.0,0.0,0.0,5,-16,False,False,False,False,False,False,True,False,True,False,False
9.0,77.77777778,22.22222222,93.28,0.132231405,1.0,1.0,0.0,121,-612,False,False,False,False,False,False,True,False,False,True,False
47.0,4.255319149,2.127659574,40.47,0.0,1.0,0.0,0.0,0,-105,False,True,False,False,False,False,False,False,True,False,False
43.0,13.95348837,0.0,60.5,0.0,1.0,0.0,0.0,0,-7,False,False,False,False,True,False,False,False,True,False,False
30.0,86.66666667,20.0,30.03,0.0,1.0,0.0,0.0,0,-7,False,False,False,False,False,True,False,False,True,False,False
40.0,5.0,0.0,48.29,0.0,0.0,0.0,0.0,0,-149,False,False,False,False,True,False,False,False,False,True,False
7.0,0.0,0.0,52.38,0.0,1.0,0.0,0.0,0,-13,True,False,False,False,False,False,False,False,False,False,True
0.0,0.0,0.0,119.89,0.0,0.0,0.0,0.0,0,-14,False,False,False,False,False,False,True,False,False,True,False
45.0,0.0,0.0,44.77,0.008658009,0.0,0.0,0.0,231,-6,False,False,False,False,True,False,False,False,False,True,False
33.0,57.57575758,9.090909091,87.3,0.084507042,1.0,1.0,0.0,71,0,False,False,False,False,False,True,False,False,False,False,True
6.0,100.0,16.66666667,40.02,0.0,1.0,0.0,0.0,0,0,False,False,False,False,False,False,True,False,False,True,False
57.0,3.50877193,3.50877193,51.9,0.0432098765432099,0.0,0.0,0.0,162,-192,False,True,False,False,False,False,False,False,True,False,False
26.0,34.61538462,15.38461538,42.98,0.012379642,0.0,0.0,0.0,1454,-134,False,False,False,False,False,True,False,False,False,True,False
23.0,26.08695652,8.695652174,40.0,0.0,1.0,0.0,0.0,0,0,False,False,False,False,True,False,False,False,False,False,True
45.0,2.222222222,2.222222222,50.77,0.0,0.0,0.0,0.0,0,-72,False,False,False,False,False,False,True,False,False,False,True
0.0,0.0,0.0,90.87,0.135135135,0.0,0.0,0.0,481,-26,False,False,False,False,False,False,True,False,True,False,False
24.0,91.66666667,0.0,40.0,0.0,1.0,0.0,0.0,0,-10,False,False,False,False,False,False,True,False,False,False,True
44.0,2.272727273,2.272727273,93.65,0.0,0.0,0.0,0.0,0,-245,False,True,False,False,False,False,False,False,True,False,False
37.0,75.67567568,0.0,52.61,0.0,1.0,0.0,0.0,0,0,False,True,False,False,False,False,False,False,False,True,False
45.0,4.444444444,0.0,139.85,0.0,0.0,0.0,0.0,0,-5,False,False,False,False,False,True,False,False,True,False,False
51.0,5.882352941,1.960784314,372.58,0.008097166,0.0,0.0,0.0,247,0,False,True,False,False,False,False,False,False,False,True,False
18.0,0.0,0.0,7.44,0.0,0.0,0.0,0.0,0,-159,False,True,False,False,False,False,False,False,False,True,False
45.0,13.33333333,0.0,40.02,0.0,1.0,0.0,0.0,0,-37,False,True,False,False,False,False,False,False,True,False,False
37.0,5.405405405,0.0,53.59,0.0,1.0,0.0,0.0,0,0,False,False,False,False,False,False,True,False,False,False,True
0.0,0.0,0.0,60.3,0.0,0.0,0.0,0.0,0,0,False,False,False,False,True,False,False,False,False,True,False
41.0,63.41463415,9.756097561,33.07,0.006227758,0.0,0.0,0.0,1124,-14,True,False,False,False,False,False,False,False,False,True,False
45.0,0.0,0.0,81.37,0.0,0.0,0.0,0.0,0,-26,False,False,False,False,True,False,False,False,False,True,False
44.0,20.45454545,2.272727273,49.48,0.04950495,1.0,0.0,0.0,101,0,False,True,False,False,False,False,False,False,False,True,False
34.0,52.94117647,2.941176471,46.93,0.0350877192982456,1.0,0.0,0.0,57,-22,False,True,False,False,False,False,False,False,False,False,True
42.0,95.23809524,16.66666667,69.48,0.0976331360946746,0.0,0.0,0.0,1014,-205,False,False,False,False,False,True,False,False,False,True,False
4.0,50.0,0.0,51.95,0.0,0.0,0.0,0.0,0,-186,False,False,False,False,False,False,True,False,False,False,True
30.0,100.0,0.0,54.59,0.0,1.0,0.0,0.0,0,-2,False,True,False,False,False,False,False,False,True,False,False
39.0,33.33333333,5.128205128,58.17,0.142857143,1.0,0.0,0.0,14,0,False,False,False,False,False,True,False,False,True,False,False
0.0,0.0,0.0,52.45,0.010548523,0.0,0.0,0.0,474,-63,True,False,False,False,False,False,False,False,False,True,False
0.0,0.0,0.0,40.02,0.0,1.0,0.0,0.0,0,-34,True,False,False,False,False,False,False,False,True,False,False
63.0,15.87301587,6.349206349,92.71,0.120879121,1.0,1.0,1.0,273,-25,False,False,False,False,False,True,False,False,False,False,True
47.0,0.0,0.0,119.15,0.103092784,0.0,0.0,0.0,97,0,False,False,True,False,False,False,False,False,False,False,True
9.0,66.66666667,11.11111111,31.02,0.0,1.0,0.0,0.0,0,0,False,False,False,False,True,False,False,False,False,False,True
0.0,0.0,0.0,53.39,0.0,0.0,0.0,0.0,0,0,False,False,False,False,True,False,False,False,True,False,False
3.0,66.66666667,66.66666667,89.13,0.0,0.0,0.0,0.0,0,-487,False,True,False,False,False,False,False,False,False,False,True
45.0,28.88888889,6.666666667,53.25,0.041474654,1.0,0.0,0.0,217,-27,False,True,False,False,False,False,False,False,False,False,True
26.0,96.15384615,15.38461538,40.02,0.0,1.0,0.0,0.0,0,-12,False,False,False,False,True,False,False,False,False,False,True
0.0,0.0,0.0,168.08,0.052631579,0.0,0.0,0.0,532,-222,False,False,False,False,True,False,False,False,False,True,False
37.0,13.51351351,2.702702703,64.0,0.072727273,1.0,0.0,0.0,275,39,False,False,False,True,False,False,False,False,False,False,True
32.0,37.5,3.125,41.32,0.0446428571428571,1.0,0.0,0.0,112,-2,False,True,False,False,False,False,False,False,False,False,True
50.0,20.0,10.0,113.82,0.129032258,1.0,0.0,0.0,124,0,False,True,False,False,False,False,False,False,False,True,False
45.0,15.55555556,2.222222222,135.07,0.0540540540540541,0.0,0.0,0.0,148,-1,False,True,False,False,False,False,False,False,True,False,False
43.0,6.976744186,2.325581395,81.05,0.0,0.0,0.0,0.0,0,0,False,False,False,False,False,False,True,False,False,True,False
35.0,11.42857143,2.857142857,31.0,0.0,0.0,0.0,0.0,0,-508,False,False,False,False,False,True,False,False,False,False,True
36.0,0.0,0.0,47.14,0.0,0.0,0.0,0.0,0,33,False,False,False,True,False,False,False,True,False,False,False
31.0,3.225806452,0.0,89.63,0.0,1.0,0.0,0.0,0,-16,False,True,False,False,False,False,False,False,False,False,True
0.0,0.0,0.0,32.58,0.0,0.0,0.0,0.0,0,-35,False,False,False,False,True,False,False,False,True,False,False
33.0,30.3030303,9.090909091,37.33,0.115384615,1.0,0.0,0.0,26,0,False,False,False,False,False,True,False,False,False,False,True
5.0,100.0,0.0,35.0,0.0,1.0,0.0,0.0,0,0,False,False,False,False,True,False,False,True,False,False,False
0.0,0.0,0.0,23.37,0.0,0.0,0.0,0.0,0,-113,False,False,False,False,False,True,False,False,False,True,False
44.0,54.54545455,15.90909091,85.81,0.150442478,0.0,0.0,0.0,113,-60,False,False,False,False,True,False,False,True,False,False,False
30.0,50.0,6.666666667,41.98,0.130434783,1.0,0.0,0.0,23,0,False,True,False,False,False,False,False,False,True,False,False
46.0,21.73913043,4.347826087,76.93,0.0283687943262411,1.0,1.0,0.0,846,-24,False,False,False,False,True,False,False,False,False,True,False
21.0,52.38095238,28.57142857,24.62,0.285714286,1.0,1.0,1.0,14,0,False,False,False,False,False,True,False,False,False,False,True
5.0,40.0,20.0,53.15,0.0,1.0,0.0,0.0,0,0,False,False,False,False,False,False,True,False,True,False,False
33.0,15.15151515,3.03030303,40.02,0.0,1.0,0.0,1.0,0,-62,False,True,False,False,False,False,False,False,False,False,True
45.0,13.33333333,4.444444444,73.92,0.052325581,0.0,0.0,0.0,172,-24,False,True,False,False,False,False,False,False,False,True,False
34.0,5.882352941,5.882352941,28.54,0.0,1.0,0.0,0.0,0,-9,False,False,False,False,False,True,False,False,False,False,True
43.0,2.325581395,0.0,40.02,0.0,1.0,0.0,0.0,0,0,False,True,False,False,False,False,False,False,False,True,False
42.0,30.95238095,2.380952381,50.31,0.0,0.0,0.0,0.0,0,-2,False,False,False,False,False,True,False,False,False,True,False
45.0,0.0,0.0,85.33,0.0,0.0,0.0,0.0,0,0,False,False,False,False,False,False,True,False,False,False,True
33.0,24.24242424,9.090909091,76.36,0.028169014084507,1.0,0.0,0.0,71,-1,False,False,False,False,True,False,False,False,False,False,True
3.0,0.0,0.0,37.76,0.0909090909090909,0.0,0.0,0.0,22,-3,True,False,False,False,False,False,False,False,True,False,False
48.0,8.333333333,2.083333333,70.0,0.0,0.0,0.0,0.0,0,-473,False,True,False,False,False,False,False,False,False,False,True
22.0,45.45454545,13.63636364,40.02,0.0,0.0,0.0,0.0,0,-13,False,True,False,False,False,False,False,False,True,False,False
0.0,0.0,0.0,53.54,0.071428571,0.0,0.0,0.0,42,-191,False,False,True,False,False,False,False,False,False,False,True
27.0,3.703703704,3.703703704,40.02,0.0,1.0,0.0,0.0,0,-3,False,True,False,False,False,False,False,False,True,False,False
7.0,42.85714286,14.28571429,95.43,0.0,1.0,0.0,0.0,0,-10,False,True,False,False,False,False,False,False,False,False,True
33.0,6.060606061,0.0,48.46,0.0,0.0,0.0,0.0,0,-13,False,True,False,False,False,False,False,False,True,False,False
44.0,20.45454545,0.0,45.99,0.116022099,1.0,0.0,0.0,181,0,False,False,False,False,False,False,True,False,True,False,False
34.0,91.17647059,17.64705882,42.72,0.0,1.0,0.0,0.0,0,-366,True,False,False,False,False,False,False,True,False,False,False
42.0,57.14285714,2.380952381,105.68,0.0633528265107212,0.0,0.0,0.0,1026,-696,False,False,False,False,False,False,True,False,False,True,False
31.0,32.25806452,0.0,100.32,0.137254902,1.0,0.0,0.0,51,-7,False,False,False,False,False,False,True,False,True,False,False
18.0,50.0,11.11111111,81.2,0.0,1.0,1.0,0.0,0,-10,False,True,False,False,False,False,False,False,True,False,False
36.0,100.0,16.66666667,79.14,0.053097345,0.0,0.0,0.0,452,-2,False,True,False,False,False,False,False,False,False,False,True
45.0,0.0,0.0,65.37,0.666666667,1.0,0.0,0.0,3,-2,True,False,False,False,False,False,False,False,True,False,False
20.0,80.0,15.0,31.02,0.0,1.0,0.0,0.0,0,0,False,False,False,False,True,False,False,False,False,False,True
0.0,0.0,0.0,115.83,0.12781954887218,1.0,0.0,0.0,133,0,False,False,False,False,False,False,True,False,True,False,False
23.0,4.347826087,4.347826087,69.92,0.285714285714286,1.0,0.0,0.0,7,0,True,False,False,False,False,False,False,False,True,False,False
6.0,66.66666667,33.33333333,40.02,0.0,1.0,0.0,0.0,0,0,False,False,False,False,True,False,False,False,True,False,False
0.0,0.0,0.0,11.25,0.0,0.0,0.0,0.0,0,0,False,False,False,False,False,False,True,False,False,True,False
16.0,0.0,0.0,84.96,0.176470588,0.0,0.0,0.0,17,-2,False,True,False,False,False,False,False,False,True,False,False
0.0,0.0,0.0,58.74,0.044444444,0.0,0.0,0.0,45,-2,False,True,False,False,False,False,False,False,True,False,False
33.0,0.0,0.0,54.71,0.0,1.0,1.0,0.0,0,0,False,True,False,False,False,False,False,False,False,True,False
27.0,22.22222222,7.407407407,40.02,0.0,1.0,1.0,0.0,0,0,False,False,False,False,True,False,False,False,True,False,False
44.0,72.72727273,11.36363636,31.0,0.0,1.0,0.0,0.0,0,-64,True,False,False,False,False,False,False,False,False,False,True
27.0,11.11111111,0.0,48.93,0.0,0.0,0.0,0.0,0,14,False,False,False,False,True,False,False,False,False,False,True
36.0,2.777777778,0.0,40.02,0.0,1.0,1.0,0.0,0,-1,False,False,False,False,False,False,True,False,True,False,False
23.0,78.26086957,21.73913043,80.85,0.0,1.0,1.0,0.0,0,-9,False,False,True,False,False,False,False,True,False,False,False
47.0,25.53191489,21.27659574,192.6,0.023350254,0.0,0.0,0.0,985,-382,False,True,False,False,False,False,False,False,False,True,False
0.0,0.0,0.0,50.28,0.0,0.0,0.0,0.0,0,-261,False,False,False,False,False,True,False,False,True,False,False
45.0,13.33333333,4.444444444,41.0,0.0,0.0,0.0,0.0,0,-25,False,False,False,False,False,True,False,False,True,False,False
43.0,25.58139535,6.976744186,50.32,0.063492063,0.0,0.0,0.0,63,-306,False,False,False,False,False,True,False,False,False,True,False
38.0,21.05263158,0.0,45.46,0.13559322,1.0,1.0,0.0,59,0,False,False,False,False,False,True,False,False,True,False,False
3.0,100.0,0.0,80.92,0.0,1.0,0.0,0.0,0,-41,False,True,False,False,False,False,False,False,False,False,True
48.0,12.5,0.0,15.92,0.127002288,0.0,0.0,0.0,874,-369,True,False,False,False,False,False,False,False,True,False,False
38.0,42.10526316,2.631578947,133.16,0.050808314,0.0,0.0,0.0,433,-63,False,False,False,False,True,False,False,False,True,False,False
42.0,4.761904762,0.0,125.72,0.035714286,1.0,0.0,0.0,56,-4,False,False,False,False,False,False,True,False,False,True,False
34.0,0.0,0.0,40.02,0.0,1.0,0.0,0.0,0,0,False,False,False,False,False,True,False,False,True,False,False
42.0,30.95238095,0.0,72.09,0.0,0.0,0.0,0.0,0,-291,False,True,False,False,False,False,False,False,False,False,True
47.0,21.27659574,6.382978723,35.0,0.0,1.0,0.0,0.0,0,-61,False,False,False,False,True,False,False,False,False,False,True
48.0,4.166666667,0.0,96.37,0.007792208,1.0,0.0,0.0,1155,-7,False,True,False,False,False,False,False,False,False,True,False
31.0,29.03225806,6.451612903,50.23,0.0,1.0,0.0,0.0,0,0,False,False,False,False,False,False,True,False,True,False,False
0.0,0.0,0.0,65.41,0.0,0.0,0.0,0.0,0,21,False,False,False,False,True,False,False,False,False,False,True
41.0,9.756097561,0.0,57.57,0.016260163,1.0,0.0,0.0,123,0,False,False,False,False,True,False,False,False,False,False,True
34.0,70.58823529,23.52941176,72.21,0.048076923,1.0,1.0,0.0,104,-4,False,False,False,False,False,True,False,False,False,False,True
24.0,33.33333333,4.166666667,35.21,0.0,1.0,0.0,0.0,0,0,False,False,False,False,False,False,True,False,False,False,True
25.0,68.0,8.0,56.41,0.08,1.0,0.0,0.0,25,-18,False,False,False,False,True,False,False,False,False,False,True
38.0,5.263157895,2.631578947,29.68,0.0,1.0,0.0,0.0,0,-28,False,False,False,False,True,False,False,False,False,False,True
13.0,100.0,7.692307692,70.23,0.230769230769231,1.0,1.0,0.0,13,0,True,False,False,False,False,False,False,False,True,False,False
42.0,11.9047619,4.761904762,66.29,0.0,1.0,0.0,0.0,0,-31,False,False,False,False,False,True,False,False,True,False,False
40.0,10.0,5.0,41.44,0.0,1.0,0.0,0.0,0,-67,False,False,False,False,False,True,False,False,True,False,False
1.0,100.0,100.0,40.02,0.0,1.0,0.0,0.0,0,0,False,True,False,False,False,False,False,False,False,True,False
0.0,0.0,0.0,83.63,0.100478469,1.0,0.0,0.0,209,-9,False,False,False,False,True,False,False,False,True,False,False
26.0,11.53846154,3.846153846,35.0,0.0,1.0,0.0,0.0,0,0,False,False,True,False,False,False,False,False,False,False,True
44.0,11.36363636,2.272727273,40.02,0.0,1.0,0.0,0.0,0,0,False,False,False,False,False,True,False,False,True,False,False
31.0,12.90322581,0.0,40.2,0.0,1.0,0.0,0.0,0,0,False,False,False,False,False,True,False,False,True,False,False
19.0,73.68421053,0.0,55.47,0.0,1.0,1.0,0.0,0,0,False,False,False,False,False,False,True,True,False,False,False
21.0,4.761904762,4.761904762,40.2,0.0,1.0,0.0,0.0,0,0,False,False,False,False,False,False,True,False,True,False,False
0.0,0.0,0.0,45.3,0.03968254,0.0,0.0,0.0,252,-206,False,False,False,False,False,True,False,False,True,False,False
44.0,22.72727273,4.545454545,58.82,0.012903226,0.0,0.0,0.0,930,-202,False,False,False,False,False,False,True,False,False,False,True
11.0,27.27272727,18.18181818,35.0,0.0,1.0,0.0,0.0,0,0,False,False,False,False,False,True,False,False,False,False,True
13.0,15.38461538,0.0,40.02,0.0,1.0,0.0,0.0,0,0,False,True,False,False,False,False,False,False,False,False,True
42.0,23.80952381,0.0,100.02,0.0,1.0,0.0,0.0,0,0,False,False,False,False,True,False,False,False,False,False,True
0.0,0.0,0.0,52.69,0.0,0.0,0.0,0.0,0,-9,False,False,False,False,True,False,False,False,True,False,False
15.0,6.666666667,6.666666667,40.02,0.0,1.0,0.0,0.0,0,0,True,False,False,False,False,False,False,False,True,False,False
36.0,0.0,0.0,40.02,0.0,1.0,1.0,0.0,0,0,False,False,False,False,False,True,False,False,True,False,False
42.0,33.33333333,0.0,100.25,0.0,1.0,0.0,0.0,0,0,False,False,False,False,False,True,False,False,False,True,False
45.0,0.0,0.0,58.25,0.0230769230769231,0.0,0.0,0.0,130,-17,True,False,False,False,False,False,False,False,True,False,False
45.0,4.444444444,2.222222222,40.02,0.0,1.0,1.0,0.0,0,0,False,True,False,False,False,False,False,False,True,False,False
2.0,0.0,0.0,92.39,0.0,1.0,0.0,0.0,0,-13,False,False,False,False,False,True,False,False,False,True,False
33.0,69.6969697,0.0,44.99,0.285714286,1.0,0.0,0.0,7,0,False,False,False,False,False,True,False,False,False,False,True
31.0,22.58064516,9.677419355,44.25,0.0,1.0,0.0,0.0,0,0,False,True,False,False,False,False,False,False,False,False,True
15.0,80.0,6.666666667,31.0,0.0,1.0,0.0,0.0,0,0,False,False,False,False,True,False,False,False,False,False,True
43.0,25.58139535,0.0,40.02,0.0,1.0,0.0,0.0,0,0,False,True,False,False,False,False,False,False,False,True,False
0.0,0.0,0.0,38.49,0.071428571,0.0,0.0,0.0,28,-81,False,True,False,False,False,False,False,False,False,True,False
39.0,2.564102564,0.0,40.02,0.0,1.0,0.0,0.0,0,-6,False,True,False,False,False,False,False,False,True,False,False
9.0,100.0,66.66666667,40.02,0.0,1.0,1.0,0.0,0,0,False,True,False,False,False,False,False,False,True,False,False
47.0,4.255319149,2.127659574,113.95,0.015988372,1.0,0.0,0.0,688,-83,False,False,False,False,False,True,False,False,False,True,False
24.0,20.83333333,12.5,35.0,0.0,1.0,0.0,0.0,0,0,False,True,False,False,False,False,False,False,False,False,True
33.0,3.03030303,3.03030303,40.02,0.0,1.0,0.0,0.0,0,0,True,False,False,False,False,False,False,False,True,False,False
40.0,27.5,5.0,45.96,0.0,1.0,0.0,0.0,0,-33,False,False,False,False,False,False,True,False,True,False,False
0.0,0.0,0.0,66.88,0.0,1.0,0.0,0.0,0,-7,True,False,False,False,False,False,False,False,False,True,False
49.0,36.73469388,18.36734694,73.41,0.087443946,1.0,0.0,0.0,446,12,False,False,False,False,False,True,False,True,False,False,False
39.0,20.51282051,10.25641026,53.83,0.074074074,1.0,0.0,0.0,27,0,False,False,False,False,True,False,False,True,False,False,False
19.0,84.21052632,15.78947368,40.02,0.0,1.0,0.0,0.0,0,-1,False,False,False,False,True,False,False,False,False,False,True
6.0,66.66666667,16.66666667,44.97,0.0,1.0,0.0,0.0,0,0,False,False,False,False,False,True,False,False,False,False,True
14.0,14.28571429,0.0,29.15,0.666666666666667,1.0,0.0,0.0,3,0,False,True,False,False,False,False,False,True,False,False,False
39.0,2.564102564,0.0,55.81,0.0,1.0,0.0,0.0,0,0,False,False,False,False,False,False,True,False,True,False,False
10.0,60.0,10.0,38.0,0.285714286,1.0,1.0,1.0,7,0,False,False,False,False,False,False,True,False,False,False,True
0.0,0.0,0.0,50.68,0.0,0.0,0.0,0.0,0,-149,False,True,False,False,False,False,False,False,False,True,False
16.0,0.0,0.0,52.46,0.0,0.0,0.0,0.0,0,0,True,False,False,False,False,False,False,False,True,False,False
38.0,10.52631579,10.52631579,57.58,0.0,1.0,0.0,0.0,0,-26,False,False,False,False,True,False,False,False,False,False,True
43.0,0.0,0.0,48.76,0.003442341,0.0,0.0,0.0,1162,-40,False,True,False,False,False,False,False,False,True,False,False
29.0,10.34482759,0.0,40.02,0.0,1.0,0.0,0.0,0,0,True,False,False,False,False,False,False,False,True,False,False
32.0,0.0,0.0,40.02,0.0,1.0,0.0,0.0,0,0,True,False,False,False,False,False,False,False,True,False,False
39.0,5.128205128,0.0,40.02,0.0,1.0,0.0,0.0,0,0,False,True,False,False,False,False,False,False,True,False,False
19.0,42.10526316,21.05263158,73.41,0.0,1.0,0.0,0.0,0,0,False,False,False,False,False,False,True,False,True,False,False
0.0,0.0,0.0,40.52,0.0,0.0,0.0,0.0,0,33,False,False,False,True,False,False,False,False,False,False,True
6.0,100.0,16.66666667,40.02,0.0,1.0,1.0,0.0,0,0,False,False,False,False,True,False,False,False,True,False,False
6.0,83.33333333,0.0,40.02,0.0,1.0,1.0,0.0,0,0,True,False,False,False,False,False,False,False,True,False,False
33.0,72.72727273,42.42424242,50.83,0.147058823529412,1.0,0.0,1.0,34,-16,False,False,False,False,True,False,False,False,False,False,True
41.0,19.51219512,4.87804878,51.24,0.0,1.0,0.0,0.0,0,-89,True,False,False,False,False,False,False,False,True,False,False
38.0,10.52631579,5.263157895,88.44,0.0,1.0,0.0,0.0,0,-34,False,False,False,False,False,True,False,False,False,False,True
0.0,0.0,0.0,48.24,0.0,0.0,0.0,0.0,0,0,False,False,False,False,True,False,False,False,False,True,False
33.0,39.39393939,12.12121212,38.54,0.181818181818182,1.0,0.0,0.0,11,-34,False,False,False,False,False,True,False,False,False,False,True
32.0,3.125,0.0,40.02,0.0,1.0,0.0,0.0,0,-9,True,False,False,False,False,False,False,False,True,False,False
46.0,10.86956522,2.173913043,40.22,0.0,1.0,0.0,0.0,0,0,True,False,False,False,False,False,False,False,True,False,False
0.0,0.0,0.0,48.61,0.0,0.0,0.0,0.0,0,0,True,False,False,False,False,False,False,False,True,False,False
34.0,11.76470588,5.882352941,33.77,0.142857143,1.0,0.0,0.0,14,0,False,False,False,False,False,False,True,False,False,False,True
16.0,100.0,6.25,40.02,0.0,1.0,0.0,0.0,0,-5,False,True,False,False,False,False,False,False,False,False,True
33.0,9.090909091,3.03030303,43.49,0.0,1.0,0.0,1.0,0,-1,False,True,False,False,False,False,False,False,False,False,True
34.0,5.882352941,0.0,40.02,0.0,1.0,0.0,0.0,0,-7,False,False,False,False,False,False,True,False,True,False,False
16.0,0.0,0.0,102.83,0.0,0.0,0.0,0.0,0,0,True,False,False,False,False,False,False,False,True,False,False
46.0,2.173913043,0.0,104.39,0.0369881109643329,1.0,0.0,0.0,757,-609,False,False,False,False,False,False,True,False,False,True,False
35.0,8.571428571,2.857142857,88.03,0.285714286,0.0,0.0,0.0,7,-7,False,False,False,True,False,False,False,False,False,False,True
42.0,9.523809524,4.761904762,77.0,0.0,1.0,0.0,0.0,0,-18,True,False,False,False,False,False,False,False,False,False,True
0.0,0.0,0.0,51.02,0.0,0.0,0.0,0.0,0,0,False,False,False,False,True,False,False,False,True,False,False
27.0,33.33333333,7.407407407,54.1,0.0,1.0,0.0,0.0,0,-27,False,False,False,False,True,False,False,True,False,False,False
4.0,100.0,0.0,40.02,0.0,1.0,0.0,0.0,0,0,False,False,False,False,False,True,False,False,True,False,False
23.0,91.30434783,13.04347826,86.01,0.137931034,1.0,0.0,0.0,58,-417,False,False,False,False,False,False,True,False,False,False,True
27.0,11.11111111,3.703703704,35.0,0.0,1.0,0.0,0.0,0,0,False,False,False,False,False,True,False,False,False,False,True
49.0,46.93877551,30.6122449,111.84,0.109903381642512,1.0,0.0,0.0,828,0,True,False,False,False,False,False,False,False,False,True,False
0.0,0.0,0.0,101.3,0.0,0.0,0.0,0.0,0,-6,False,False,False,False,False,False,True,False,False,True,False
8.0,25.0,12.5,40.0,0.0,1.0,0.0,0.0,0,-28,False,False,False,False,False,True,False,True,False,False,False
26.0,23.07692308,0.0,62.26,0.0,1.0,0.0,0.0,0,0,False,False,False,False,False,False,True,False,False,True,False
0.0,0.0,0.0,19.26,0.0,0.0,0.0,0.0,0,-1,False,True,False,False,False,False,False,False,False,True,False
45.0,66.66666667,0.0,33.44,0.092307692,0.0,0.0,0.0,65,-82,False,False,False,False,False,True,False,False,False,True,False
35.0,11.42857143,2.857142857,63.13,0.0,0.0,0.0,0.0,0,-461,False,False,False,False,True,False,False,False,True,False,False
10.0,60.0,20.0,35.0,0.0,1.0,0.0,0.0,0,0,False,False,False,False,False,True,False,False,False,False,True
45.0,4.444444444,4.444444444,60.0,0.012145749,0.0,0.0,0.0,247,-97,False,True,False,False,False,False,False,False,True,False,False
34.0,73.52941176,8.823529412,57.28,0.133333333,1.0,0.0,0.0,30,-2,False,False,False,False,False,False,True,False,False,False,True
7.0,42.85714286,14.28571429,40.02,0.0,1.0,0.0,0.0,0,0,True,False,False,False,False,False,False,False,True,False,False
20.0,55.0,10.0,40.02,0.0,1.0,1.0,0.0,0,0,True,False,False,False,False,False,False,False,False,True,False
21.0,80.95238095,0.0,40.25,0.0,1.0,1.0,0.0,0,-105,False,False,False,False,False,False,True,False,False,True,False
48.0,6.25,2.083333333,55.76,0.0147058823529412,0.0,0.0,0.0,272,-14,False,False,False,False,False,False,True,False,True,False,False
51.0,25.49019608,7.843137255,57.08,0.014814815,0.0,0.0,0.0,135,-118,False,False,False,False,True,False,False,True,False,False,False
37.0,40.54054054,8.108108108,59.86,0.0,0.0,0.0,0.0,0,-13,False,True,False,False,False,False,False,False,True,False,False
0.0,0.0,0.0,50.86,0.094827586,0.0,0.0,0.0,232,-48,False,False,False,False,False,True,False,False,False,True,False
0.0,0.0,0.0,62.99,0.058064516,0.0,0.0,0.0,155,-5,False,False,False,False,False,True,False,False,False,True,False
33.0,18.18181818,3.03030303,63.57,0.136363636,1.0,0.0,0.0,22,-44,False,False,False,True,False,False,False,False,False,False,True
41.0,17.07317073,7.317073171,81.33,0.03,1.0,0.0,0.0,100,-4,True,False,False,False,False,False,False,False,False,True,False
47.0,0.0,0.0,74.77,0.0297297297297297,0.0,0.0,0.0,370,-389,False,False,False,False,False,False,True,False,False,True,False
46.0,21.73913043,4.347826087,93.94,0.037037037,0.0,0.0,0.0,135,0,False,False,False,False,False,False,True,False,True,False,False
45.0,0.0,0.0,40.0,0.0,1.0,0.0,0.0,0,0,False,True,False,False,False,False,False,False,False,False,True
28.0,71.42857143,0.0,54.62,0.0,1.0,0.0,0.0,0,-1,False,False,False,False,False,True,False,False,False,False,True
44.0,2.272727273,2.272727273,26.32,0.0,0.0,0.0,0.0,0,0,True,False,False,False,False,False,False,False,True,False,False
34.0,14.70588235,5.882352941,51.12,0.0,1.0,0.0,0.0,0,0,False,True,False,False,False,False,False,False,True,False,False
18.0,0.0,0.0,49.84,0.0103950103950104,0.0,0.0,0.0,481,-31,True,False,False,False,False,False,False,False,False,True,False
16.0,0.0,0.0,80.56,0.0,0.0,0.0,0.0,0,-51,False,True,False,False,False,False,False,False,False,True,False
49.0,18.36734694,4.081632653,52.54,0.017372421,0.0,0.0,0.0,921,-49,False,False,False,False,True,False,False,False,True,False,False
41.0,26.82926829,4.87804878,16.53,0.0,0.0,0.0,0.0,0,-19,False,False,False,False,False,False,True,False,False,True,False
31.0,48.38709677,9.677419355,89.41,0.0,1.0,0.0,0.0,0,0,False,False,False,False,True,False,False,False,True,False,False
26.0,46.15384615,23.07692308,57.86,0.105263158,1.0,0.0,0.0,19,-8,False,False,False,False,True,False,False,False,True,False,False
25.0,16.0,8.0,35.02,0.0,1.0,0.0,0.0,0,0,False,False,False,False,True,False,False,False,False,False,True
45.0,26.66666667,6.666666667,109.15,0.037313433,0.0,0.0,0.0,134,-43,False,False,False,False,False,False,True,False,False,False,True
36.0,47.22222222,5.555555556,97.75,0.095238095,1.0,0.0,0.0,21,0,False,False,False,False,False,False,True,False,True,False,False
6.0,33.33333333,0.0,40.02,0.0,1.0,0.0,0.0,0,0,False,False,False,False,False,True,False,False,True,False,False
31.0,6.451612903,3.225806452,70.5,0.054054054,1.0,0.0,0.0,37,-2,False,True,False,False,False,False,False,True,False,False,False
42.0,23.80952381,4.761904762,37.73,0.026666667,1.0,0.0,0.0,75,0,True,False,False,False,False,False,False,False,True,False,False
45.0,0.0,0.0,59.99,0.0,1.0,0.0,0.0,0,0,False,False,True,False,False,False,False,True,False,False,False
0.0,0.0,0.0,65.31,0.0882352941176471,0.0,0.0,0.0,34,-1,False,False,False,False,False,True,False,False,False,True,False
35.0,8.571428571,5.714285714,85.53,0.222222222,1.0,0.0,0.0,9,0,False,True,False,False,False,False,False,False,False,False,True
0.0,0.0,0.0,95.08,0.0,0.0,0.0,0.0,0,-46,False,False,False,False,False,False,True,False,False,False,True
5.0,80.0,20.0,40.02,0.0,1.0,1.0,0.0,0,0,False,False,False,False,False,False,True,False,True,False,False
39.0,0.0,0.0,40.02,0.0,1.0,0.0,0.0,0,0,False,True,False,False,False,False,False,False,True,False,False
25.0,4.0,4.0,45.02,0.0,1.0,0.0,0.0,0,0,False,True,False,False,False,False,False,False,False,True,False
47.0,12.76595745,4.255319149,71.07,0.123595505617978,1.0,0.0,0.0,89,-2,False,True,False,False,False,False,False,False,False,True,False
0.0,0.0,0.0,64.98,0.0,0.0,0.0,0.0,0,0,False,False,False,False,True,False,False,False,False,False,True
3.0,66.66666667,0.0,40.02,0.0,1.0,0.0,0.0,0,0,False,False,False,False,False,False,True,False,True,False,False
28.0,92.85714286,10.71428571,31.55,0.0487804878048781,1.0,0.0,0.0,41,-28,False,False,False,False,False,False,True,False,False,True,False
0.0,0.0,0.0,28.96,0.0,0.0,0.0,0.0,0,-89,False,True,False,False,False,False,False,False,False,True,False
45.0,2.222222222,0.0,127.4,0.078947368,0.0,0.0,0.0,38,-2,False,False,False,False,False,True,False,False,False,True,False
45.0,2.222222222,0.0,40.02,0.0,1.0,0.0,0.0,0,0,False,False,False,False,False,True,False,False,True,False,False
26.0,61.53846154,23.07692308,72.48,0.088235294,1.0,0.0,0.0,34,-1,False,False,False,False,False,False,True,False,False,False,True
38.0,63.15789474,31.57894737,48.99,0.153846154,1.0,1.0,0.0,13,-1,True,False,False,False,False,False,False,False,True,False,False
36.0,61.11111111,8.333333333,124.75,0.072463768,0.0,0.0,0.0,69,-291,False,False,False,False,False,True,False,False,False,False,True
34.0,0.0,0.0,40.02,0.0,1.0,0.0,0.0,0,0,False,True,False,False,False,False,False,False,True,False,False
0.0,0.0,0.0,60.49,0.0,0.0,0.0,0.0,0,0,True,False,False,False,False,False,False,False,False,True,False
47.0,10.63829787,0.0,50.03,0.19047619,1.0,0.0,0.0,21,-1,False,False,False,False,False,False,True,False,False,False,True
24.0,16.66666667,8.333333333,86.0,0.0,1.0,0.0,0.0,0,0,False,False,False,False,False,False,True,False,False,False,True
43.0,0.0,0.0,54.25,0.0,1.0,0.0,0.0,0,0,False,False,False,False,False,True,False,True,False,False,False
0.0,0.0,0.0,58.04,0.0,1.0,0.0,0.0,0,-2,False,False,False,False,False,True,False,False,False,False,True
33.0,0.0,0.0,40.02,0.0,1.0,0.0,0.0,0,0,False,False,False,False,True,False,False,False,True,False,False
38.0,0.0,0.0,50.0,0.0,1.0,0.0,0.0,0,0,False,False,False,False,False,True,False,False,True,False,False
34.0,50.0,11.76470588,79.73,0.0,1.0,0.0,0.0,0,-10,False,False,False,False,False,True,False,False,False,True,False
43.0,9.302325581,0.0,90.99,0.0,0.0,0.0,0.0,0,-107,False,False,False,False,False,True,False,False,True,False,False
27.0,66.66666667,14.81481481,56.47,0.085106383,1.0,0.0,0.0,94,-1,False,False,False,False,False,False,True,False,False,True,False
49.0,20.40816327,0.0,42.06,0.019047619047619,0.0,0.0,0.0,420,-2,False,False,True,False,False,False,False,False,False,False,True
31.0,22.58064516,6.451612903,40.02,0.0,1.0,1.0,0.0,0,0,False,False,False,False,False,False,True,False,False,True,False
0.0,0.0,0.0,51.46,0.0,0.0,0.0,0.0,0,0,False,False,False,False,False,False,True,False,False,True,False
45.0,2.222222222,0.0,44.57,0.0,1.0,0.0,0.0,0,0,False,False,True,False,False,False,False,True,False,False,False
24.0,20.83333333,4.166666667,40.22,0.0,1.0,0.0,0.0,0,0,True,False,False,False,False,False,False,False,False,False,True
34.0,44.11764706,11.76470588,59.66,0.0714285714285714,1.0,0.0,0.0,28,-23,False,True,False,False,False,False,False,False,False,True,False
29.0,37.93103448,6.896551724,25.62,0.0,1.0,0.0,0.0,0,0,False,False,False,False,True,False,False,False,True,False,False
3.0,66.66666667,66.66666667,40.02,0.0,1.0,0.0,1.0,0,0,False,False,False,False,False,False,True,False,False,False,True
44.0,9.090909091,2.272727273,88.46,0.025531915,1.0,0.0,0.0,470,-4,False,True,False,False,False,False,False,False,True,False,False
36.0,0.0,0.0,39.97,0.0,1.0,0.0,0.0,0,0,True,False,False,False,False,False,False,False,True,False,False
45.0,77.77777778,20.0,42.62,0.064372919,1.0,0.0,0.0,901,-600,False,True,False,False,False,False,False,False,False,True,False
0.0,0.0,0.0,53.0,0.0,0.0,0.0,0.0,0,-5,False,False,False,False,False,False,True,False,True,False,False
41.0,68.29268293,19.51219512,79.85,0.031358885,1.0,0.0,0.0,574,0,False,False,False,False,False,False,True,False,False,True,False
9.0,33.33333333,11.11111111,28.76,0.0,1.0,0.0,0.0,0,-28,False,True,False,False,False,False,False,False,False,False,True
36.0,11.11111111,0.0,44.83,0.0,1.0,0.0,0.0,0,-20,False,False,False,False,False,True,False,False,True,False,False
47.0,6.382978723,6.382978723,51.91,0.153846154,1.0,0.0,0.0,26,-2,False,False,False,False,False,True,False,False,False,True,False
30.0,23.33333333,10.0,92.02,0.106796117,1.0,1.0,1.0,103,-2,False,False,False,False,True,False,False,False,False,True,False
45.0,28.88888889,6.666666667,86.33,0.1,1.0,0.0,0.0,40,0,False,False,False,False,True,False,False,False,False,True,False
16.0,0.0,0.0,56.76,0.0,0.0,0.0,0.0,0,0,True,False,False,False,False,False,False,False,False,True,False
45.0,6.666666667,4.444444444,116.19,0.0,1.0,0.0,0.0,0,-5,False,True,False,False,False,False,False,False,True,False,False
37.0,24.32432432,8.108108108,35.47,0.0,1.0,0.0,0.0,0,-32,False,False,False,False,True,False,False,True,False,False,False
43.0,88.37209302,25.58139535,75.94,0.094924812,1.0,0.0,0.0,1064,-8,False,False,False,False,False,True,False,False,False,True,False
47.0,0.0,0.0,51.05,0.012886598,1.0,0.0,0.0,388,-21,False,True,False,False,False,False,False,False,True,False,False
35.0,0.0,0.0,43.36,0.0,1.0,1.0,0.0,0,0,False,False,False,False,False,False,True,False,True,False,False
30.0,0.0,0.0,40.02,0.0,1.0,0.0,0.0,0,0,True,False,False,False,False,False,False,False,True,False,False
24.0,100.0,50.0,56.8,0.041666667,1.0,0.0,0.0,48,-36,False,False,False,False,True,False,False,False,False,True,False
11.0,9.090909091,0.0,124.0,0.0,1.0,0.0,0.0,0,-1,False,True,False,False,False,False,False,False,True,False,False
0.0,0.0,0.0,63.87,0.0363636363636364,1.0,0.0,0.0,55,-1140,False,False,False,False,False,True,False,False,False,True,False
36.0,2.777777778,0.0,40.02,0.0,1.0,0.0,0.0,0,0,False,False,False,False,False,True,False,False,True,False,False
7.0,100.0,14.28571429,40.0,0.0,1.0,0.0,0.0,0,0,False,False,False,False,False,False,True,False,False,False,True
39.0,0.0,0.0,40.02,0.0,1.0,0.0,0.0,0,0,False,False,False,False,True,False,False,False,True,False,False
24.0,0.0,0.0,40.02,0.0,1.0,1.0,0.0,0,0,False,False,False,False,False,True,False,False,True,False,False
47.0,0.0,0.0,60.25,0.065934066,0.0,0.0,0.0,91,0,False,False,False,False,False,True,False,False,True,False,False
18.0,77.77777778,0.0,119.41,0.031390134529148,0.0,0.0,0.0,223,-50,False,False,False,False,False,True,False,False,True,False,False
0.0,0.0,0.0,18.43,0.0,0.0,0.0,0.0,0,0,False,False,False,False,False,True,False,False,True,False,False
0.0,0.0,0.0,69.28,0.066666667,0.0,0.0,0.0,30,-7,False,False,False,False,False,False,True,False,False,True,False
45.0,6.666666667,0.0,91.0,0.035714286,0.0,0.0,0.0,56,0,False,False,False,False,False,True,False,False,False,False,True
32.0,40.625,0.0,54.6,0.0,1.0,0.0,0.0,0,0,False,False,False,False,False,True,False,False,False,False,True
29.0,10.34482759,0.0,40.02,0.0,1.0,0.0,0.0,0,0,False,True,False,False,False,False,False,False,False,True,False
38.0,42.10526316,0.0,81.0,0.0,0.0,0.0,0.0,0,0,False,False,False,False,True,False,False,False,False,False,True
26.0,80.76923077,23.07692308,49.41,0.0823529411764706,1.0,0.0,0.0,85,0,False,False,False,False,True,False,False,False,False,False,True
38.0,36.84210526,7.894736842,85.84,0.0,0.0,0.0,0.0,0,-462,False,False,False,False,False,True,False,False,False,True,False
14.0,100.0,35.71428571,20.01,0.066666667,1.0,1.0,0.0,30,0,False,False,False,False,True,False,False,False,False,True,False
41.0,12.19512195,4.87804878,41.26,0.0,1.0,0.0,0.0,0,-35,False,True,False,False,False,False,False,False,False,False,True
0.0,0.0,0.0,33.76,0.0,1.0,0.0,0.0,0,-21,True,False,False,False,False,False,False,False,True,False,False
44.0,9.090909091,2.272727273,15.68,0.004329004,1.0,0.0,0.0,462,-3,False,False,False,False,False,False,True,False,True,False,False
0.0,0.0,0.0,84.58,0.0,0.0,0.0,0.0,0,0,False,True,False,False,False,False,False,False,True,False,False
39.0,64.1025641,5.128205128,78.86,0.0,1.0,0.0,0.0,0,-61,False,True,False,False,False,False,False,False,True,False,False
36.0,5.555555556,5.555555556,87.14,0.0,1.0,0.0,0.0,0,-17,False,False,False,False,False,False,True,False,False,False,True
39.0,0.0,0.0,40.51,0.0,0.0,0.0,0.0,0,-1081,False,False,False,False,False,False,True,False,False,True,False
48.0,0.0,0.0,36.76,0.0408163265306122,1.0,1.0,0.0,98,0,False,True,False,False,False,False,False,False,True,False,False
51.0,7.843137255,5.882352941,215.34,0.03960396,1.0,0.0,0.0,101,0,False,False,False,False,False,True,False,False,True,False,False
43.0,32.55813953,13.95348837,77.4,0.070748299,0.0,0.0,0.0,735,-17,False,True,False,False,False,False,False,False,True,False,False
16.0,0.0,0.0,90.1,0.0625,0.0,0.0,0.0,32,0,False,True,False,False,False,False,False,False,False,True,False
24.0,45.83333333,0.0,83.0,0.148148148,1.0,0.0,1.0,27,0,False,True,False,False,False,False,False,False,False,False,True
7.0,14.28571429,0.0,81.67,0.0,0.0,0.0,0.0,0,-1,False,False,False,False,True,False,False,False,True,False,False
22.0,63.63636364,18.18181818,58.76,0.0769230769230769,1.0,0.0,0.0,39,0,False,True,False,False,False,False,False,False,False,False,True
16.0,0.0,0.0,121.12,0.0,1.0,0.0,0.0,0,-81,False,True,False,False,False,False,False,False,True,False,False
0.0,0.0,0.0,50.09,0.0,0.0,0.0,0.0,0,-50,False,False,False,False,False,False,True,False,False,True,False
1.0,100.0,0.0,124.26,0.0,1.0,0.0,0.0,0,0,False,False,False,False,False,True,False,False,True,False,False
43.0,9.302325581,0.0,57.44,0.0,1.0,0.0,0.0,0,0,False,False,False,False,False,False,True,False,False,False,True
31.0,29.03225806,25.80645161,42.75,0.172413793103448,1.0,1.0,0.0,29,0,True,False,False,False,False,False,False,False,False,True,False
41.0,14.63414634,2.43902439,40.02,0.0,1.0,0.0,0.0,0,-2,True,False,False,False,False,False,False,False,False,False,True
0.0,0.0,0.0,10.03,0.107142857,0.0,0.0,0.0,28,0,False,False,False,False,False,True,False,False,False,True,False
11.0,27.27272727,18.18181818,40.0,0.0,1.0,0.0,0.0,0,0,True,False,False,False,False,False,False,False,False,False,True
42.0,38.0952381,0.0,85.37,0.076923077,0.0,0.0,0.0,52,0,False,True,False,False,False,False,False,False,False,True,False
38.0,15.78947368,7.894736842,40.25,0.0,1.0,1.0,0.0,0,-198,False,True,False,False,False,False,False,False,False,True,False
39.0,53.84615385,0.0,93.18,0.0,0.0,0.0,0.0,0,-301,False,False,False,False,False,True,False,False,True,False,False
45.0,0.0,0.0,29.83,0.0,0.0,0.0,0.0,0,-1,False,False,False,False,False,True,False,False,False,False,True
35.0,25.71428571,5.714285714,40.02,0.0,1.0,0.0,0.0,0,0,False,False,False,False,True,False,False,False,False,True,False
12.0,58.33333333,16.66666667,56.48,0.0,1.0,0.0,1.0,0,-3,False,True,False,False,False,False,False,True,False,False,False
46.0,10.86956522,6.52173913,57.01,0.007656968,0.0,0.0,0.0,1306,-34,True,False,False,False,False,False,False,False,False,True,False
41.0,2.43902439,0.0,28.56,0.0,1.0,0.0,0.0,0,-32,False,False,False,False,True,False,False,False,False,False,True
42.0,71.42857143,0.0,166.38,0.0171184022824536,1.0,0.0,0.0,701,-2,True,False,False,False,False,False,False,False,False,True,False
25.0,28.0,4.0,40.0,0.0,1.0,0.0,0.0,0,0,False,False,True,False,False,False,False,True,False,False,False
44.0,2.272727273,0.0,40.02,0.0,1.0,0.0,0.0,0,-1,False,False,False,False,False,True,False,False,True,False,False
37.0,16.21621622,8.108108108,70.09,0.136363636,1.0,1.0,0.0,44,0,True,False,False,False,False,False,False,False,True,False,False
52.0,1.923076923,0.0,115.96,0.0595854922279793,1.0,0.0,0.0,772,0,False,False,False,False,False,True,False,False,True,False,False
35.0,14.28571429,11.42857143,32.79,0.0,1.0,0.0,0.0,0,-16,False,False,False,False,True,False,False,False,False,False,True
45.0,26.66666667,13.33333333,51.03,0.0115384615384615,0.0,0.0,0.0,520,-29,False,False,False,False,False,False,True,False,True,False,False
0.0,0.0,0.0,57.18,0.0,1.0,0.0,0.0,0,0,False,False,False,False,True,False,False,False,False,True,False
32.0,34.375,6.25,110.29,0.0,1.0,0.0,0.0,0,-34,False,False,True,False,False,False,False,False,False,False,True
42.0,0.0,0.0,40.02,0.0,1.0,0.0,0.0,0,0,False,False,False,False,False,True,False,False,True,False,False
31.0,58.06451613,6.451612903,78.94,0.058823529,1.0,0.0,0.0,68,0,False,True,False,False,False,False,False,False,True,False,False
10.0,30.0,20.0,84.58,0.0,1.0,0.0,1.0,0,0,False,False,False,False,False,True,False,False,False,False,True
6.0,16.66666667,0.0,40.02,0.0,1.0,1.0,0.0,0,0,False,False,False,False,False,False,True,False,True,False,False
34.0,14.70588235,0.0,99.71,0.0,0.0,0.0,0.0,0,-2,False,False,False,True,False,False,False,False,False,False,True
45.0,6.666666667,0.0,54.91,0.0,0.0,0.0,0.0,0,-26,False,False,False,False,False,False,True,False,False,False,True
7.0,57.14285714,14.28571429,35.02,0.0,1.0,0.0,0.0,0,0,True,False,False,False,False,False,False,False,False,True,False
47.0,0.0,0.0,73.43,0.017287234,0.0,0.0,0.0,752,-618,False,True,False,False,False,False,False,False,False,True,False
8.0,100.0,12.5,31.0,0.0,1.0,0.0,0.0,0,0,False,False,False,False,True,False,False,True,False,False,False
44.0,4.545454545,2.272727273,104.66,0.0,0.0,0.0,0.0,0,-304,True,False,False,False,False,False,False,False,True,False,False
35.0,45.71428571,14.28571429,60.27,0.166666667,1.0,1.0,0.0,42,0,False,False,False,False,False,False,True,False,False,False,True
35.0,60.0,2.857142857,73.96,0.0,1.0,0.0,0.0,0,-18,False,False,False,False,False,False,True,False,False,False,True
4.0,100.0,0.0,297.57,0.0,0.0,0.0,0.0,0,-1,False,False,False,False,False,True,False,False,True,False,False
46.0,10.86956522,0.0,17.02,0.0,0.0,0.0,0.0,0,-14,False,False,False,False,False,True,False,False,False,False,True
0.0,0.0,0.0,45.08,0.046843177,1.0,0.0,0.0,491,-178,False,False,False,False,False,True,False,False,True,False,False
42.0,14.28571429,0.0,65.53,0.090909091,1.0,0.0,0.0,33,-8,False,False,False,False,False,False,True,False,False,True,False
47.0,0.0,0.0,86.98,0.037037037,0.0,0.0,0.0,216,-44,False,False,False,False,True,False,False,False,False,True,False
26.0,73.07692308,23.07692308,40.2,0.0,1.0,0.0,0.0,0,0,False,True,False,False,False,False,False,False,False,True,False
32.0,21.875,0.0,79.45,0.0,1.0,0.0,0.0,0,-1,False,False,False,False,True,False,False,True,False,False,False
16.0,0.0,0.0,65.61,0.230769231,0.0,0.0,0.0,13,0,False,False,False,False,False,True,False,False,True,False,False
17.0,52.94117647,47.05882353,100.61,0.214285714285714,1.0,1.0,1.0,14,-492,True,False,False,False,False,False,False,False,False,False,True
21.0,0.0,0.0,45.02,0.0,1.0,0.0,0.0,0,0,False,True,False,False,False,False,False,False,True,False,False
0.0,0.0,0.0,88.76,0.051724138,1.0,0.0,0.0,116,-6,False,False,False,False,False,False,True,False,True,False,False
39.0,64.1025641,20.51282051,96.42,0.066666667,1.0,0.0,0.0,105,-391,False,False,False,False,False,True,False,False,True,False,False
0.0,0.0,0.0,28.09,0.0,1.0,0.0,0.0,0,-20,True,False,False,False,False,False,False,False,True,False,False
0.0,0.0,0.0,62.61,0.114285714,0.0,0.0,0.0,35,35,False,False,False,False,True,False,False,False,False,True,False
45.0,4.444444444,0.0,107.02,0.0,0.0,0.0,0.0,0,-165,False,False,True,False,False,False,False,False,False,False,True
0.0,0.0,0.0,8.86,0.0,0.0,0.0,0.0,0,0,False,False,False,False,False,False,True,False,False,True,False
45.0,0.0,0.0,4.79,0.0,0.0,0.0,0.0,0,-1,True,False,False,False,False,False,False,False,False,True,False
59.0,16.94915254,13.55932203,34.42,0.028938907,1.0,0.0,0.0,933,-133,True,False,False,False,False,False,False,False,True,False,False
48.0,0.0,0.0,61.1,0.007490637,1.0,0.0,0.0,801,-1,False,False,False,False,True,False,False,False,False,True,False
0.0,0.0,0.0,38.31,0.0,0.0,0.0,0.0,0,0,False,False,False,False,True,False,False,False,False,True,False
42.0,30.95238095,4.761904762,124.18,0.0,1.0,0.0,0.0,0,-2,False,False,False,False,False,False,True,False,True,False,False
25.0,12.0,4.0,40.0,0.0,1.0,0.0,0.0,0,0,True,False,False,False,False,False,False,False,False,False,True
36.0,13.88888889,2.777777778,37.94,0.103448276,1.0,0.0,0.0,29,0,False,False,False,False,True,False,False,False,False,False,True
0.0,0.0,0.0,1500.42,0.0,0.0,0.0,0.0,0,-5,False,False,False,False,True,False,False,False,False,True,False
9.0,44.44444444,11.11111111,40.02,0.0,1.0,0.0,0.0,0,0,False,False,False,False,True,False,False,False,True,False,False
34.0,5.882352941,2.941176471,87.81,0.0,1.0,0.0,0.0,0,0,False,True,False,False,False,False,False,False,True,False,False
44.0,2.272727273,2.272727273,80.05,0.0,1.0,0.0,0.0,0,-2,True,False,False,False,False,False,False,False,True,False,False
31.0,3.225806452,3.225806452,31.79,0.0,1.0,0.0,0.0,0,0,False,True,False,False,False,False,False,False,False,False,True
47.0,0.0,0.0,39.79,0.01208981,1.0,0.0,0.0,579,-14,False,False,False,False,True,False,False,False,False,True,False
13.0,84.61538462,7.692307692,46.44,0.0,0.0,0.0,0.0,0,0,False,False,False,False,True,False,False,False,False,True,False
27.0,7.407407407,3.703703704,35.0,0.0,1.0,0.0,0.0,0,0,False,False,False,False,False,True,False,False,False,False,True
44.0,15.90909091,4.545454545,62.57,0.0041841,0.0,0.0,0.0,478,-280,False,True,False,False,False,False,False,False,False,True,False
31.0,32.25806452,6.451612903,152.85,0.0,1.0,0.0,0.0,0,-1,False,False,False,False,False,True,False,False,False,True,False
55.0,7.272727273,0.0,125.3,0.026153846,0.0,0.0,0.0,650,-1,False,False,False,False,False,True,False,False,True,False,False
29.0,10.34482759,0.0,40.2,0.0,1.0,0.0,0.0,0,0,False,True,False,False,False,False,False,False,True,False,False
2.0,0.0,0.0,66.55,0.0,1.0,0.0,0.0,0,0,False,False,False,False,True,False,False,False,True,False,False
24.0,70.83333333,4.166666667,40.02,0.0,1.0,0.0,0.0,0,0,False,True,False,False,False,False,False,False,True,False,False
29.0,62.06896552,17.24137931,43.79,0.064935065,1.0,1.0,0.0,77,-5,False,False,False,False,False,False,True,False,False,True,False
47.0,0.0,0.0,49.51,0.072727273,0.0,0.0,0.0,55,35,False,False,False,False,True,False,False,False,False,False,True
29.0,10.34482759,6.896551724,29.0,0.0,1.0,0.0,0.0,0,0,False,True,False,False,False,False,False,False,False,False,True
18.0,0.0,0.0,41.84,0.0,1.0,1.0,1.0,0,0,False,True,False,False,False,False,False,False,False,False,True
29.0,41.37931034,10.34482759,55.9,0.0,1.0,0.0,0.0,0,0,False,False,False,False,True,False,False,False,False,True,False
16.0,0.0,0.0,55.63,0.0,0.0,0.0,0.0,0,0,False,True,False,False,False,False,False,False,False,True,False
0.0,0.0,0.0,91.36,0.0,0.0,0.0,0.0,0,0,False,False,False,False,False,True,False,False,False,True,False
11.0,27.27272727,18.18181818,64.54,0.0,1.0,0.0,0.0,0,-65,False,False,True,False,False,False,False,False,False,False,True
0.0,0.0,0.0,78.29,0.0470588235294118,0.0,0.0,0.0,170,-584,False,True,False,False,False,False,False,False,False,True,False
39.0,28.20512821,7.692307692,52.01,0.0,0.0,0.0,0.0,0,-333,True,False,False,False,False,False,False,False,False,True,False
45.0,8.888888889,0.0,77.07,0.026490066,0.0,0.0,0.0,151,-61,False,False,False,False,True,False,False,True,False,False,False
43.0,0.0,0.0,77.16,0.0,1.0,0.0,0.0,0,-29,True,False,False,False,False,False,False,False,False,True,False
20.0,70.0,5.0,36.62,0.5,1.0,0.0,0.0,4,0,False,False,False,False,True,False,False,False,True,False,False
49.0,0.0,0.0,40.02,0.0,1.0,0.0,0.0,0,-19,False,False,False,False,False,True,False,False,True,False,False
4.0,25.0,0.0,40.0,0.0,1.0,0.0,0.0,0,-2,False,False,False,False,False,False,True,False,False,False,True
45.0,0.0,0.0,35.15,0.0,0.0,0.0,0.0,0,0,False,False,False,False,False,True,False,False,True,False,False
24.0,79.16666667,16.66666667,40.0,0.0,0.0,0.0,0.0,0,-124,False,False,False,True,False,False,False,False,False,False,True
33.0,39.39393939,0.0,55.23,0.058823529,1.0,0.0,0.0,34,0,False,False,False,False,False,True,False,False,False,True,False
32.0,37.5,3.125,79.04,0.0,1.0,0.0,0.0,0,-4,False,False,False,False,False,True,False,False,False,False,True
9.0,11.11111111,0.0,50.3,0.054676259,1.0,1.0,0.0,695,-7,False,False,False,False,False,True,False,False,False,True,False
37.0,8.108108108,0.0,75.47,0.06,1.0,0.0,0.0,50,-1,False,False,False,False,False,True,False,False,False,False,True
30.0,10.0,10.0,51.76,0.0,1.0,0.0,0.0,0,-1,False,False,False,False,True,False,False,False,True,False,False
7.0,85.71428571,14.28571429,40.2,0.0,1.0,0.0,1.0,0,0,False,False,False,False,False,False,True,False,True,False,False
51.0,33.33333333,1.960784314,104.08,0.100824931,0.0,0.0,0.0,1091,-296,False,False,False,False,True,False,False,False,False,True,False
17.0,64.70588235,23.52941176,35.0,0.0,1.0,0.0,0.0,0,0,False,False,True,False,False,False,False,True,False,False,False
36.0,0.0,0.0,51.2,0.0,0.0,0.0,0.0,0,0,False,False,False,True,False,False,False,False,False,False,True
33.0,21.21212121,3.03030303,66.2,0.125,1.0,0.0,0.0,16,-8,False,False,False,False,False,True,False,False,False,True,False
35.0,68.57142857,0.0,134.76,0.041666667,0.0,1.0,0.0,168,-5,True,False,False,False,False,False,False,False,True,False,False
24.0,20.83333333,16.66666667,42.28,0.285714286,1.0,0.0,0.0,7,-1,False,True,False,False,False,False,False,False,False,False,True
35.0,0.0,0.0,50.39,0.0,1.0,0.0,0.0,0,0,False,True,False,False,False,False,False,False,True,False,False
23.0,82.60869565,8.695652174,31.0,0.0,1.0,0.0,0.0,0,0,True,False,False,False,False,False,False,False,False,False,True
44.0,9.090909091,0.0,53.77,0.0,0.0,0.0,0.0,0,-12,False,False,False,False,False,True,False,False,False,True,False
11.0,9.090909091,0.0,43.91,0.0,1.0,0.0,0.0,0,-32,False,False,False,False,False,True,False,False,True,False,False
28.0,7.142857143,3.571428571,31.0,0.0,1.0,0.0,0.0,0,0,False,False,False,False,False,False,True,False,False,False,True
3.0,100.0,0.0,77.05,0.052631579,0.0,0.0,0.0,114,0,False,False,False,False,False,False,True,False,False,True,False
27.0,37.03703704,7.407407407,40.02,0.0,1.0,1.0,0.0,0,0,False,True,False,False,False,False,False,False,True,False,False
29.0,3.448275862,3.448275862,38.46,0.25,1.0,0.0,0.0,8,0,False,True,False,False,False,False,False,False,False,True,False
1.0,100.0,0.0,111.09,0.0,1.0,0.0,0.0,0,0,False,True,False,False,False,False,False,False,False,True,False
21.0,47.61904762,14.28571429,29.0,0.0,1.0,0.0,0.0,0,0,False,False,False,False,False,False,True,False,False,False,True
45.0,0.0,0.0,51.7,0.0,1.0,0.0,0.0,0,-1,False,False,False,False,False,False,True,False,False,False,True
2.0,50.0,50.0,78.9,0.111111111,1.0,0.0,0.0,27,-38,False,True,False,False,False,False,False,False,True,False,False
38.0,39.47368421,7.894736842,56.48,0.103448276,1.0,0.0,0.0,29,0,False,False,True,False,False,False,False,False,False,False,True
39.0,23.07692308,10.25641026,191.7,0.0,0.0,0.0,0.0,0,-84,False,False,False,False,False,False,True,False,False,False,True
36.0,2.777777778,0.0,40.02,0.0,1.0,0.0,0.0,0,0,True,False,False,False,False,False,False,False,True,False,False
28.0,21.42857143,0.0,40.0,0.0,1.0,0.0,0.0,0,0,False,False,True,False,False,False,False,False,False,False,True
25.0,24.0,4.0,80.58,0.0,1.0,0.0,0.0,0,0,False,False,False,False,False,True,False,False,True,False,False
37.0,0.0,0.0,40.02,0.0,1.0,0.0,0.0,0,-13,False,False,False,False,False,False,True,False,True,False,False
37.0,86.48648649,0.0,23.75,0.0,0.0,0.0,0.0,0,-4,True,False,False,False,False,False,False,False,True,False,False
43.0,9.302325581,0.0,40.02,0.0,1.0,0.0,0.0,0,0,False,False,False,False,True,False,False,False,True,False,False
1.0,0.0,0.0,40.2,0.0,1.0,0.0,0.0,0,0,False,False,False,False,True,False,False,False,False,True,False
44.0,36.36363636,18.18181818,86.84,0.0038167938931297,0.0,0.0,0.0,1310,-29,False,False,False,False,True,False,False,False,False,True,False
37.0,24.32432432,13.51351351,58.28,0.0,1.0,0.0,0.0,0,-34,False,True,False,False,False,False,False,False,False,False,True
37.0,2.702702703,0.0,40.02,0.0,1.0,0.0,0.0,0,0,False,True,False,False,False,False,False,False,False,True,False
0.0,0.0,0.0,14.66,0.0,0.0,0.0,0.0,0,-74,False,False,False,False,False,False,True,False,False,True,False
54.0,5.555555556,1.851851852,49.55,0.010600707,0.0,0.0,0.0,849,-1,False,False,False,False,False,True,False,False,False,True,False
30.0,3.333333333,3.333333333,100.62,0.0,1.0,0.0,0.0,0,-4,False,False,False,False,False,False,True,False,True,False,False
27.0,92.59259259,25.92592593,58.84,0.111111111,1.0,0.0,0.0,63,0,False,False,False,False,False,True,False,False,False,False,True
27.0,3.703703704,0.0,57.87,0.0,1.0,0.0,0.0,0,0,False,False,False,False,False,True,False,False,False,False,True
34.0,58.82352941,11.76470588,33.13,0.047619048,1.0,1.0,0.0,84,0,False,True,False,False,False,False,False,False,False,True,False
32.0,21.875,3.125,40.02,0.0,1.0,0.0,0.0,0,0,False,False,False,False,True,False,False,False,True,False,False
0.0,0.0,0.0,187.47,0.035874439,0.0,0.0,0.0,223,-12,False,False,False,False,False,True,False,False,False,True,False
33.0,21.21212121,3.03030303,40.02,0.0,1.0,0.0,0.0,0,-24,False,False,False,False,False,True,False,False,True,False,False
10.0,40.0,10.0,41.93,0.0,1.0,0.0,0.0,0,0,False,False,False,False,True,False,False,True,False,False,False
51.0,0.0,0.0,86.12,0.012886598,0.0,0.0,0.0,776,-3,False,False,False,False,False,True,False,False,True,False,False
11.0,54.54545455,45.45454545,64.05,0.133333333,1.0,0.0,0.0,15,-1,False,True,False,False,False,False,False,False,False,False,True
20.0,95.0,5.0,40.25,0.0,1.0,0.0,0.0,0,0,False,False,False,False,False,False,True,False,True,False,False
22.0,9.090909091,0.0,56.23,0.0,1.0,0.0,0.0,0,0,True,False,False,False,False,False,False,False,False,True,False
44.0,4.545454545,0.0,53.79,0.0,1.0,0.0,0.0,0,0,False,True,False,False,False,False,False,False,True,False,False
0.0,0.0,0.0,14.12,0.0,0.0,0.0,0.0,0,0,False,False,False,False,False,True,False,False,False,True,False
20.0,95.0,0.0,62.07,0.0,1.0,0.0,0.0,0,-12,True,False,False,False,False,False,False,False,False,True,False
45.0,15.55555556,4.444444444,49.07,0.0,1.0,0.0,0.0,0,0,False,False,False,False,False,True,False,False,True,False,False
42.0,4.761904762,2.380952381,43.39,0.0,0.0,0.0,0.0,0,0,False,False,False,False,True,False,False,True,False,False,False
44.0,2.272727273,0.0,29.64,0.0,0.0,0.0,0.0,0,-2,False,False,False,False,False,True,False,False,True,False,False
41.0,36.58536585,7.317073171,73.08,0.0,1.0,0.0,0.0,0,-34,False,False,False,False,True,False,False,False,False,False,True
16.0,0.0,0.0,57.91,0.0,0.0,0.0,0.0,0,-14,False,True,False,False,False,False,False,False,True,False,False
0.0,0.0,0.0,24.93,0.0,0.0,0.0,0.0,0,-18,False,False,True,False,False,False,False,False,False,False,True
34.0,2.941176471,0.0,99.73,0.0,0.0,0.0,0.0,0,-486,False,False,False,False,False,True,False,False,True,False,False
45.0,4.444444444,0.0,101.67,0.0,1.0,0.0,0.0,0,-14,False,True,False,False,False,False,False,False,False,False,True
46.0,4.347826087,0.0,186.41,0.02739726,0.0,0.0,0.0,292,-3,False,False,False,False,False,False,True,False,False,True,False
3.0,33.33333333,0.0,40.0,0.0,1.0,0.0,0.0,0,0,False,False,False,False,True,False,False,False,False,False,True
45.0,0.0,0.0,31.46,0.0,0.0,0.0,0.0,0,0,False,False,False,False,False,True,False,False,False,False,True
1.0,100.0,0.0,40.02,0.0,1.0,0.0,0.0,0,0,False,False,False,False,False,False,True,False,True,False,False
42.0,66.66666667,2.380952381,35.13,0.064516129,1.0,0.0,0.0,31,0,True,False,False,False,False,False,False,False,True,False,False
0.0,0.0,0.0,47.75,0.014354067,0.0,0.0,0.0,418,-30,False,False,False,False,False,True,False,False,False,True,False
40.0,7.5,0.0,40.02,0.0,1.0,0.0,0.0,0,0,False,False,False,False,False,True,False,False,False,True,False
45.0,0.0,0.0,30.86,0.0,0.0,0.0,0.0,0,-8,False,True,False,False,False,False,False,False,True,False,False
32.0,65.625,3.125,78.21,0.0,1.0,0.0,0.0,0,-9,False,False,False,False,True,False,False,False,True,False,False
8.0,37.5,0.0,35.0,0.0,1.0,0.0,0.0,0,0,False,False,False,False,False,True,False,True,False,False,False
32.0,65.625,25.0,69.53,0.01,0.0,0.0,0.0,300,-361,False,False,False,False,False,False,True,False,False,True,False
45.0,46.66666667,8.888888889,44.93,0.111111111,1.0,1.0,0.0,27,-7,False,False,False,False,False,False,True,True,False,False,False
42.0,19.04761905,0.0,72.46,0.018181818,0.0,0.0,0.0,165,0,False,False,False,False,True,False,False,False,False,True,False
34.0,5.882352941,2.941176471,101.46,0.0,1.0,0.0,0.0,0,0,False,False,False,False,True,False,False,False,True,False,False
3.0,66.66666667,0.0,40.02,0.0,1.0,0.0,0.0,0,0,True,False,False,False,False,False,False,False,False,True,False
51.0,13.7254902,3.921568627,58.8,0.151260504,1.0,1.0,1.0,119,-91,False,False,False,False,False,True,False,True,False,False,False
44.0,0.0,0.0,260.94,0.0,0.0,0.0,0.0,0,-180,True,False,False,False,False,False,False,False,False,True,False
45.0,8.888888889,0.0,51.81,0.0,0.0,0.0,0.0,0,0,False,True,False,False,False,False,False,False,True,False,False
45.0,2.222222222,0.0,79.23,0.011494253,0.0,0.0,0.0,174,-8,False,False,False,False,True,False,False,False,True,False,False
10.0,90.0,10.0,31.0,0.0,1.0,0.0,0.0,0,0,False,False,False,False,True,False,False,False,False,False,True
46.0,2.173913043,0.0,40.02,0.0,0.0,1.0,0.0,0,0,True,False,False,False,False,False,False,False,True,False,False
20.0,20.0,10.0,38.46,0.222222222,1.0,0.0,0.0,9,-66,False,False,False,False,True,False,False,False,True,False,False
34.0,20.58823529,5.882352941,40.25,0.0,1.0,0.0,0.0,0,0,False,False,False,False,True,False,False,False,True,False,False
40.0,7.5,0.0,49.3,0.0,0.0,0.0,0.0,0,-358,False,True,False,False,False,False,False,False,True,False,False
43.0,6.976744186,0.0,56.63,0.0,0.0,0.0,0.0,0,0,False,False,False,False,False,False,True,False,True,False,False
10.0,100.0,30.0,40.0,0.0,1.0,0.0,0.0,0,0,True,False,False,False,False,False,False,False,False,False,True
1.0,100.0,0.0,80.05,0.0,0.0,0.0,0.0,0,0,False,False,False,False,False,True,False,False,True,False,False
30.0,16.66666667,10.0,49.43,0.0,1.0,0.0,0.0,0,0,True,False,False,False,False,False,False,False,False,True,False
45.0,0.0,0.0,99.22,0.0,0.0,0.0,0.0,0,-1,False,False,False,False,False,False,True,False,True,False,False
0.0,0.0,0.0,29.89,0.0,0.0,0.0,0.0,0,-1,True,False,False,False,False,False,False,False,False,True,False
45.0,0.0,0.0,82.04,0.285714286,0.0,0.0,0.0,7,0,False,False,False,False,True,False,False,False,False,True,False
60.0,3.333333333,3.333333333,54.83,0.124018838,0.0,0.0,0.0,637,-8,True,False,False,False,False,False,False,False,False,True,False
8.0,100.0,12.5,40.0,0.0,1.0,0.0,0.0,0,0,False,True,False,False,False,False,False,False,False,False,True
66.0,33.33333333,9.090909091,55.94,0.129032258,0.0,1.0,1.0,248,-129,False,True,False,False,False,False,False,False,True,False,False
34.0,20.58823529,8.823529412,102.23,0.214285714285714,1.0,0.0,0.0,14,0,False,False,False,False,True,False,False,False,True,False,False
34.0,11.76470588,0.0,40.02,0.0,1.0,0.0,0.0,0,0,False,False,False,False,False,True,False,False,True,False,False
2.0,100.0,50.0,52.01,0.0,1.0,0.0,0.0,0,-608,False,False,False,False,False,False,True,False,True,False,False
27.0,55.55555556,3.703703704,73.57,0.0,1.0,0.0,0.0,0,-11,False,False,False,False,False,True,False,False,False,False,True
42.0,52.38095238,28.57142857,55.73,0.1,1.0,0.0,0.0,90,0,True,False,False,False,False,False,False,False,False,False,True
0.0,0.0,0.0,30.4,0.0,0.0,0.0,0.0,0,39,False,False,False,True,False,False,False,False,False,False,True
0.0,0.0,0.0,40.02,0.0,1.0,0.0,0.0,0,0,False,False,False,False,False,False,True,False,False,True,False
0.0,0.0,0.0,29.39,0.036697248,1.0,0.0,0.0,327,0,False,False,False,False,False,False,True,False,False,True,False
32.0,34.375,15.625,28.16,0.0,1.0,0.0,0.0,0,-221,False,False,False,False,True,False,False,False,False,True,False
43.0,30.23255814,0.0,38.27,0.111111111111111,1.0,0.0,0.0,27,0,False,True,False,False,False,False,False,False,False,False,True
6.0,100.0,33.33333333,29.0,0.0,1.0,0.0,0.0,0,0,True,False,False,False,False,False,False,False,False,False,True
34.0,88.23529412,0.0,65.0,0.0714285714285714,1.0,0.0,0.0,28,0,False,True,False,False,False,False,False,False,False,False,True
30.0,10.0,3.333333333,40.27,0.0,1.0,1.0,0.0,0,0,True,False,False,False,False,False,False,False,True,False,False
37.0,37.83783784,16.21621622,54.57,0.0,1.0,0.0,0.0,0,-8,False,True,False,False,False,False,False,False,False,False,True
42.0,21.42857143,9.523809524,40.02,0.0,1.0,0.0,0.0,0,-21,False,True,False,False,False,False,False,False,True,False,False
21.0,85.71428571,0.0,39.7,0.0,0.0,0.0,0.0,0,-33,False,False,False,True,False,False,False,False,False,False,True
24.0,75.0,33.33333333,42.25,0.08,1.0,0.0,0.0,25,-15,False,False,False,False,False,True,False,False,False,False,True
42.0,42.85714286,9.523809524,73.85,0.125,1.0,0.0,0.0,40,-2,True,False,False,False,False,False,False,False,True,False,False
43.0,97.6744186,11.62790698,80.58,0.131868132,0.0,0.0,0.0,182,-55,False,True,False,False,False,False,False,False,True,False,False
45.0,8.888888889,0.0,161.97,0.102040816,0.0,0.0,0.0,490,-45,False,False,False,False,False,False,True,False,False,True,False
40.0,0.0,0.0,119.2,0.0,1.0,0.0,0.0,0,0,False,False,False,False,False,True,False,False,True,False,False
30.0,20.0,0.0,40.2,0.0,1.0,1.0,0.0,0,0,True,False,False,False,False,False,False,False,True,False,False
30.0,0.0,0.0,40.02,0.0,1.0,0.0,0.0,0,-57,True,False,False,False,False,False,False,False,True,False,False
22.0,72.72727273,0.0,45.02,0.0,1.0,0.0,0.0,0,0,False,False,False,False,False,True,False,False,True,False,False
38.0,2.631578947,0.0,47.18,0.121212121,0.0,0.0,0.0,33,33,False,False,False,True,False,False,False,False,False,False,True
5.0,20.0,0.0,37.35,0.0945945945945946,1.0,1.0,0.0,74,0,True,False,False,False,False,False,False,False,True,False,False
0.0,0.0,0.0,8.1,0.0,0.0,0.0,0.0,0,0,False,False,False,False,False,False,True,False,False,True,False
16.0,56.25,18.75,20.13,2.0,1.0,1.0,0.0,1,0,False,False,False,False,False,False,True,False,False,True,False
16.0,0.0,0.0,47.29,0.0,0.0,0.0,0.0,0,0,True,False,False,False,False,False,False,False,False,True,False
48.0,2.083333333,0.0,83.45,0.0,1.0,0.0,0.0,0,-193,False,False,True,False,False,False,False,False,False,False,True
9.0,44.44444444,22.22222222,40.02,0.0,1.0,0.0,0.0,0,0,False,False,False,False,False,True,False,False,False,False,True
32.0,9.375,0.0,51.38,0.0,1.0,0.0,0.0,0,-6,False,False,False,False,False,True,False,False,True,False,False
45.0,17.77777778,0.0,55.08,0.052631579,1.0,0.0,0.0,38,-42,False,False,True,False,False,False,False,False,False,False,True
31.0,96.77419355,6.451612903,20.76,0.0,0.0,0.0,0.0,0,0,False,False,False,False,True,False,False,False,False,True,False
16.0,0.0,0.0,160.58,0.0,0.0,0.0,0.0,0,0,False,False,False,False,True,False,False,False,True,False,False
33.0,69.6969697,6.060606061,31.9,0.015075377,0.0,0.0,0.0,199,-75,False,False,False,False,True,False,False,False,False,False,True
0.0,0.0,0.0,40.02,0.0,1.0,0.0,0.0,0,0,False,False,False,False,False,False,True,False,False,True,False
44.0,6.818181818,0.0,56.49,0.064516129,0.0,0.0,0.0,31,-41,False,True,False,False,False,False,False,False,True,False,False
43.0,20.93023256,6.976744186,38.46,0.1,1.0,1.0,0.0,20,-35,False,False,False,False,False,True,False,False,True,False,False
37.0,18.91891892,2.702702703,40.02,0.0,1.0,0.0,0.0,0,-8,False,False,False,False,False,False,True,False,True,False,False
45.0,33.33333333,8.888888889,55.83,0.2,1.0,0.0,0.0,15,-159,True,False,False,False,False,False,False,False,True,False,False
35.0,48.57142857,22.85714286,63.7,0.2,1.0,1.0,1.0,70,-7,False,True,False,False,False,False,False,False,False,False,True
43.0,9.302325581,2.325581395,50.69,0.0,1.0,0.0,0.0,0,-20,True,False,False,False,False,False,False,False,False,False,True
0.0,0.0,0.0,14.87,0.3,0.0,0.0,0.0,20,-65,False,False,False,False,False,False,True,False,False,True,False
45.0,0.0,0.0,22.39,0.0,0.0,0.0,0.0,0,-16,False,False,False,False,True,False,False,False,False,True,False
32.0,0.0,0.0,40.02,0.0,1.0,1.0,0.0,0,0,False,False,False,False,True,False,False,False,False,True,False
0.0,0.0,0.0,87.98,0.0,1.0,0.0,0.0,0,0,False,False,False,False,False,False,True,False,False,False,True
20.0,80.0,15.0,42.17,0.230769231,1.0,0.0,0.0,13,0,True,False,False,False,False,False,False,False,False,False,True
16.0,0.0,0.0,58.78,0.0,0.0,0.0,0.0,0,0,True,False,False,False,False,False,False,False,False,True,False
17.0,11.76470588,0.0,69.62,0.133333333,1.0,0.0,0.0,15,-15,False,False,False,True,False,False,False,False,False,False,True
3.0,100.0,0.0,110.73,0.028368794,0.0,0.0,0.0,141,0,False,False,False,False,False,True,False,False,False,True,False
45.0,6.666666667,2.222222222,126.96,0.909090909,0.0,0.0,0.0,11,-52,False,False,False,False,False,True,False,False,True,False,False
0.0,0.0,0.0,152.5,0.0,0.0,0.0,0.0,0,1,True,False,False,False,False,False,False,False,True,False,False
28.0,39.28571429,0.0,45.02,0.0,1.0,1.0,0.0,0,0,False,False,False,False,True,False,False,False,False,True,False
0.0,0.0,0.0,21.45,0.0,0.0,0.0,0.0,0,0,False,False,False,False,False,True,False,False,False,True,False
45.0,0.0,0.0,58.65,0.0,0.0,0.0,0.0,0,-4,False,False,False,False,False,True,False,False,True,False,False
33.0,18.18181818,12.12121212,47.48,0.285714286,1.0,0.0,0.0,7,-7,False,False,False,False,False,False,True,False,False,True,False
27.0,81.48148148,7.407407407,57.82,0.021164021,0.0,0.0,0.0,189,0,False,False,False,True,False,False,False,False,False,False,True
13.0,92.30769231,30.76923077,76.31,0.154929577,1.0,1.0,0.0,71,-4,True,False,False,False,False,False,False,False,False,False,True
12.0,100.0,25.0,99.78,0.0,1.0,0.0,0.0,0,-13,True,False,False,False,False,False,False,False,False,False,True
40.0,37.5,5.0,51.6,0.0,0.0,0.0,0.0,0,0,False,False,False,False,True,False,False,False,True,False,False
6.0,66.66666667,0.0,52.4,0.0,0.0,0.0,0.0,0,0,True,False,False,False,False,False,False,False,True,False,False
25.0,16.0,8.0,51.01,0.133333333,1.0,0.0,1.0,15,-1,False,False,False,False,False,False,True,False,False,False,True
49.0,4.081632653,0.0,74.11,0.0,1.0,0.0,0.0,0,-30,False,False,False,False,True,False,False,False,False,True,False
4.0,25.0,0.0,52.95,0.0260869565217391,1.0,0.0,0.0,115,-2,False,False,False,False,False,True,False,False,True,False,False
33.0,39.39393939,15.15151515,52.93,0.034482759,1.0,1.0,0.0,58,-21,False,True,False,False,False,False,False,False,True,False,False
46.0,32.60869565,0.0,56.41,0.142857143,0.0,0.0,0.0,91,-67,False,True,False,False,False,False,False,False,False,True,False
0.0,0.0,0.0,34.11,0.0,0.0,0.0,0.0,0,-22,False,True,False,False,False,False,False,False,False,True,False
40.0,20.0,12.5,115.28,0.0,0.0,0.0,0.0,0,-201,False,False,False,False,False,True,False,False,False,True,False
25.0,40.0,16.0,31.0,0.0,1.0,0.0,0.0,0,0,False,False,False,False,True,False,False,False,False,False,True
22.0,81.81818182,4.545454545,54.14,0.0,1.0,0.0,0.0,0,-12,False,False,False,False,False,True,False,False,False,False,True
40.0,42.5,0.0,96.31,0.25,0.0,0.0,0.0,8,-770,False,False,False,False,False,True,False,False,False,True,False
9.0,88.88888889,11.11111111,40.02,0.0,1.0,0.0,0.0,0,0,False,True,False,False,False,False,False,False,True,False,False
27.0,18.51851852,3.703703704,40.0,0.0,1.0,0.0,1.0,0,0,True,False,False,False,False,False,False,False,False,False,True
18.0,0.0,0.0,30.88,0.04379562,0.0,0.0,0.0,137,-55,False,False,False,False,False,True,False,False,True,False,False
31.0,0.0,0.0,72.11,0.0,1.0,0.0,0.0,0,-5,True,False,False,False,False,False,False,False,True,False,False
45.0,6.666666667,0.0,57.73,0.157894737,1.0,1.0,0.0,19,0,False,True,False,False,False,False,False,False,False,True,False
26.0,76.92307692,34.61538462,84.81,0.148936170212766,1.0,0.0,0.0,47,0,False,True,False,False,False,False,False,False,False,False,True
7.0,57.14285714,14.28571429,50.9,0.0,1.0,0.0,0.0,0,-127,False,False,False,False,True,False,False,False,False,False,True
44.0,6.818181818,0.0,82.3,0.0,1.0,0.0,0.0,0,-292,False,False,False,False,True,False,False,False,True,False,False
0.0,0.0,0.0,176.84,0.0,0.0,0.0,0.0,0,-1,False,False,False,False,True,False,False,False,False,True,False
45.0,24.44444444,15.55555556,81.15,0.0571428571428571,1.0,1.0,1.0,105,0,False,False,True,False,False,False,False,True,False,False,False
44.0,27.27272727,2.272727273,97.03,0.0,0.0,0.0,0.0,0,-17,False,False,True,False,False,False,False,True,False,False,False
40.0,12.5,2.5,29.42,0.0,1.0,0.0,0.0,0,-19,False,False,True,False,False,False,False,True,False,False,False
45.0,0.0,0.0,53.25,0.0,1.0,0.0,0.0,0,-22,False,False,False,False,True,False,False,True,False,False,False
42.0,38.0952381,0.0,92.41,0.5,1.0,0.0,0.0,4,0,False,True,False,False,False,False,False,False,True,False,False
43.0,88.37209302,6.976744186,80.93,0.0594405594405594,1.0,1.0,0.0,286,0,False,False,False,False,False,True,False,False,True,False,False
6.0,100.0,16.66666667,40.02,0.0,1.0,0.0,0.0,0,0,False,False,False,False,True,False,False,False,False,False,True
40.0,7.5,5.0,46.12,0.0,1.0,0.0,0.0,0,-6,False,True,False,False,False,False,False,False,False,False,True
34.0,32.35294118,0.0,50.51,0.0,1.0,0.0,0.0,0,-21,False,False,False,False,False,True,False,False,False,True,False
41.0,14.63414634,2.43902439,53.31,0.0444444444444444,1.0,0.0,0.0,45,-34,False,True,False,False,False,False,False,False,True,False,False
0.0,0.0,0.0,46.08,0.007389163,0.0,0.0,0.0,406,0,False,False,False,False,True,False,False,False,True,False,False
27.0,70.37037037,3.703703704,121.72,0.214285714,1.0,0.0,1.0,42,0,False,True,False,False,False,False,False,False,False,True,False
32.0,12.5,3.125,95.05,0.0,1.0,0.0,0.0,0,-3,True,False,False,False,False,False,False,False,False,False,True
33.0,15.15151515,3.03030303,40.02,0.0,1.0,0.0,0.0,0,0,False,True,False,False,False,False,False,False,True,False,False
43.0,20.93023256,6.976744186,31.42,0.0,1.0,0.0,0.0,0,-35,False,False,False,False,True,False,False,False,False,False,True
35.0,68.57142857,31.42857143,58.74,0.0,0.0,0.0,0.0,0,-17,False,False,False,False,False,False,True,False,False,True,False
16.0,0.0,0.0,67.06,0.2,0.0,0.0,0.0,10,-1,False,True,False,False,False,False,False,False,False,True,False
34.0,14.70588235,0.0,40.0,0.0,1.0,0.0,0.0,0,0,False,False,False,False,True,False,False,False,False,False,True
33.0,84.84848485,12.12121212,38.14,0.066666667,0.0,0.0,0.0,30,-15,False,False,False,False,False,False,True,False,True,False,False
0.0,0.0,0.0,63.34,0.0162162162162162,0.0,0.0,0.0,185,-43,False,True,False,False,False,False,False,False,True,False,False
0.0,0.0,0.0,108.66,0.0,1.0,0.0,0.0,0,-12,False,True,False,False,False,False,False,False,False,False,True
41.0,60.97560976,24.3902439,50.06,0.047619048,1.0,1.0,1.0,63,-1,False,True,False,False,False,False,False,False,False,False,True
27.0,88.88888889,0.0,49.36,0.0,0.0,0.0,0.0,0,-169,False,False,False,False,False,True,False,False,True,False,False
0.0,0.0,0.0,50.0,0.0,0.0,0.0,0.0,0,0,False,False,False,False,False,True,False,False,True,False,False
46.0,8.695652174,2.173913043,132.98,0.027027027027027,1.0,0.0,0.0,259,-1,True,False,False,False,False,False,False,False,True,False,False
43.0,37.20930233,2.325581395,40.32,0.285714286,1.0,0.0,0.0,7,0,False,False,False,False,True,False,False,False,True,False,False
0.0,0.0,0.0,67.95,0.018735363,0.0,0.0,0.0,854,-140,False,False,False,False,False,False,True,False,False,True,False
42.0,9.523809524,4.761904762,41.13,0.0,1.0,0.0,0.0,0,-44,False,False,False,False,True,False,False,False,False,False,True
16.0,0.0,0.0,51.87,0.0,0.0,0.0,0.0,0,0,False,False,False,False,False,True,False,False,False,True,False
36.0,41.66666667,5.555555556,40.02,0.0,1.0,0.0,0.0,0,0,False,False,False,False,True,False,False,False,True,False,False
40.0,17.5,0.0,49.98,0.0,1.0,0.0,0.0,0,0,False,False,False,False,False,False,True,False,False,True,False
0.0,0.0,0.0,42.98,0.057142857,0.0,0.0,0.0,35,35,False,False,False,False,True,False,False,False,False,False,True
65.0,55.38461538,23.07692308,95.32,0.188679245,1.0,1.0,1.0,106,-1,True,False,False,False,False,False,False,False,False,False,True
2.0,100.0,50.0,40.02,0.0,0.0,0.0,0.0,0,-1067,False,False,False,False,True,False,False,False,True,False,False
39.0,97.43589744,23.07692308,56.68,0.078740157,1.0,0.0,0.0,508,-44,False,False,False,False,False,True,False,False,False,False,True
44.0,11.36363636,6.818181818,52.49,0.0,0.0,0.0,0.0,0,0,False,False,False,False,False,False,True,False,False,True,False
0.0,0.0,0.0,79.34,0.068181818,0.0,0.0,0.0,176,-244,True,False,False,False,False,False,False,False,False,True,False
37.0,0.0,0.0,40.88,0.0,1.0,1.0,0.0,0,-2,False,True,False,False,False,False,False,False,True,False,False
45.0,13.33333333,4.444444444,140.7,0.125,1.0,0.0,0.0,16,-15,False,False,False,False,True,False,False,True,False,False,False
27.0,33.33333333,3.703703704,58.87,0.0,1.0,0.0,0.0,0,0,False,True,False,False,False,False,False,False,False,True,False
47.0,17.0212766,2.127659574,81.39,0.0153374233128834,0.0,0.0,0.0,326,0,False,False,False,False,True,False,False,False,False,True,False
39.0,71.79487179,10.25641026,81.23,0.044025157,1.0,0.0,0.0,1272,0,False,False,False,False,False,True,False,False,False,True,False
38.0,7.894736842,2.631578947,43.63,0.142857142857143,1.0,0.0,0.0,14,-22,True,False,False,False,False,False,False,False,False,False,True
13.0,7.692307692,0.0,69.42,1.0,1.0,0.0,0.0,2,-22,False,False,False,False,False,True,False,False,False,False,True
46.0,52.17391304,0.0,32.5,0.114503817,1.0,0.0,0.0,131,-49,False,True,False,False,False,False,False,False,False,True,False
3.0,33.33333333,33.33333333,153.44,0.0,1.0,0.0,0.0,0,-3,False,False,False,False,False,False,True,False,False,False,True
6.0,66.66666667,33.33333333,77.35,0.133333333,1.0,0.0,0.0,15,-4,True,False,False,False,False,False,False,False,False,False,True
0.0,0.0,0.0,60.99,0.0,0.0,0.0,0.0,0,-63,False,False,True,False,False,False,False,False,False,False,True
34.0,47.05882353,14.70588235,96.94,0.153846154,0.0,0.0,0.0,13,-432,False,True,False,False,False,False,False,False,False,False,True
37.0,62.16216216,2.702702703,89.23,0.0,0.0,0.0,0.0,0,-17,False,False,True,False,False,False,False,True,False,False,False
0.0,0.0,0.0,69.22,0.014869888,0.0,0.0,0.0,538,-13,False,False,False,False,False,False,True,False,True,False,False
29.0,3.448275862,0.0,38.46,0.285714286,1.0,1.0,0.0,7,0,False,False,False,False,False,True,False,False,False,False,True
22.0,59.09090909,27.27272727,73.97,0.0909090909090909,1.0,0.0,1.0,22,-3,False,False,False,False,True,False,False,True,False,False,False
35.0,77.14285714,40.0,41.43,0.105263157894737,1.0,1.0,0.0,19,-2,False,False,True,False,False,False,False,False,False,False,True
51.0,9.803921569,1.960784314,112.17,0.06871345,1.0,0.0,0.0,684,-105,False,False,False,False,True,False,False,False,False,True,False
39.0,35.8974359,0.0,54.88,0.111111111,1.0,0.0,0.0,36,0,False,True,False,False,False,False,False,False,False,False,True
36.0,5.555555556,5.555555556,87.75,0.216216216,1.0,0.0,0.0,37,0,False,False,False,False,False,False,True,False,True,False,False
1.0,100.0,0.0,40.02,0.0,1.0,0.0,0.0,0,-16,False,True,False,False,False,False,False,False,True,False,False
30.0,10.0,0.0,40.02,0.0,1.0,0.0,0.0,0,0,False,False,False,False,True,False,False,False,True,False,False
36.0,0.0,0.0,54.48,0.0434782608695652,0.0,0.0,0.0,46,39,False,False,False,True,False,False,False,False,False,False,True
36.0,8.333333333,5.555555556,40.02,0.0,1.0,0.0,0.0,0,-8,False,False,False,False,True,False,False,False,True,False,False
35.0,2.857142857,0.0,40.02,0.0,1.0,0.0,0.0,0,0,False,False,False,False,False,False,True,False,False,True,False
41.0,21.95121951,0.0,102.86,0.0,1.0,0.0,0.0,0,-32,False,False,True,False,False,False,False,True,False,False,False
9.0,55.55555556,0.0,40.25,0.0,1.0,0.0,0.0,0,-8,False,True,False,False,False,False,False,False,True,False,False
17.0,41.17647059,5.882352941,44.39,0.0625,1.0,0.0,0.0,32,-27,False,True,False,False,False,False,False,False,True,False,False
36.0,97.22222222,25.0,45.65,0.0689655172413793,1.0,0.0,0.0,58,0,False,False,False,False,False,True,False,False,True,False,False
0.0,0.0,0.0,57.47,0.0,0.0,0.0,0.0,0,0,False,False,False,False,False,False,True,False,True,False,False
45.0,8.888888889,0.0,86.41,0.0163934426229508,1.0,0.0,0.0,488,0,False,True,False,False,False,False,False,False,False,True,False
0.0,0.0,0.0,50.52,0.0,0.0,0.0,0.0,0,-6,False,True,False,False,False,False,False,False,True,False,False
30.0,6.666666667,0.0,92.37,0.0,1.0,0.0,0.0,0,-1,False,False,False,False,False,False,True,False,True,False,False
52.0,5.769230769,1.923076923,154.68,0.029103609,0.0,0.0,0.0,859,0,True,False,False,False,False,False,False,False,True,False,False
30.0,10.0,6.666666667,46.12,0.071428571,1.0,0.0,0.0,28,-9,False,True,False,False,False,False,False,False,False,True,False
48.0,2.083333333,0.0,63.13,0.0113989637305699,0.0,0.0,0.0,965,0,False,False,False,False,False,False,True,False,False,True,False
43.0,13.95348837,4.651162791,134.87,0.0894308943089431,1.0,0.0,1.0,123,0,False,False,False,False,True,False,False,False,True,False,False
2.0,50.0,50.0,54.2,0.027918782,1.0,0.0,0.0,788,0,False,False,False,False,False,True,False,False,True,False,False
34.0,55.88235294,5.882352941,24.75,0.01369863,1.0,0.0,0.0,146,-7,False,False,False,False,False,True,False,False,False,False,True
61.0,32.78688525,13.1147541,138.3,0.126811594,1.0,0.0,1.0,276,-154,False,True,False,False,False,False,False,False,False,False,True
40.0,47.5,0.0,52.84,0.0444444444444444,1.0,0.0,0.0,45,0,False,True,False,False,False,False,False,False,True,False,False
39.0,23.07692308,5.128205128,121.12,0.0,0.0,0.0,0.0,0,-126,False,False,False,False,False,True,False,False,False,True,False
3.0,33.33333333,0.0,40.02,0.0,1.0,0.0,0.0,0,-1,False,True,False,False,False,False,False,False,False,False,True
0.0,0.0,0.0,40.28,0.0,0.0,0.0,0.0,0,33,False,False,False,True,False,False,False,False,False,False,True
46.0,4.347826087,0.0,40.0,0.0,1.0,1.0,0.0,0,-13,False,True,False,False,False,False,False,False,False,False,True
31.0,74.19354839,35.48387097,66.19,0.0,0.0,0.0,0.0,0,-184,False,False,False,False,False,True,False,False,False,False,True
45.0,2.222222222,2.222222222,70.3,0.0,1.0,0.0,0.0,0,0,False,False,True,False,False,False,False,False,False,False,True
7.0,28.57142857,0.0,51.91,0.031976744,0.0,0.0,0.0,688,-112,True,False,False,False,False,False,False,False,False,True,False
40.0,42.5,2.5,43.26,0.0888888888888889,0.0,0.0,0.0,45,-15,False,False,False,False,False,True,False,False,True,False,False
42.0,19.04761905,7.142857143,50.38,0.0,0.0,0.0,0.0,0,-43,False,False,False,False,False,True,False,False,True,False,False
27.0,48.14814815,7.407407407,1.0,0.0,1.0,0.0,0.0,0,0,False,False,True,False,False,False,False,False,False,False,True
44.0,6.818181818,2.272727273,14.49,0.0,0.0,0.0,0.0,0,-19,True,False,False,False,False,False,False,False,True,False,False
36.0,2.777777778,0.0,143.43,0.0,1.0,0.0,0.0,0,-65,False,False,False,False,False,True,False,False,True,False,False
47.0,0.0,0.0,35.55,0.005012531,0.0,0.0,0.0,798,-78,False,False,False,False,True,False,False,False,False,True,False
24.0,70.83333333,4.166666667,40.02,0.0,1.0,0.0,0.0,0,-5,True,False,False,False,False,False,False,False,True,False,False
0.0,0.0,0.0,74.75,0.046875,1.0,0.0,0.0,64,-3,False,False,False,False,False,True,False,False,False,True,False
37.0,2.702702703,0.0,54.88,0.142857142857143,1.0,0.0,0.0,14,0,False,True,False,False,False,False,False,False,True,False,False
39.0,15.38461538,0.0,103.28,0.0,1.0,0.0,0.0,0,-1,False,False,False,False,True,False,False,False,False,False,True
30.0,20.0,0.0,40.02,0.0,1.0,0.0,1.0,0,0,False,False,False,False,True,False,False,False,True,False,False
30.0,0.0,0.0,1.0,0.0,1.0,0.0,0.0,0,0,False,False,True,False,False,False,False,False,False,False,True
37.0,5.405405405,5.405405405,87.89,0.0,1.0,0.0,0.0,0,-4,False,False,True,False,False,False,False,True,False,False,False
0.0,0.0,0.0,89.06,0.0,0.0,0.0,0.0,0,0,False,True,False,False,False,False,False,False,True,False,False
17.0,94.11764706,0.0,60.26,0.0,1.0,0.0,0.0,0,0,False,False,False,False,False,True,False,False,False,True,False
47.0,0.0,0.0,39.63,0.138888889,0.0,0.0,0.0,36,-1,True,False,False,False,False,False,False,False,True,False,False
16.0,0.0,0.0,78.7,0.0,0.0,0.0,0.0,0,0,False,False,False,False,True,False,False,False,True,False,False
39.0,0.0,0.0,50.37,0.0,1.0,0.0,0.0,0,-34,False,False,False,False,False,True,False,False,False,False,True
32.0,12.5,0.0,51.12,0.0,1.0,0.0,0.0,0,-24,False,False,False,False,False,True,False,False,False,False,True
31.0,12.90322581,3.225806452,40.02,0.0,1.0,0.0,0.0,0,0,False,False,False,False,False,True,False,False,False,True,False
38.0,31.57894737,0.0,108.36,0.0,0.0,0.0,0.0,0,-77,False,False,False,False,False,True,False,False,True,False,False
44.0,4.545454545,0.0,56.12,0.0,1.0,0.0,0.0,0,0,False,False,False,False,False,True,False,False,True,False,False
24.0,83.33333333,20.83333333,40.0,0.0,1.0,1.0,0.0,0,-5,True,False,False,False,False,False,False,False,False,False,True
0.0,0.0,0.0,44.53,0.0,0.0,0.0,0.0,0,-61,False,False,False,False,False,False,True,False,True,False,False
16.0,0.0,0.0,53.69,0.0,0.0,0.0,0.0,0,-20,True,False,False,False,False,False,False,False,True,False,False
0.0,0.0,0.0,73.84,0.073891626,1.0,0.0,0.0,406,-2,False,False,False,False,False,True,False,False,True,False,False
38.0,10.52631579,5.263157895,51.71,0.0,1.0,0.0,0.0,0,-11,True,False,False,False,False,False,False,False,False,False,True
14.0,42.85714286,14.28571429,29.08,0.0,1.0,0.0,0.0,0,-28,False,False,False,False,False,True,False,False,False,False,True
0.0,0.0,0.0,51.15,0.0,0.0,0.0,0.0,0,-2,False,True,False,False,False,False,False,False,True,False,False
32.0,31.25,6.25,67.83,0.0,1.0,0.0,0.0,0,-1,False,True,False,False,False,False,False,False,False,False,True
42.0,16.66666667,0.0,104.11,0.0,0.0,0.0,0.0,0,-90,False,False,False,False,True,False,False,False,False,False,True
10.0,40.0,0.0,35.02,0.0,1.0,0.0,0.0,0,0,True,False,False,False,False,False,False,False,False,True,False
18.0,88.88888889,11.11111111,40.02,0.0,1.0,0.0,0.0,0,0,False,True,False,False,False,False,False,False,True,False,False
38.0,5.263157895,0.0,54.46,0.181818182,0.0,0.0,0.0,22,-28,False,False,False,True,False,False,False,False,False,False,True
15.0,33.33333333,0.0,40.02,0.0,1.0,0.0,0.0,0,0,False,False,False,False,False,True,False,False,True,False,False
22.0,9.090909091,0.0,36.97,0.0,1.0,0.0,1.0,0,0,True,False,False,False,False,False,False,False,False,False,True
38.0,44.73684211,5.263157895,137.5,0.0,1.0,0.0,0.0,0,-58,True,False,False,False,False,False,False,False,False,False,True
27.0,37.03703704,14.81481481,26.45,0.214285714,1.0,1.0,0.0,14,0,False,False,False,False,False,True,False,False,True,False,False
23.0,0.0,0.0,51.29,0.0,1.0,0.0,0.0,0,0,True,False,False,False,False,False,False,False,True,False,False
40.0,7.5,2.5,126.02,0.0,1.0,0.0,0.0,0,-17,True,False,False,False,False,False,False,False,False,True,False
10.0,90.0,0.0,93.44,0.019512195,0.0,0.0,0.0,410,0,False,True,False,False,False,False,False,False,False,True,False
16.0,18.75,0.0,61.14,0.0,0.0,0.0,0.0,0,-1,False,True,False,False,False,False,False,False,True,False,False
13.0,76.92307692,23.07692308,32.71,0.0,1.0,0.0,0.0,0,-29,False,False,False,False,False,True,False,True,False,False,False
32.0,18.75,9.375,69.45,0.057971014,1.0,1.0,0.0,69,-1,False,False,False,False,False,False,True,False,False,False,True
47.0,12.76595745,4.255319149,40.94,0.066666667,1.0,0.0,0.0,30,-5,False,False,False,False,False,False,True,False,False,False,True
47.0,0.0,0.0,46.01,0.015418502,0.0,0.0,0.0,454,-401,True,False,False,False,False,False,False,False,False,True,False
6.0,33.33333333,16.66666667,31.0,0.0,1.0,0.0,0.0,0,0,False,False,False,False,False,False,True,False,False,False,True
43.0,20.93023256,4.651162791,48.54,0.0461538461538462,1.0,0.0,0.0,65,-7,True,False,False,False,False,False,False,False,True,False,False
29.0,75.86206897,6.896551724,28.53,0.003337041,0.0,0.0,0.0,899,-22,False,False,False,False,True,False,False,False,True,False,False
0.0,0.0,0.0,85.1,0.0116580310880829,0.0,0.0,0.0,772,-33,False,False,False,False,False,False,True,False,False,True,False
45.0,13.33333333,4.444444444,56.34,0.125,1.0,0.0,0.0,560,-166,False,False,False,False,True,False,False,False,False,True,False
45.0,2.222222222,0.0,88.57,0.0,1.0,0.0,0.0,0,-16,False,False,False,False,False,False,True,False,False,False,True
0.0,0.0,0.0,9.48,0.0,0.0,0.0,0.0,0,0,False,False,False,False,True,False,False,False,False,True,False
6.0,0.0,0.0,40.02,0.0,1.0,0.0,0.0,0,0,True,False,False,False,False,False,False,False,True,False,False
38.0,42.10526316,7.894736842,40.02,0.0,1.0,0.0,0.0,0,-32,False,True,False,False,False,False,False,False,False,True,False
16.0,0.0,0.0,102.36,0.0,0.0,0.0,0.0,0,0,False,False,False,False,True,False,False,False,True,False,False
0.0,0.0,0.0,52.11,0.5,0.0,0.0,0.0,4,0,False,False,False,False,False,False,True,False,False,True,False
41.0,21.95121951,0.0,53.31,0.0,1.0,0.0,0.0,0,0,False,False,False,False,True,False,False,False,True,False,False
47.0,0.0,0.0,133.17,0.0063559322033898,1.0,0.0,0.0,944,-158,False,True,False,False,False,False,False,False,False,True,False
42.0,4.761904762,2.380952381,52.34,0.0,1.0,0.0,0.0,0,-151,False,False,False,False,True,False,False,False,False,True,False
5.0,100.0,40.0,40.02,0.0,1.0,1.0,0.0,0,0,False,False,False,False,True,False,False,False,True,False,False
27.0,11.11111111,3.703703704,40.2,0.0,1.0,0.0,0.0,0,0,False,False,False,False,False,False,True,False,True,False,False
52.0,1.923076923,0.0,108.05,0.007727975,0.0,0.0,0.0,647,-167,True,False,False,False,False,False,False,False,True,False,False
36.0,2.777777778,2.777777778,36.05,0.15,0.0,0.0,0.0,20,39,False,False,False,True,False,False,False,False,False,False,True
45.0,6.666666667,0.0,34.61,0.032388664,0.0,0.0,0.0,247,0,False,False,False,False,False,False,True,False,False,True,False
7.0,85.71428571,0.0,31.0,0.0,1.0,0.0,0.0,0,0,False,False,False,False,True,False,False,True,False,False,False
26.0,15.38461538,0.0,45.02,0.0,1.0,0.0,0.0,0,-10,False,False,False,False,True,False,False,False,True,False,False
17.0,64.70588235,5.882352941,40.02,0.0,1.0,0.0,0.0,0,0,True,False,False,False,False,False,False,False,False,True,False
0.0,0.0,0.0,62.56,0.0103896103896104,0.0,0.0,0.0,385,-6,False,False,False,False,False,False,True,False,False,True,False
0.0,0.0,0.0,64.56,0.2,0.0,0.0,0.0,20,-2,False,False,False,False,False,False,True,False,False,True,False
33.0,6.060606061,0.0,53.29,0.0,1.0,0.0,0.0,0,-11,True,False,False,False,False,False,False,False,False,True,False
55.0,5.454545455,0.0,75.01,0.019157088,0.0,0.0,0.0,783,-2,True,False,False,False,False,False,False,False,True,False,False
46.0,6.52173913,0.0,42.38,0.046052632,0.0,0.0,0.0,152,-82,False,False,False,False,False,False,True,False,True,False,False
24.0,91.66666667,8.333333333,82.01,0.0,1.0,0.0,0.0,0,-66,False,True,False,False,False,False,False,False,False,False,True
48.0,50.0,20.83333333,99.09,0.115226337,1.0,0.0,0.0,1215,-2,False,False,False,False,False,True,False,False,False,True,False
6.0,16.66666667,16.66666667,40.02,0.0,1.0,0.0,0.0,0,-56,False,False,False,False,True,False,False,False,False,True,False
33.0,90.90909091,9.090909091,106.12,0.0,1.0,0.0,0.0,0,-35,False,False,True,False,False,False,False,False,False,False,True
15.0,6.666666667,0.0,40.02,0.0,1.0,0.0,0.0,0,0,False,True,False,False,False,False,False,False,True,False,False
39.0,64.1025641,5.128205128,40.0,0.0,1.0,0.0,0.0,0,0,True,False,False,False,False,False,False,False,False,False,True
45.0,4.444444444,2.222222222,74.76,0.0,1.0,0.0,0.0,0,-52,True,False,False,False,False,False,False,False,False,False,True
27.0,44.44444444,0.0,40.02,0.0,1.0,0.0,0.0,0,0,False,False,False,False,False,True,False,False,True,False,False
44.0,20.45454545,6.818181818,147.35,0.0206766917293233,1.0,0.0,1.0,532,26,False,False,False,True,False,False,False,False,False,False,True
30.0,20.0,6.666666667,39.95,0.0,1.0,0.0,0.0,0,0,False,False,False,False,True,False,False,False,False,False,True
6.0,50.0,16.66666667,48.39,0.0,1.0,0.0,0.0,0,0,False,False,False,False,False,True,False,False,False,False,True
16.0,0.0,0.0,82.76,0.0,0.0,0.0,0.0,0,0,False,False,False,False,False,False,True,False,False,True,False
16.0,0.0,0.0,55.76,0.0666666666666667,0.0,0.0,0.0,30,-3,False,False,False,False,True,False,False,False,False,True,False
43.0,9.302325581,9.302325581,10.76,0.0,0.0,0.0,0.0,0,-10,False,False,False,False,False,False,True,False,False,True,False
22.0,86.36363636,0.0,40.02,0.0,1.0,0.0,0.0,0,0,False,False,False,False,False,False,True,False,True,False,False
16.0,0.0,0.0,138.61,0.428571429,0.0,0.0,0.0,7,-53,False,True,False,False,False,False,False,False,False,True,False
54.0,3.703703704,0.0,21.31,0.008547009,0.0,0.0,0.0,702,-188,False,False,False,False,True,False,False,False,False,True,False
18.0,22.22222222,5.555555556,82.62,0.0,1.0,0.0,0.0,0,-6,False,False,False,False,False,False,True,False,True,False,False
45.0,0.0,0.0,51.66,0.0,0.0,0.0,0.0,0,-8,False,False,False,False,False,False,True,False,True,False,False
48.0,2.083333333,0.0,59.22,0.067307692,1.0,0.0,0.0,104,-6,False,False,False,False,False,False,True,False,True,False,False
43.0,2.325581395,2.325581395,40.02,0.0,1.0,0.0,0.0,0,0,False,False,False,False,False,False,True,False,True,False,False
45.0,0.0,0.0,70.19,0.0,0.0,0.0,0.0,0,-100,False,True,False,False,False,False,False,False,False,True,False
52.0,17.30769231,5.769230769,90.59,0.015544041,1.0,0.0,0.0,1158,0,False,True,False,False,False,False,False,False,True,False,False
32.0,56.25,0.0,45.8,0.0,0.0,0.0,0.0,0,12,False,False,False,True,False,False,False,False,False,False,True
39.0,46.15384615,7.692307692,44.22,0.0,1.0,0.0,0.0,0,-148,False,False,False,False,False,False,True,False,False,True,False
32.0,15.625,3.125,40.0,0.0,1.0,0.0,0.0,0,0,False,False,False,False,False,False,True,False,False,False,True
43.0,6.976744186,4.651162791,12.52,0.009090909,0.0,0.0,0.0,330,-278,False,False,False,False,False,True,False,False,True,False,False
40.0,12.5,5.0,29.83,0.0,1.0,0.0,0.0,0,-12,False,False,False,False,False,True,False,False,False,False,True
12.0,25.0,8.333333333,40.02,0.0,1.0,0.0,0.0,0,-1,False,False,False,False,False,False,True,False,True,False,False
41.0,14.63414634,7.317073171,244.66,0.051282051,1.0,0.0,0.0,39,-7,False,False,False,False,True,False,False,False,True,False,False
0.0,0.0,0.0,21.14,0.0,0.0,0.0,0.0,0,-7,False,False,False,False,False,False,True,False,False,True,False
32.0,28.125,0.0,49.69,0.0,1.0,0.0,0.0,0,-67,False,True,False,False,False,False,False,False,False,True,False
44.0,20.45454545,0.0,38.73,0.048780488,1.0,0.0,0.0,41,0,False,False,False,False,False,False,True,False,False,True,False
30.0,13.33333333,3.333333333,51.58,0.0,1.0,0.0,0.0,0,-1,False,False,False,False,False,True,False,False,False,False,True
41.0,26.82926829,4.87804878,44.4,0.051724138,1.0,0.0,0.0,58,-14,False,False,False,False,False,True,False,False,False,False,True
2.0,100.0,0.0,30.99,0.0,0.0,0.0,0.0,0,-147,False,True,False,False,False,False,False,False,True,False,False
42.0,2.380952381,0.0,19.24,0.0,1.0,0.0,0.0,0,-57,False,False,False,False,False,True,False,False,False,False,True
26.0,69.23076923,3.846153846,60.94,0.0,1.0,0.0,0.0,0,-1,True,False,False,False,False,False,False,False,False,False,True
37.0,2.702702703,2.702702703,55.78,0.0,1.0,0.0,0.0,0,-30,False,False,False,False,False,True,False,False,True,False,False
47.0,12.76595745,2.127659574,56.77,0.037037037,0.0,0.0,0.0,189,-22,False,False,False,False,False,False,True,False,True,False,False
42.0,2.380952381,0.0,40.0,0.0,1.0,0.0,0.0,0,0,False,True,False,False,False,False,False,False,False,False,True
16.0,0.0,0.0,53.02,0.0,0.0,0.0,0.0,0,-113,False,False,False,False,False,True,False,False,False,True,False
43.0,16.27906977,6.976744186,29.02,0.0,1.0,0.0,0.0,0,-2,False,False,False,False,False,True,False,False,False,False,True
35.0,28.57142857,2.857142857,40.25,0.0,1.0,0.0,0.0,0,0,False,True,False,False,False,False,False,False,False,True,False
37.0,75.67567568,21.62162162,78.05,0.0,1.0,0.0,0.0,0,-109,False,False,False,False,False,True,False,False,False,False,True
21.0,28.57142857,4.761904762,40.0,0.0,1.0,0.0,0.0,0,-62,False,True,False,False,False,False,False,False,False,False,True
27.0,18.51851852,3.703703704,40.0,0.0,1.0,0.0,0.0,0,0,False,False,False,False,False,True,False,False,False,False,True
21.0,19.04761905,4.761904762,29.0,0.0,1.0,0.0,0.0,0,0,False,True,False,False,False,False,False,False,False,False,True
49.0,22.44897959,6.12244898,55.08,0.031620553,1.0,0.0,0.0,506,0,False,False,False,False,False,True,False,False,False,True,False
45.0,13.33333333,2.222222222,82.52,0.0,1.0,0.0,0.0,0,-8,True,False,False,False,False,False,False,False,True,False,False
6.0,100.0,16.66666667,40.02,0.0,1.0,0.0,0.0,0,0,False,False,True,False,False,False,False,False,False,False,True
45.0,13.33333333,0.0,50.9,0.024193548,0.0,0.0,0.0,124,-8,False,True,False,False,False,False,False,False,True,False,False
16.0,0.0,0.0,28.93,0.024390244,0.0,0.0,0.0,82,-9,True,False,False,False,False,False,False,False,False,True,False
37.0,29.72972973,13.51351351,51.87,0.075471698,1.0,1.0,0.0,53,0,True,False,False,False,False,False,False,False,False,True,False
5.0,40.0,0.0,35.36,0.0,1.0,0.0,0.0,0,0,False,False,False,False,False,False,True,False,False,True,False
34.0,5.882352941,2.941176471,42.24,0.0,1.0,0.0,1.0,0,0,False,False,False,False,False,True,False,True,False,False,False
19.0,47.36842105,21.05263158,69.78,0.0,1.0,0.0,0.0,0,-1,False,False,False,False,False,False,True,False,False,False,True
37.0,24.32432432,5.405405405,67.07,0.0,1.0,0.0,0.0,0,-79,False,False,False,False,False,True,False,False,False,True,False
43.0,48.8372093,27.90697674,34.44,0.0,0.0,0.0,0.0,0,-472,False,True,False,False,False,False,False,True,False,False,False
0.0,0.0,0.0,48.86,0.0,0.0,0.0,0.0,0,0,False,False,False,False,True,False,False,False,False,True,False
45.0,8.888888889,2.222222222,51.41,0.0,1.0,0.0,0.0,0,-7,False,True,False,False,False,False,False,False,False,True,False
47.0,0.0,0.0,60.49,0.0281923714759536,0.0,0.0,0.0,603,-22,False,True,False,False,False,False,False,False,False,True,False
0.0,0.0,0.0,93.47,0.060606061,0.0,0.0,0.0,33,5,False,False,False,True,False,False,False,True,False,False,False
0.0,0.0,0.0,50.95,0.0,0.0,0.0,0.0,0,0,True,False,False,False,False,False,False,False,True,False,False
0.0,0.0,0.0,28.62,0.222222222,0.0,0.0,0.0,9,-54,False,False,False,False,False,False,True,False,False,True,False
29.0,37.93103448,17.24137931,114.05,0.0,1.0,0.0,0.0,0,-18,False,False,False,False,False,True,False,False,False,True,False
42.0,19.04761905,4.761904762,74.96,0.222222222,1.0,0.0,0.0,9,-67,False,True,False,False,False,False,False,False,False,False,True
47.0,31.91489362,4.255319149,34.51,0.008635579,0.0,0.0,0.0,1158,-19,False,False,False,False,False,False,True,False,True,False,False
54.0,50.0,16.66666667,46.08,0.191489362,1.0,1.0,0.0,141,-219,False,False,False,False,False,True,False,False,True,False,False
41.0,65.85365854,29.26829268,161.45,0.049327354,0.0,0.0,0.0,223,0,False,True,False,False,False,False,False,False,False,True,False
36.0,2.777777778,0.0,40.02,0.0,1.0,0.0,0.0,0,0,False,True,False,False,False,False,False,False,True,False,False
1.0,100.0,0.0,40.02,0.0,1.0,0.0,0.0,0,-2,False,True,False,False,False,False,False,False,True,False,False
14.0,42.85714286,7.142857143,40.0,0.0,1.0,0.0,0.0,0,0,False,True,False,False,False,False,False,False,False,False,True
31.0,0.0,0.0,40.02,0.0,1.0,0.0,0.0,0,0,False,False,False,False,True,False,False,False,True,False,False
45.0,0.0,0.0,50.49,0.0,0.0,0.0,0.0,0,0,True,False,False,False,False,False,False,False,True,False,False
10.0,70.0,20.0,42.98,0.0,1.0,0.0,0.0,0,0,False,False,False,False,True,False,False,True,False,False,False
1.0,100.0,100.0,40.02,0.0,1.0,0.0,0.0,0,-2,False,False,False,False,True,False,False,False,False,True,False
44.0,6.818181818,4.545454545,41.0,0.0,0.0,0.0,0.0,0,0,False,True,False,False,False,False,False,False,False,True,False
0.0,0.0,0.0,77.32,0.057142857,1.0,0.0,0.0,70,0,False,False,False,False,False,True,False,False,True,False,False
34.0,0.0,0.0,28.56,0.0,1.0,0.0,0.0,0,-2,False,False,False,False,True,False,False,False,False,False,True
7.0,85.71428571,14.28571429,146.79,0.0,1.0,0.0,0.0,0,-1,True,False,False,False,False,False,False,False,False,True,False
0.0,0.0,0.0,116.52,0.071428571,0.0,0.0,0.0,140,-117,True,False,False,False,False,False,False,False,False,True,False
48.0,0.0,0.0,32.24,0.023724792,0.0,0.0,0.0,843,-109,True,False,False,False,False,False,False,False,False,True,False
33.0,81.81818182,15.15151515,60.29,0.1,1.0,0.0,0.0,30,-34,False,False,False,False,True,False,False,True,False,False,False
30.0,20.0,3.333333333,61.82,0.0,1.0,0.0,0.0,0,0,True,False,False,False,False,False,False,False,True,False,False
35.0,45.71428571,0.0,27.09,0.0,0.0,0.0,0.0,0,-1,False,False,False,False,False,True,False,False,False,False,True
42.0,23.80952381,4.761904762,79.26,0.0215439856373429,0.0,0.0,0.0,557,-76,True,False,False,False,False,False,False,False,False,True,False
37.0,59.45945946,2.702702703,48.8,0.117647059,1.0,0.0,0.0,17,-1,False,True,False,False,False,False,False,False,True,False,False
34.0,11.76470588,2.941176471,40.02,0.0,1.0,0.0,0.0,0,-3,False,False,True,False,False,False,False,False,False,False,True
0.0,0.0,0.0,79.45,0.0833333333333333,0.0,0.0,0.0,60,0,True,False,False,False,False,False,False,False,False,True,False
0.0,0.0,0.0,135.55,0.0077519379844961,1.0,0.0,0.0,645,-5,False,False,False,False,True,False,False,False,True,False,False
37.0,2.702702703,0.0,40.02,0.0,1.0,0.0,0.0,0,0,False,False,False,False,True,False,False,False,False,True,False
16.0,75.0,6.25,41.28,0.0,1.0,0.0,0.0,0,0,False,True,False,False,False,False,False,False,False,False,True
49.0,6.12244898,0.0,40.02,0.0,1.0,1.0,0.0,0,0,True,False,False,False,False,False,False,False,True,False,False
2.0,50.0,0.0,106.45,0.083333333,0.0,0.0,0.0,60,0,False,True,False,False,False,False,False,False,False,True,False
34.0,52.94117647,17.64705882,78.01,0.186666666666667,1.0,0.0,0.0,75,0,False,False,False,False,False,False,True,False,False,False,True
0.0,0.0,0.0,51.29,0.004115226,1.0,0.0,0.0,729,-27,False,False,False,False,False,True,False,False,False,True,False
7.0,0.0,0.0,35.02,0.0,1.0,0.0,0.0,0,0,False,False,False,False,False,True,False,False,True,False,False
64.0,32.8125,14.0625,58.74,0.174757282,0.0,1.0,1.0,309,-97,False,True,False,False,False,False,False,False,False,False,True
37.0,8.108108108,2.702702703,51.72,0.065217391,0.0,0.0,0.0,46,-5,False,False,False,False,True,False,False,False,True,False,False
46.0,13.04347826,0.0,87.98,0.02016129,0.0,0.0,0.0,248,-1,False,False,False,False,False,True,False,False,True,False,False
41.0,7.317073171,4.87804878,64.91,0.0,0.0,0.0,0.0,0,-182,False,False,False,False,False,True,False,False,False,True,False
16.0,0.0,0.0,105.81,0.004514673,0.0,0.0,0.0,443,-5,False,False,False,False,False,True,False,False,True,False,False
31.0,3.225806452,3.225806452,40.25,0.0,1.0,1.0,0.0,0,0,False,False,False,False,True,False,False,False,False,True,False
0.0,0.0,0.0,50.56,0.0,0.0,0.0,0.0,0,0,False,False,False,False,False,True,False,False,True,False,False
6.0,50.0,33.33333333,53.77,0.0,1.0,1.0,0.0,0,0,True,False,False,False,False,False,False,True,False,False,False
47.0,8.510638298,2.127659574,91.23,0.0,1.0,0.0,0.0,0,-30,False,False,True,False,False,False,False,True,False,False,False
16.0,0.0,0.0,41.53,0.0,0.0,0.0,0.0,0,-6,False,False,False,False,True,False,False,False,False,True,False
2.0,0.0,0.0,40.02,0.0,1.0,0.0,0.0,0,-1,False,True,False,False,False,False,False,False,True,False,False
36.0,0.0,0.0,40.0,0.285714286,1.0,0.0,0.0,7,33,False,False,False,True,False,False,False,False,False,False,True
31.0,6.451612903,3.225806452,40.2,0.0,1.0,0.0,0.0,0,-1,False,False,False,False,False,False,True,False,True,False,False
31.0,9.677419355,0.0,50.72,0.0,1.0,0.0,0.0,0,0,False,False,False,False,False,True,False,False,False,False,True
31.0,83.87096774,3.225806452,101.85,0.095238095,1.0,0.0,0.0,21,-26,True,False,False,False,False,False,False,False,True,False,False
45.0,6.666666667,0.0,81.44,0.166666667,0.0,0.0,0.0,12,0,False,True,False,False,False,False,False,False,True,False,False
35.0,34.28571429,8.571428571,175.45,0.0,0.0,0.0,0.0,0,0,False,False,False,False,True,False,False,False,True,False,False
28.0,32.14285714,0.0,40.2,0.0,1.0,0.0,0.0,0,0,True,False,False,False,False,False,False,False,True,False,False
0.0,0.0,0.0,64.04,0.105882353,0.0,0.0,0.0,255,-70,False,False,False,False,True,False,False,False,False,True,False
0.0,0.0,0.0,57.52,0.106666667,1.0,0.0,0.0,225,-3,False,False,False,False,True,False,False,False,False,True,False
34.0,52.94117647,0.0,58.72,0.0028011204481792,1.0,0.0,0.0,714,-51,False,False,False,False,False,False,True,False,False,True,False
25.0,12.0,0.0,42.84,0.0,1.0,1.0,0.0,0,0,False,True,False,False,False,False,False,False,True,False,False
45.0,13.33333333,8.888888889,85.15,0.035294118,1.0,0.0,0.0,85,0,False,False,False,False,True,False,False,False,True,False,False
36.0,2.777777778,2.777777778,80.79,0.0,1.0,0.0,0.0,0,-27,False,False,False,False,False,False,True,False,False,False,True
47.0,4.255319149,0.0,280.23,0.103092783505155,1.0,0.0,0.0,97,-141,True,False,False,False,False,False,False,False,True,False,False
0.0,0.0,0.0,78.6,0.0,0.0,0.0,0.0,0,-32,False,False,False,False,False,False,True,False,False,True,False
44.0,2.272727273,2.272727273,61.27,0.0089285714285714,0.0,0.0,0.0,448,-1,False,False,True,False,False,False,False,False,False,False,True
45.0,48.88888889,22.22222222,54.27,0.074626866,1.0,0.0,0.0,67,-1,False,False,False,False,True,False,False,False,False,False,True
38.0,2.631578947,2.631578947,40.02,0.0,1.0,0.0,0.0,0,0,True,False,False,False,False,False,False,False,True,False,False
44.0,15.90909091,2.272727273,88.35,0.009868421,1.0,0.0,0.0,304,0,False,True,False,False,False,False,False,False,True,False,False
43.0,9.302325581,0.0,95.72,0.0,0.0,0.0,0.0,0,0,False,True,False,False,False,False,False,False,False,True,False
42.0,14.28571429,7.142857143,133.24,0.12,1.0,1.0,0.0,25,-5,False,False,False,False,False,True,False,False,False,True,False
45.0,22.22222222,6.666666667,56.41,0.020746888,0.0,0.0,0.0,241,-8,False,False,False,False,False,True,False,False,True,False,False
16.0,0.0,0.0,58.5,0.0,0.0,0.0,0.0,0,0,True,False,False,False,False,False,False,False,True,False,False
7.0,85.71428571,14.28571429,40.02,0.0,1.0,0.0,0.0,0,0,True,False,False,False,False,False,False,False,False,True,False
18.0,55.55555556,0.0,79.33,0.0,1.0,0.0,0.0,0,0,False,False,False,False,True,False,False,False,False,True,False
0.0,0.0,0.0,8.06,0.0,0.0,0.0,0.0,0,0,False,False,False,False,True,False,False,False,False,True,False
0.0,0.0,0.0,56.12,0.044444444,1.0,0.0,0.0,90,-33,False,False,False,False,False,True,False,False,True,False,False
25.0,80.0,44.0,62.97,0.083333333,1.0,0.0,0.0,48,0,False,True,False,False,False,False,False,False,True,False,False
44.0,13.63636364,4.545454545,37.52,0.0625,1.0,1.0,0.0,80,0,False,False,False,False,False,True,False,False,True,False,False
51.0,9.803921569,0.0,115.79,0.009646302,0.0,0.0,0.0,933,-7,False,False,False,False,False,True,False,False,True,False,False
46.0,10.86956522,0.0,40.02,0.0,1.0,0.0,0.0,0,0,True,False,False,False,False,False,False,False,True,False,False
10.0,10.0,0.0,87.56,0.082474227,1.0,0.0,0.0,97,-14,False,False,False,False,True,False,False,False,False,False,True
0.0,0.0,0.0,50.11,0.0,0.0,0.0,0.0,0,-1,False,False,False,False,False,True,False,False,False,True,False
42.0,7.142857143,0.0,40.02,0.0,1.0,1.0,0.0,0,0,False,False,False,False,True,False,False,False,True,False,False
0.0,0.0,0.0,52.16,0.0,0.0,0.0,0.0,0,-6,False,False,False,False,True,False,False,False,True,False,False
45.0,6.666666667,0.0,54.28,0.009174312,1.0,0.0,0.0,218,0,False,False,False,False,True,False,False,False,True,False,False
35.0,8.571428571,2.857142857,40.02,0.0,1.0,0.0,0.0,0,0,False,False,False,False,False,False,True,False,True,False,False
0.0,0.0,0.0,86.03,0.104,1.0,0.0,0.0,125,-2,False,False,False,False,True,False,False,True,False,False,False
33.0,30.3030303,3.03030303,40.0,0.0,1.0,0.0,0.0,0,-7,False,False,True,False,False,False,False,True,False,False,False
29.0,0.0,0.0,49.69,0.285714285714286,1.0,0.0,0.0,7,0,False,False,False,False,False,True,False,False,False,False,True
38.0,7.894736842,2.631578947,57.96,0.285714286,1.0,0.0,0.0,7,-2,False,False,False,False,False,False,True,False,True,False,False
16.0,0.0,0.0,40.15,0.0,0.0,0.0,0.0,0,0,False,False,False,False,False,False,True,False,False,True,False
0.0,0.0,0.0,61.93,0.0,0.0,0.0,0.0,0,-349,False,False,False,False,True,False,False,False,False,True,False
60.0,13.33333333,1.666666667,116.47,0.128670121,1.0,0.0,0.0,1158,-237,False,True,False,False,False,False,False,False,False,True,False
34.0,5.882352941,5.882352941,68.55,0.0,1.0,0.0,0.0,0,-13,False,False,True,False,False,False,False,False,False,False,True
0.0,0.0,0.0,65.05,0.214285714,0.0,0.0,0.0,14,-3,False,False,False,False,True,False,False,False,False,False,True
0.0,0.0,0.0,49.98,0.0,0.0,0.0,0.0,0,-133,False,False,False,False,False,True,False,False,False,True,False
43.0,18.60465116,16.27906977,67.37,0.071428571,0.0,0.0,0.0,98,-193,False,False,False,False,False,False,True,False,False,False,True
0.0,0.0,0.0,66.65,0.0,0.0,0.0,0.0,0,0,False,False,False,False,False,False,True,False,True,False,False
39.0,10.25641026,5.128205128,53.41,0.083333333,1.0,0.0,0.0,36,-10,False,False,False,False,True,False,False,False,False,False,True
19.0,0.0,0.0,108.64,0.075342466,0.0,0.0,0.0,146,-15,False,False,False,False,False,False,True,False,False,True,False
29.0,6.896551724,3.448275862,91.29,0.0,1.0,0.0,0.0,0,0,False,True,False,False,False,False,False,False,False,True,False
34.0,29.41176471,5.882352941,53.42,0.0,1.0,0.0,0.0,0,0,False,True,False,False,False,False,False,False,True,False,False
1.0,0.0,0.0,45.02,0.0,1.0,1.0,0.0,0,-5,False,False,False,False,False,True,False,False,True,False,False
7.0,71.42857143,28.57142857,40.0,0.0,1.0,0.0,0.0,0,0,True,False,False,False,False,False,False,False,False,False,True
38.0,15.78947368,5.263157895,40.02,0.0,1.0,1.0,0.0,0,-9,False,False,False,False,False,False,True,False,True,False,False
10.0,40.0,10.0,40.02,0.0,1.0,0.0,0.0,0,0,False,False,False,False,False,True,False,False,True,False,False
31.0,19.35483871,0.0,40.02,0.0,1.0,0.0,0.0,0,0,True,False,False,False,False,False,False,False,True,False,False
47.0,10.63829787,6.382978723,43.53,0.021276596,0.0,0.0,0.0,235,-365,False,True,False,False,False,False,False,False,False,True,False
15.0,80.0,6.666666667,170.26,0.3,1.0,0.0,1.0,10,-26,False,True,False,False,False,False,False,False,True,False,False
35.0,34.28571429,11.42857143,42.91,0.0,1.0,0.0,0.0,0,-16,False,False,False,False,False,True,False,False,False,False,True
40.0,35.0,0.0,60.09,0.028169014,0.0,0.0,0.0,71,0,True,False,False,False,False,False,False,False,False,True,False
38.0,26.31578947,0.0,40.02,0.0,1.0,0.0,0.0,0,0,False,False,False,False,False,False,True,False,False,False,True
47.0,2.127659574,0.0,166.75,0.020618557,0.0,0.0,0.0,291,-2,True,False,False,False,False,False,False,False,True,False,False
38.0,2.631578947,0.0,43.78,0.0,1.0,0.0,0.0,0,0,False,True,False,False,False,False,False,False,False,False,True
36.0,0.0,0.0,46.12,0.0,0.0,0.0,0.0,0,-91,False,False,False,True,False,False,False,False,False,False,True
0.0,0.0,0.0,52.38,0.022346369,0.0,0.0,0.0,179,-1,False,True,False,False,False,False,False,False,True,False,False
44.0,11.36363636,2.272727273,87.72,0.181818182,1.0,0.0,0.0,11,-9,True,False,False,False,False,False,False,False,False,False,True
9.0,44.44444444,0.0,51.01,0.0,1.0,0.0,0.0,0,0,False,False,False,False,False,True,False,False,True,False,False
35.0,31.42857143,5.714285714,43.6,0.057142857,1.0,0.0,0.0,70,-4,True,False,False,False,False,False,False,False,False,False,True
17.0,0.0,0.0,38.79,0.0,0.0,0.0,0.0,0,-69,True,False,False,False,False,False,False,True,False,False,False
45.0,8.888888889,2.222222222,36.13,0.009708738,0.0,0.0,0.0,206,-725,False,True,False,False,False,False,False,False,False,True,False
50.0,16.0,4.0,54.63,0.009234828,0.0,0.0,0.0,758,0,False,False,False,False,False,True,False,False,False,True,False
45.0,0.0,0.0,89.78,0.0,1.0,0.0,0.0,0,-16,False,False,False,False,False,True,False,True,False,False,False
18.0,0.0,0.0,247.34,0.115384615,0.0,0.0,0.0,286,-79,False,False,False,False,False,False,True,False,False,True,False
0.0,0.0,0.0,39.1,0.103225806,0.0,0.0,0.0,155,33,False,False,False,True,False,False,False,False,False,False,True
32.0,9.375,0.0,40.02,0.0,1.0,1.0,0.0,0,0,False,False,False,False,True,False,False,False,False,True,False
21.0,80.95238095,28.57142857,51.73,0.15,1.0,1.0,1.0,20,0,True,False,False,False,False,False,False,False,False,False,True
43.0,4.651162791,0.0,110.28,0.0,0.0,0.0,0.0,0,-126,False,False,False,False,False,False,True,False,True,False,False
60.0,56.66666667,16.66666667,163.98,0.040133779,1.0,1.0,0.0,1196,-55,False,False,False,False,False,True,False,False,False,True,False
26.0,46.15384615,7.692307692,155.44,0.115384615,1.0,0.0,1.0,26,0,False,False,False,False,False,True,False,False,False,False,True
37.0,81.08108108,0.0,107.0,0.0,1.0,0.0,0.0,0,-9,False,False,True,False,False,False,False,True,False,False,False
50.0,8.0,2.0,62.82,0.086956522,1.0,0.0,0.0,69,-40,False,False,False,False,True,False,False,False,False,False,True
47.0,2.127659574,0.0,46.47,0.111111111,0.0,0.0,0.0,36,-312,False,False,False,False,False,False,True,False,True,False,False
56.0,39.28571429,7.142857143,78.39,0.025242718,1.0,0.0,1.0,515,35,False,True,False,False,False,False,False,False,False,False,True
6.0,66.66666667,16.66666667,29.0,0.0,1.0,0.0,0.0,0,0,False,False,False,False,False,True,False,False,False,False,True
45.0,6.666666667,0.0,49.77,0.0,0.0,0.0,0.0,0,0,False,False,False,False,True,False,False,False,True,False,False
9.0,55.55555556,44.44444444,35.02,0.0,1.0,0.0,0.0,0,0,False,True,False,False,False,False,False,False,False,True,False
45.0,0.0,0.0,43.67,0.003984064,1.0,0.0,0.0,502,-1,True,False,False,False,False,False,False,False,False,True,False
40.0,5.0,5.0,89.71,0.0,0.0,0.0,0.0,0,-162,False,True,False,False,False,False,False,False,True,False,False
47.0,0.0,0.0,36.04,0.088888889,0.0,0.0,0.0,45,35,False,False,False,False,True,False,False,False,False,False,True
42.0,9.523809524,7.142857143,78.65,0.0,1.0,0.0,0.0,0,-24,False,False,False,False,False,True,False,False,False,False,True
12.0,33.33333333,16.66666667,40.0,0.0,1.0,0.0,0.0,0,-62,True,False,False,False,False,False,False,False,False,False,True
45.0,8.888888889,2.222222222,52.06,0.047619048,0.0,0.0,0.0,126,-120,True,False,False,False,False,False,False,False,False,True,False
42.0,9.523809524,4.761904762,112.42,0.123287671,1.0,1.0,0.0,73,-30,False,False,False,False,False,True,False,False,True,False,False
45.0,0.0,0.0,61.13,0.0,0.0,0.0,0.0,0,0,False,False,False,False,False,True,False,False,True,False,False
36.0,0.0,0.0,30.0,0.0,0.0,0.0,0.0,0,26,False,False,False,True,False,False,False,False,False,False,True
4.0,75.0,0.0,32.96,0.07839196,1.0,0.0,0.0,995,-564,False,False,False,False,False,True,False,False,False,True,False
40.0,65.0,12.5,94.22,0.0214285714285714,1.0,0.0,0.0,140,0,False,False,False,False,False,False,True,False,False,False,True
12.0,0.0,0.0,40.02,0.0,1.0,0.0,0.0,0,0,False,False,False,False,True,False,False,False,True,False,False
42.0,21.42857143,9.523809524,45.48,0.105263158,1.0,1.0,0.0,19,0,False,True,False,False,False,False,False,False,False,False,True
6.0,66.66666667,16.66666667,68.39,0.0,1.0,0.0,1.0,0,0,True,False,False,False,False,False,False,False,False,False,True
47.0,25.53191489,0.0,60.74,0.059649123,0.0,0.0,0.0,570,-243,False,False,False,False,False,True,False,False,False,True,False
0.0,0.0,0.0,95.5,0.285714286,1.0,0.0,0.0,7,0,False,True,False,False,False,False,False,False,True,False,False
43.0,18.60465116,0.0,93.95,0.0,0.0,0.0,0.0,0,-6,False,False,True,False,False,False,False,False,False,False,True
0.0,0.0,0.0,100.41,0.03030303,0.0,0.0,0.0,99,-11,False,True,False,False,False,False,False,False,False,True,False
45.0,2.222222222,0.0,54.59,0.0,0.0,0.0,0.0,0,-1,False,False,False,False,False,True,False,False,False,True,False
16.0,0.0,0.0,53.96,0.0,0.0,0.0,0.0,0,-5,True,False,False,False,False,False,False,False,True,False,False
11.0,45.45454545,18.18181818,86.26,0.222222222,1.0,1.0,1.0,9,-1,False,True,False,False,False,False,False,False,False,False,True
40.0,7.5,5.0,54.09,0.0,1.0,0.0,0.0,0,-35,False,False,False,False,False,False,True,False,False,False,True
28.0,25.0,14.28571429,54.57,0.0,1.0,0.0,0.0,0,0,False,False,False,False,False,True,False,False,False,True,False
16.0,0.0,0.0,56.92,0.0,0.0,0.0,0.0,0,-1,False,False,False,False,True,False,False,False,True,False,False
18.0,0.0,0.0,45.31,0.026595745,0.0,0.0,0.0,188,0,False,False,False,False,False,True,False,False,False,True,False
16.0,0.0,0.0,51.84,0.0,0.0,0.0,0.0,0,-18,True,False,False,False,False,False,False,False,True,False,False
40.0,5.0,2.5,51.04,0.0,1.0,0.0,0.0,0,-14,False,False,False,False,False,False,True,False,True,False,False
39.0,38.46153846,2.564102564,35.0,0.029850746,1.0,0.0,1.0,67,0,False,False,False,False,True,False,False,True,False,False,False
29.0,3.448275862,0.0,31.38,0.0869565217391304,1.0,0.0,0.0,23,0,False,False,False,False,True,False,False,False,True,False,False
45.0,26.66666667,13.33333333,76.07,0.141304348,1.0,1.0,0.0,92,0,False,False,False,False,False,False,True,False,True,False,False
22.0,13.63636364,13.63636364,40.0,0.0,1.0,0.0,0.0,0,0,True,False,False,False,False,False,False,True,False,False,False
3.0,100.0,66.66666667,104.97,0.0,1.0,0.0,0.0,0,-11,False,False,False,False,False,True,False,True,False,False,False
38.0,0.0,0.0,38.46,0.285714286,1.0,0.0,0.0,7,0,True,False,False,False,False,False,False,False,False,True,False
48.0,12.5,8.333333333,47.67,0.0260223048327138,0.0,0.0,0.0,538,-485,False,False,False,False,False,True,False,False,False,True,False
36.0,2.777777778,0.0,40.02,0.0,1.0,0.0,0.0,0,0,False,False,False,False,False,True,False,False,True,False,False
45.0,0.0,0.0,79.3,0.0,1.0,0.0,0.0,0,-40,True,False,False,False,False,False,False,False,True,False,False
16.0,0.0,0.0,42.27,0.08,0.0,0.0,0.0,25,-17,False,False,False,False,False,False,True,False,True,False,False
26.0,50.0,19.23076923,50.11,0.114285714,1.0,1.0,0.0,35,0,False,False,False,False,True,False,False,False,False,True,False
42.0,9.523809524,4.761904762,76.48,0.0,1.0,0.0,0.0,0,-16,False,False,False,False,False,False,True,False,False,False,True
34.0,2.941176471,2.941176471,53.32,0.0,1.0,1.0,0.0,0,-3,False,False,False,False,False,True,False,False,False,True,False
39.0,23.07692308,2.564102564,41.45,0.071428571,1.0,0.0,0.0,28,-71,False,False,False,False,True,False,False,False,True,False,False
43.0,25.58139535,9.302325581,68.35,0.017241379,0.0,0.0,0.0,232,0,False,True,False,False,False,False,False,False,False,True,False
44.0,9.090909091,4.545454545,81.24,0.222222222222222,0.0,0.0,0.0,9,-5,False,False,False,False,False,True,False,False,False,True,False
36.0,0.0,0.0,49.38,0.142857143,0.0,0.0,0.0,14,19,False,False,False,True,False,False,False,False,False,False,True
37.0,10.81081081,2.702702703,40.02,0.0,1.0,0.0,0.0,0,-44,False,False,False,False,False,True,False,False,True,False,False
47.0,4.255319149,0.0,162.5,0.032051282,0.0,0.0,0.0,312,-1,True,False,False,False,False,False,False,False,False,True,False
45.0,4.444444444,0.0,342.52,0.0,0.0,0.0,0.0,0,-804,True,False,False,False,False,False,False,False,False,True,False
33.0,12.12121212,6.060606061,44.93,0.0,1.0,0.0,0.0,0,-1,False,True,False,False,False,False,False,False,False,True,False
42.0,30.95238095,7.142857143,62.42,0.0,0.0,0.0,0.0,0,-28,False,False,False,False,True,False,False,False,True,False,False
42.0,0.0,0.0,45.02,0.0,1.0,0.0,0.0,0,0,False,False,False,False,False,True,False,False,True,False,False
44.0,6.818181818,0.0,38.4,0.0,0.0,0.0,0.0,0,-135,False,False,False,False,True,False,False,False,True,False,False
18.0,72.22222222,44.44444444,40.6,0.2,1.0,1.0,0.0,10,-1,False,True,False,False,False,False,False,False,True,False,False
43.0,39.53488372,13.95348837,78.59,0.106325707,0.0,0.0,0.0,743,0,False,False,False,False,False,True,False,False,False,True,False
0.0,0.0,0.0,51.16,0.0,0.0,0.0,0.0,0,0,False,False,False,False,False,False,True,False,False,True,False
36.0,13.88888889,8.333333333,38.87,0.057692308,1.0,1.0,0.0,52,-2,False,False,False,False,False,True,False,False,False,False,True
46.0,6.52173913,0.0,44.8,0.0,1.0,0.0,0.0,0,-16,False,False,False,False,False,True,False,False,True,False,False
31.0,100.0,16.12903226,52.4,0.0031201248049922,0.0,0.0,0.0,641,0,False,True,False,False,False,False,False,False,False,True,False
39.0,12.82051282,0.0,73.43,0.057142857,0.0,0.0,0.0,35,-152,False,False,False,False,False,True,False,True,False,False,False
44.0,2.272727273,0.0,30.89,0.222222222,0.0,0.0,0.0,9,-5,True,False,False,False,False,False,False,False,True,False,False
7.0,100.0,28.57142857,35.0,0.0,1.0,0.0,0.0,0,0,False,False,True,False,False,False,False,True,False,False,False
47.0,2.127659574,0.0,61.04,0.012318029,0.0,0.0,0.0,893,-329,True,False,False,False,False,False,False,False,False,True,False
40.0,42.5,17.5,132.54,0.0168067226890756,1.0,0.0,0.0,119,-12,False,False,True,False,False,False,False,True,False,False,False
16.0,0.0,0.0,77.66,0.090909091,0.0,0.0,0.0,22,-16,False,True,False,False,False,False,False,False,True,False,False
0.0,0.0,0.0,66.73,0.0,0.0,0.0,0.0,0,-57,False,True,False,False,False,False,False,False,False,True,False
26.0,3.846153846,0.0,40.02,0.0,1.0,0.0,0.0,0,0,False,True,False,False,False,False,False,False,False,False,True
0.0,0.0,0.0,7.34,0.0,0.0,0.0,0.0,0,0,False,True,False,False,False,False,False,False,False,True,False
29.0,27.5862069,3.448275862,38.46,0.142857143,1.0,0.0,0.0,14,0,False,False,False,False,False,True,False,False,False,True,False
37.0,56.75675676,2.702702703,44.99,0.0,1.0,0.0,0.0,0,-35,False,False,False,False,False,False,True,False,False,False,True
19.0,84.21052632,26.31578947,174.84,0.111111111111111,1.0,0.0,0.0,18,-2,False,False,False,False,False,True,False,True,False,False,False
42.0,2.380952381,2.380952381,69.77,0.0,1.0,0.0,0.0,0,-24,False,False,False,False,True,False,False,False,False,True,False
33.0,12.12121212,12.12121212,40.02,0.0,1.0,0.0,0.0,0,-8,True,False,False,False,False,False,False,False,False,True,False
42.0,14.28571429,2.380952381,49.73,0.0,0.0,0.0,0.0,0,-20,False,False,False,False,True,False,False,False,False,True,False
43.0,23.25581395,2.325581395,27.82,0.083333333,0.0,0.0,0.0,24,-3,False,False,False,False,True,False,False,False,False,True,False
28.0,21.42857143,14.28571429,37.68,0.142857143,1.0,1.0,1.0,28,0,True,False,False,False,False,False,False,False,False,False,True
2.0,100.0,50.0,73.37,0.0,1.0,0.0,0.0,0,-4,False,False,True,False,False,False,False,True,False,False,False
19.0,15.78947368,5.263157895,31.02,0.0,1.0,0.0,0.0,0,0,False,False,False,False,False,False,True,False,False,False,True
46.0,2.173913043,0.0,137.29,0.137931034,0.0,0.0,0.0,29,0,True,False,False,False,False,False,False,False,True,False,False
24.0,29.16666667,8.333333333,35.0,0.0,1.0,0.0,0.0,0,0,False,False,False,False,False,True,False,False,False,False,True
30.0,0.0,0.0,62.45,0.0,1.0,0.0,0.0,0,-4,False,False,False,False,True,False,False,False,False,True,False
16.0,0.0,0.0,67.19,0.0,0.0,0.0,0.0,0,-83,True,False,False,False,False,False,False,False,True,False,False
6.0,33.33333333,0.0,40.2,0.0,1.0,0.0,1.0,0,0,False,False,False,False,False,False,True,False,False,False,True
54.0,5.555555556,3.703703704,53.15,0.010498688,1.0,0.0,0.0,762,-16,False,True,False,False,False,False,False,False,False,True,False
25.0,4.0,0.0,40.02,0.0,1.0,0.0,0.0,0,0,False,True,False,False,False,False,False,False,True,False,False
34.0,8.823529412,2.941176471,29.56,0.0,1.0,0.0,0.0,0,0,False,False,False,False,True,False,False,False,False,False,True
38.0,86.84210526,10.52631579,77.3,0.053571429,1.0,0.0,0.0,56,-37,False,False,False,False,False,False,True,False,True,False,False
45.0,0.0,0.0,89.7,0.0,0.0,0.0,0.0,0,-6,False,False,False,False,True,False,False,False,False,False,True
0.0,0.0,0.0,96.54,0.153846154,0.0,0.0,0.0,13,0,False,False,False,False,True,False,False,False,True,False,False
38.0,18.42105263,5.263157895,49.76,0.0,1.0,0.0,0.0,0,-34,False,False,False,False,False,True,False,False,True,False,False
44.0,79.54545455,15.90909091,58.55,0.08,0.0,0.0,0.0,25,-437,False,True,False,False,False,False,False,False,False,False,True
36.0,94.44444444,19.44444444,163.3,0.07518797,0.0,0.0,0.0,133,-752,True,False,False,False,False,False,False,False,True,False,False
42.0,11.9047619,0.0,58.53,0.0,0.0,0.0,0.0,0,-34,False,False,False,False,False,True,False,False,False,False,True
0.0,0.0,0.0,57.19,0.0,0.0,0.0,0.0,0,0,False,True,False,False,False,False,False,False,True,False,False
45.0,0.0,0.0,79.62,0.0,1.0,0.0,0.0,0,-5,False,False,True,False,False,False,False,False,False,False,True
28.0,10.71428571,3.571428571,40.02,0.0,1.0,0.0,0.0,0,0,True,False,False,False,False,False,False,False,True,False,False
3.0,33.33333333,33.33333333,40.02,0.0,1.0,0.0,0.0,0,0,True,False,False,False,False,False,False,False,True,False,False
46.0,6.52173913,2.173913043,66.22,0.0909090909090909,0.0,0.0,0.0,22,-7,False,False,False,False,False,False,True,False,True,False,False
27.0,59.25925926,22.22222222,55.53,0.203703704,1.0,0.0,0.0,54,-7,False,False,False,False,False,False,True,False,False,True,False
6.0,83.33333333,33.33333333,40.02,0.0,0.0,0.0,0.0,0,0,False,False,False,False,True,False,False,False,True,False,False
46.0,67.39130435,4.347826087,63.85,0.0,1.0,1.0,0.0,0,-170,False,False,False,False,True,False,False,False,True,False,False
9.0,55.55555556,33.33333333,35.0,0.0,1.0,0.0,0.0,0,0,False,True,False,False,False,False,False,False,False,False,True
2.0,0.0,0.0,40.02,0.0,1.0,0.0,0.0,0,0,False,False,False,False,True,False,False,False,False,True,False
0.0,0.0,0.0,74.18,0.011764706,0.0,0.0,0.0,255,-67,False,True,False,False,False,False,False,False,True,False,False
36.0,8.333333333,0.0,63.78,0.0,0.0,0.0,0.0,0,26,False,False,False,True,False,False,False,False,False,False,True
39.0,7.692307692,7.692307692,23.68,0.086956522,1.0,0.0,0.0,23,-10,True,False,False,False,False,False,False,False,False,False,True
13.0,7.692307692,0.0,55.39,0.0,0.0,0.0,0.0,0,0,False,False,False,False,False,True,False,False,True,False,False
37.0,2.702702703,2.702702703,132.14,0.0,1.0,0.0,0.0,0,-27,False,False,False,False,False,True,False,False,False,False,True
36.0,22.22222222,11.11111111,40.02,0.0,1.0,1.0,0.0,0,-7,False,True,False,False,False,False,False,False,False,True,False
41.0,29.26829268,0.0,119.93,0.071729958,0.0,0.0,0.0,237,0,False,False,False,False,False,True,False,False,False,True,False
14.0,78.57142857,7.142857143,43.82,0.272727273,1.0,1.0,1.0,11,0,False,False,False,False,True,False,False,True,False,False,False
36.0,16.66666667,2.777777778,57.24,0.092857143,1.0,0.0,0.0,140,33,False,False,False,True,False,False,False,False,False,False,True
34.0,41.17647059,23.52941176,197.02,0.13559322,1.0,1.0,1.0,118,-16,False,True,False,False,False,False,False,False,False,False,True
24.0,91.66666667,25.0,67.44,0.039215686,1.0,0.0,0.0,51,-2,False,False,False,False,False,False,True,False,False,True,False
38.0,47.36842105,5.263157895,40.0,0.0,1.0,0.0,0.0,0,-20,False,True,False,False,False,False,False,False,False,False,True
0.0,0.0,0.0,74.18,0.125,0.0,0.0,0.0,24,0,False,True,False,False,False,False,False,False,False,True,False
32.0,28.125,6.25,24.43,0.142857143,1.0,0.0,0.0,14,0,False,False,False,False,True,False,False,False,False,False,True
28.0,14.28571429,3.571428571,40.0,0.0,1.0,0.0,1.0,0,0,False,True,False,False,False,False,False,False,False,False,True
40.0,22.5,0.0,146.54,0.125,1.0,0.0,0.0,16,-32,False,False,True,False,False,False,False,True,False,False,False
22.0,31.81818182,0.0,40.2,0.0,1.0,0.0,0.0,0,-51,False,False,False,False,False,True,False,False,False,True,False
21.0,90.47619048,14.28571429,53.99,0.0,1.0,0.0,0.0,0,-2,False,True,False,False,False,False,False,False,False,False,True
22.0,9.090909091,0.0,40.02,0.0,1.0,0.0,0.0,0,0,True,False,False,False,False,False,False,False,True,False,False
16.0,12.5,6.25,62.42,0.0,1.0,0.0,0.0,0,-4,False,True,False,False,False,False,False,False,False,False,True
6.0,83.33333333,33.33333333,40.02,0.0,1.0,1.0,0.0,0,0,True,False,False,False,False,False,False,False,True,False,False
10.0,100.0,50.0,40.02,0.0,0.0,0.0,0.0,0,0,False,False,False,False,True,False,False,False,True,False,False
9.0,33.33333333,11.11111111,40.02,0.0,1.0,0.0,0.0,0,0,True,False,False,False,False,False,False,False,False,False,True
43.0,18.60465116,2.325581395,70.36,0.0,1.0,0.0,0.0,0,-1,True,False,False,False,False,False,False,False,True,False,False
44.0,4.545454545,0.0,8.2,0.0,0.0,0.0,0.0,0,-218,False,False,False,False,False,False,True,False,False,False,True
11.0,0.0,0.0,89.71,0.0,1.0,0.0,0.0,0,0,True,False,False,False,False,False,False,False,True,False,False
0.0,0.0,0.0,144.11,0.094907407,0.0,0.0,0.0,432,0,True,False,False,False,False,False,False,False,True,False,False
45.0,6.666666667,2.222222222,25.93,0.0,0.0,0.0,0.0,0,0,False,False,False,False,False,True,False,False,False,True,False
29.0,75.86206897,6.896551724,127.06,0.0,0.0,1.0,1.0,0,-498,False,False,True,False,False,False,False,False,False,False,True
35.0,5.714285714,0.0,40.02,0.0,1.0,1.0,0.0,0,0,False,False,False,False,True,False,False,False,False,True,False
32.0,31.25,3.125,107.41,0.230769231,1.0,0.0,0.0,13,-12,False,False,False,False,False,True,False,False,True,False,False
40.0,30.0,12.5,59.7,0.0,1.0,0.0,0.0,0,-33,True,False,False,False,False,False,False,False,False,False,True
48.0,18.75,4.166666667,49.76,0.027173913,0.0,0.0,0.0,184,0,True,False,False,False,False,False,False,False,False,True,False
54.0,12.96296296,9.259259259,142.53,0.004987531,0.0,0.0,0.0,401,-9,False,False,False,False,False,False,True,False,False,True,False
31.0,6.451612903,0.0,40.02,0.0,1.0,1.0,0.0,0,0,False,False,False,False,False,False,True,False,True,False,False
35.0,2.857142857,2.857142857,39.63,0.0,0.0,0.0,0.0,0,-8,False,False,False,False,False,True,False,False,False,True,False
60.0,41.66666667,11.66666667,58.82,0.050537634,0.0,1.0,0.0,930,-19,False,False,False,False,False,True,False,False,True,False,False
23.0,95.65217391,21.73913043,35.0,0.0625,1.0,1.0,0.0,32,0,False,False,False,False,True,False,False,True,False,False,False
7.0,85.71428571,14.28571429,40.2,0.0,1.0,0.0,0.0,0,0,True,False,False,False,False,False,False,False,True,False,False
40.0,30.0,2.5,85.14,0.01863354,0.0,0.0,0.0,161,-3,False,False,False,False,False,False,True,False,True,False,False
27.0,18.51851852,0.0,40.02,0.0,1.0,0.0,0.0,0,0,False,False,False,False,True,False,False,False,False,True,False
37.0,45.94594595,0.0,84.88,0.230769231,0.0,0.0,0.0,13,0,False,False,False,False,False,True,False,False,True,False,False
34.0,2.941176471,0.0,68.64,0.0408163265306122,1.0,0.0,0.0,49,-1,False,False,False,False,False,False,True,False,False,True,False
35.0,48.57142857,20.0,51.78,0.0,1.0,0.0,0.0,0,0,False,False,False,False,False,False,True,False,True,False,False
21.0,57.14285714,4.761904762,29.0,0.0,1.0,0.0,0.0,0,0,False,False,False,False,False,True,False,False,False,False,True
4.0,100.0,25.0,44.89,0.005286344,0.0,0.0,0.0,1135,-97,False,True,False,False,False,False,False,False,False,True,False
0.0,0.0,0.0,52.56,0.0,0.0,0.0,0.0,0,0,False,False,False,False,True,False,False,False,True,False,False
43.0,0.0,0.0,73.03,0.071428571,0.0,0.0,0.0,28,-348,False,False,False,False,False,False,True,False,False,False,True
3.0,33.33333333,0.0,35.24,0.0,1.0,0.0,0.0,0,0,False,False,False,False,True,False,False,False,True,False,False
16.0,0.0,0.0,45.18,0.0,0.0,0.0,0.0,0,-3,False,True,False,False,False,False,False,False,False,True,False
18.0,27.77777778,11.11111111,31.02,0.0,1.0,0.0,0.0,0,0,False,False,False,False,True,False,False,False,False,True,False
28.0,25.0,0.0,61.23,0.0,1.0,0.0,0.0,0,0,False,False,False,False,True,False,False,False,True,False,False
0.0,0.0,0.0,57.42,0.181818182,0.0,0.0,0.0,11,0,False,False,False,False,True,False,False,False,True,False,False
40.0,32.5,0.0,166.98,0.069124424,0.0,0.0,0.0,217,-6,True,False,False,False,False,False,False,False,True,False,False
45.0,6.666666667,2.222222222,36.12,0.0,1.0,0.0,0.0,0,-28,False,False,False,False,False,True,False,False,False,False,True
35.0,40.0,5.714285714,61.17,0.0441176470588235,0.0,0.0,0.0,272,39,False,False,False,True,False,False,False,False,False,False,True
0.0,0.0,0.0,51.32,0.032672112,1.0,0.0,0.0,857,-121,False,False,False,False,False,True,False,False,True,False,False
38.0,63.15789474,0.0,73.75,0.0,0.0,0.0,0.0,0,-44,False,False,False,False,False,True,False,False,False,False,True
49.0,20.40816327,20.40816327,175.27,0.033613445,0.0,0.0,0.0,476,-27,True,False,False,False,False,False,False,False,False,True,False
36.0,13.88888889,11.11111111,37.79,0.0,1.0,0.0,0.0,0,0,False,False,True,False,False,False,False,True,False,False,False
48.0,10.41666667,0.0,157.61,0.0,0.0,0.0,0.0,0,-347,False,True,False,False,False,False,False,False,False,False,True
31.0,19.35483871,3.225806452,32.73,0.0,1.0,0.0,0.0,0,-3,True,False,False,False,False,False,False,False,False,False,True
39.0,7.692307692,0.0,56.34,0.024242424,0.0,0.0,0.0,330,33,False,False,False,True,False,False,False,True,False,False,False
16.0,43.75,12.5,40.02,0.0,1.0,1.0,1.0,0,0,True,False,False,False,False,False,False,False,False,False,True
23.0,21.73913043,8.695652174,268.4,0.0,1.0,0.0,0.0,0,0,False,False,False,False,False,True,False,False,False,False,True
1.0,100.0,0.0,40.02,0.0,1.0,0.0,0.0,0,0,False,False,False,False,False,False,True,False,True,False,False
24.0,8.333333333,4.166666667,79.53,0.0,1.0,0.0,0.0,0,-27,False,False,False,False,False,True,False,False,False,False,True
22.0,63.63636364,18.18181818,40.0,0.0,1.0,0.0,0.0,0,-14,False,False,False,False,False,False,True,False,False,False,True
34.0,11.76470588,8.823529412,40.92,0.0,1.0,0.0,0.0,0,0,False,False,True,False,False,False,False,False,False,False,True
37.0,72.97297297,5.405405405,55.31,0.0,0.0,0.0,0.0,0,-561,False,False,False,False,True,False,False,False,True,False,False
29.0,82.75862069,24.13793103,129.13,0.1,1.0,0.0,0.0,40,-9,False,False,False,False,False,True,False,False,False,True,False
45.0,4.444444444,0.0,25.11,0.0,1.0,0.0,0.0,0,-12,False,True,False,False,False,False,False,False,True,False,False
41.0,19.51219512,2.43902439,43.99,0.0,1.0,0.0,0.0,0,0,False,False,True,False,False,False,False,True,False,False,False
0.0,0.0,0.0,26.63,0.0,0.0,0.0,0.0,0,-3,True,False,False,False,False,False,False,False,False,True,False
32.0,3.125,0.0,40.02,0.0,1.0,0.0,0.0,0,-1,False,True,False,False,False,False,False,False,False,True,False
47.0,19.14893617,6.382978723,27.75,0.0,0.0,0.0,0.0,0,-262,False,True,False,False,False,False,False,False,False,False,True
45.0,0.0,0.0,81.92,0.071428571,0.0,0.0,0.0,42,0,False,True,False,False,False,False,False,False,False,True,False
45.0,2.222222222,0.0,56.11,0.0952380952380952,0.0,0.0,0.0,21,0,False,False,False,False,True,False,False,False,True,False,False
16.0,18.75,6.25,40.02,0.0,1.0,0.0,0.0,0,0,False,False,False,False,False,True,False,False,True,False,False
15.0,26.66666667,6.666666667,40.25,0.0,1.0,0.0,0.0,0,0,False,True,False,False,False,False,False,False,True,False,False
40.0,52.5,5.0,82.89,0.059931507,1.0,0.0,0.0,1168,-15,True,False,False,False,False,False,False,False,False,True,False
16.0,25.0,0.0,76.09,0.0,1.0,0.0,0.0,0,-12,False,False,False,False,False,False,True,False,True,False,False
0.0,0.0,0.0,40.0,0.0,1.0,0.0,0.0,0,0,False,False,False,False,True,False,False,False,False,False,True
23.0,8.695652174,0.0,40.22,0.0,1.0,0.0,0.0,0,0,False,True,False,False,False,False,False,False,True,False,False
40.0,30.0,2.5,40.0,0.0,1.0,0.0,0.0,0,0,False,True,False,False,False,False,False,False,False,False,True
45.0,28.88888889,8.888888889,45.75,0.0,1.0,0.0,1.0,0,-111,False,False,False,False,False,False,True,False,False,False,True
48.0,33.33333333,4.166666667,87.79,0.018218623,0.0,0.0,0.0,988,-804,False,False,False,False,False,False,True,False,False,True,False
40.0,2.5,2.5,86.24,0.0,1.0,0.0,0.0,0,-79,False,False,False,False,False,True,False,False,True,False,False
8.0,25.0,0.0,40.0,0.0,0.0,0.0,0.0,0,-201,True,False,False,False,False,False,False,False,False,False,True
37.0,16.21621622,2.702702703,40.0,0.0,1.0,1.0,0.0,0,0,True,False,False,False,False,False,False,False,False,False,True
47.0,0.0,0.0,34.34,0.161290323,1.0,0.0,0.0,31,-143,False,False,False,False,True,False,False,False,False,True,False
1.0,100.0,0.0,54.69,0.0769230769230769,0.0,0.0,0.0,26,0,True,False,False,False,False,False,False,False,False,False,True
51.0,11.76470588,3.921568627,46.08,0.029411765,1.0,1.0,0.0,68,0,False,False,False,False,False,True,False,False,False,False,True
43.0,4.651162791,4.651162791,68.21,0.166666667,1.0,1.0,0.0,18,0,False,True,False,False,False,False,False,False,False,True,False
45.0,28.88888889,4.444444444,40.02,0.0,1.0,1.0,0.0,0,-6,False,False,False,False,False,True,False,False,False,True,False
48.0,54.16666667,31.25,131.27,0.124666073,0.0,0.0,0.0,1123,-348,False,False,False,False,False,True,False,False,False,True,False
35.0,77.14285714,2.857142857,50.09,0.0,0.0,0.0,0.0,0,0,False,True,False,False,False,False,False,False,True,False,False
53.0,33.96226415,18.86792453,85.64,0.106628242074928,1.0,0.0,0.0,1041,-184,False,False,False,False,False,False,True,False,True,False,False
9.0,100.0,22.22222222,29.68,0.0,1.0,0.0,0.0,0,-17,False,False,False,False,False,True,False,False,False,False,True
45.0,4.444444444,0.0,52.92,0.125,0.0,0.0,0.0,16,0,False,False,False,False,False,True,False,False,True,False,False
43.0,0.0,0.0,40.02,0.0,1.0,0.0,0.0,0,0,False,False,False,False,False,True,False,False,True,False,False
0.0,0.0,0.0,15.21,0.0,0.0,0.0,0.0,0,-255,False,False,False,False,False,False,True,False,False,True,False
15.0,46.66666667,13.33333333,50.17,0.0,1.0,0.0,0.0,0,0,True,False,False,False,False,False,False,False,False,True,False
50.0,8.0,4.0,74.05,0.014285714,1.0,0.0,0.0,560,-1,False,True,False,False,False,False,False,False,False,True,False
2.0,0.0,0.0,40.02,0.0,1.0,0.0,0.0,0,0,False,False,False,False,False,True,False,False,False,True,False
28.0,35.71428571,7.142857143,64.15,0.0,1.0,0.0,0.0,0,-25,False,False,False,False,True,False,False,False,True,False,False
10.0,0.0,0.0,71.28,0.040816327,0.0,0.0,0.0,49,0,False,False,False,False,False,True,False,False,False,True,False
1.0,100.0,100.0,40.02,0.0,1.0,0.0,0.0,0,0,False,True,False,False,False,False,False,False,True,False,False
0.0,0.0,0.0,136.75,0.037453184,0.0,0.0,0.0,1068,-126,False,True,False,False,False,False,False,False,False,True,False
35.0,80.0,0.0,40.02,0.0,1.0,0.0,0.0,0,0,False,False,False,False,True,False,False,False,True,False,False
21.0,76.19047619,9.523809524,31.0,0.0,1.0,0.0,0.0,0,0,False,False,False,False,False,True,False,True,False,False,False
26.0,30.76923077,0.0,40.02,0.0,1.0,0.0,0.0,0,0,False,True,False,False,False,False,False,False,True,False,False
34.0,2.941176471,0.0,40.02,0.0,1.0,0.0,0.0,0,0,False,True,False,False,False,False,False,False,False,True,False
45.0,0.0,0.0,35.44,0.428571429,0.0,0.0,0.0,7,-162,False,True,False,False,False,False,False,False,True,False,False
43.0,39.53488372,18.60465116,59.25,0.0,1.0,1.0,0.0,0,-98,False,False,False,False,False,True,False,False,False,False,True
36.0,16.66666667,2.777777778,90.71,0.0,0.0,0.0,0.0,0,-398,True,False,False,False,False,False,False,False,True,False,False
46.0,28.26086957,4.347826087,99.9,0.0,1.0,0.0,0.0,0,-295,False,True,False,False,False,False,False,False,True,False,False
0.0,0.0,0.0,50.49,0.0,0.0,0.0,0.0,0,-60,False,False,True,False,False,False,False,False,False,False,True
9.0,33.33333333,22.22222222,40.02,0.0,1.0,0.0,0.0,0,-29,False,False,False,False,False,False,True,False,False,True,False
0.0,0.0,0.0,87.63,0.0,1.0,0.0,0.0,0,-1,False,False,False,False,False,True,False,False,False,False,True
43.0,9.302325581,0.0,40.02,0.0,1.0,0.0,0.0,0,0,False,True,False,False,False,False,False,False,True,False,False
7.0,85.71428571,0.0,40.02,0.0,1.0,0.0,0.0,0,0,False,True,False,False,False,False,False,False,True,False,False
5.0,40.0,0.0,52.25,0.0,1.0,0.0,0.0,0,0,False,False,True,False,False,False,False,False,False,False,True
44.0,2.272727273,2.272727273,93.58,0.0,1.0,0.0,0.0,0,-18,False,False,False,False,False,True,False,True,False,False,False
6.0,33.33333333,16.66666667,51.97,0.0,1.0,0.0,0.0,0,0,False,True,False,False,False,False,False,False,False,True,False
31.0,19.35483871,6.451612903,1.0,0.0,1.0,0.0,0.0,0,0,False,False,True,False,False,False,False,False,False,False,True
5.0,20.0,0.0,40.02,0.0,1.0,0.0,1.0,0,-1,False,True,False,False,False,False,False,False,False,False,True
54.0,1.851851852,0.0,29.02,0.0,1.0,0.0,0.0,0,-84,True,False,False,False,False,False,False,False,False,True,False
47.0,2.127659574,0.0,50.48,0.022346369,0.0,0.0,0.0,179,-6,False,True,False,False,False,False,False,False,True,False,False
45.0,4.444444444,0.0,59.6,0.0,0.0,0.0,0.0,0,-49,False,False,False,False,True,False,False,False,False,False,True
0.0,0.0,0.0,32.93,0.008928571,0.0,0.0,0.0,336,-8,False,False,False,False,False,True,False,False,False,True,False
34.0,97.05882353,17.64705882,53.56,0.074074074,1.0,0.0,0.0,27,-34,False,True,False,False,False,False,False,False,True,False,False
36.0,0.0,0.0,40.0,0.0,1.0,0.0,0.0,0,0,False,False,False,False,False,False,True,False,False,False,True
40.0,40.0,15.0,124.64,0.008532423,0.0,0.0,0.0,586,0,False,False,False,False,False,False,True,False,True,False,False
28.0,89.28571429,17.85714286,92.64,0.157894737,1.0,0.0,0.0,19,0,False,False,True,False,False,False,False,True,False,False,False
3.0,100.0,33.33333333,10.99,0.0,1.0,0.0,0.0,0,-81,False,False,False,False,False,True,False,False,False,False,True
19.0,36.84210526,5.263157895,1.0,0.0,1.0,0.0,0.0,0,0,False,False,False,False,False,False,True,False,False,False,True
52.0,32.69230769,13.46153846,128.96,0.080645161,1.0,0.0,0.0,62,-163,True,False,False,False,False,False,False,False,True,False,False
42.0,30.95238095,4.761904762,128.39,0.014388489,1.0,0.0,0.0,139,-169,False,False,False,False,True,False,False,False,False,True,False
34.0,8.823529412,5.882352941,40.02,0.0,1.0,0.0,0.0,0,0,False,False,True,False,False,False,False,False,False,False,True
36.0,25.0,2.777777778,40.02,0.0,1.0,1.0,0.0,0,0,False,False,False,False,False,False,True,False,True,False,False
47.0,4.255319149,0.0,80.29,0.046511628,0.0,0.0,0.0,129,-59,False,False,False,False,False,True,False,False,False,True,False
44.0,2.272727273,0.0,60.42,0.0,0.0,0.0,0.0,0,-118,False,False,True,False,False,False,False,False,False,False,True
0.0,0.0,0.0,55.54,0.047957371,0.0,0.0,0.0,563,-518,True,False,False,False,False,False,False,False,False,True,False
40.0,12.5,5.0,111.77,0.0,1.0,0.0,0.0,0,-31,False,False,True,False,False,False,False,False,False,False,True
57.0,10.52631579,3.50877193,62.76,0.039119804,0.0,0.0,0.0,818,0,False,True,False,False,False,False,False,False,True,False,False
47.0,10.63829787,0.0,217.16,0.1,0.0,0.0,0.0,100,-1,True,False,False,False,False,False,False,False,True,False,False
0.0,0.0,0.0,71.15,0.064516129,0.0,0.0,0.0,217,-266,False,True,False,False,False,False,False,False,False,True,False
33.0,6.060606061,0.0,51.51,0.0,1.0,0.0,0.0,0,-2,False,False,False,False,False,False,True,False,False,True,False
2.0,100.0,50.0,40.02,0.0,1.0,0.0,0.0,0,0,True,False,False,False,False,False,False,False,False,False,True
45.0,17.77777778,2.222222222,117.97,0.03255814,0.0,0.0,0.0,645,-15,False,False,False,False,True,False,False,False,False,True,False
16.0,0.0,0.0,51.31,0.0,0.0,0.0,0.0,0,-14,True,False,False,False,False,False,False,False,True,False,False
40.0,50.0,30.0,48.75,0.094594595,1.0,1.0,0.0,74,-2,False,False,True,False,False,False,False,True,False,False,False
46.0,0.0,0.0,56.01,0.025974026,1.0,0.0,0.0,77,0,False,False,False,False,False,True,False,False,True,False,False
45.0,13.33333333,6.666666667,40.02,0.0,1.0,0.0,0.0,0,0,True,False,False,False,False,False,False,False,True,False,False
25.0,8.0,4.0,111.31,0.0,1.0,0.0,0.0,0,-40,True,False,False,False,False,False,False,False,True,False,False
0.0,0.0,0.0,186.05,0.0,0.0,0.0,0.0,0,-3,False,True,False,False,False,False,False,False,True,False,False
34.0,2.941176471,0.0,40.0,0.0,1.0,0.0,0.0,0,-1,False,True,False,False,False,False,False,False,False,False,True
8.0,50.0,25.0,377.37,0.0,1.0,0.0,0.0,0,-1,True,False,False,False,False,False,False,False,True,False,False
48.0,6.25,0.0,61.04,0.057507987,0.0,0.0,0.0,939,-836,False,True,False,False,False,False,False,False,False,True,False
45.0,4.444444444,2.222222222,79.24,0.0,1.0,0.0,0.0,0,-22,False,False,False,False,True,False,False,True,False,False,False
42.0,2.380952381,0.0,40.02,0.0,1.0,0.0,0.0,0,0,False,False,False,False,False,True,False,False,True,False,False
17.0,35.29411765,17.64705882,101.27,0.0,1.0,0.0,0.0,0,-22,False,True,False,False,False,False,False,False,False,False,True
31.0,90.32258065,3.225806452,74.7,0.0,1.0,0.0,0.0,0,0,False,False,False,False,False,True,False,False,True,False,False
26.0,7.692307692,0.0,45.02,0.0,1.0,0.0,0.0,0,0,False,True,False,False,False,False,False,False,True,False,False
43.0,37.20930233,0.0,48.0,0.0,0.0,0.0,0.0,0,0,False,False,False,False,False,True,False,False,False,True,False
44.0,11.36363636,2.272727273,50.11,0.0,0.0,0.0,0.0,0,-199,False,False,False,False,True,False,False,False,True,False,False
38.0,10.52631579,5.263157895,145.63,0.049019608,1.0,0.0,1.0,102,-1,False,False,False,False,False,False,True,False,False,False,True
45.0,2.222222222,0.0,44.44,0.0,0.0,0.0,0.0,0,-85,True,False,False,False,False,False,False,False,True,False,False
47.0,68.08510638,36.17021277,50.87,0.114785992,1.0,0.0,0.0,1028,-184,False,True,False,False,False,False,False,False,False,True,False
23.0,30.43478261,0.0,40.02,0.0,1.0,0.0,0.0,0,0,False,True,False,False,False,False,False,False,True,False,False
35.0,20.0,11.42857143,58.7,0.0,1.0,0.0,0.0,0,-38,False,True,False,False,False,False,False,False,False,False,True
30.0,56.66666667,13.33333333,63.3,0.048780488,1.0,0.0,0.0,41,-1,False,False,True,False,False,False,False,True,False,False,False
42.0,19.04761905,7.142857143,15.06,0.032258065,1.0,0.0,0.0,62,-24,False,False,False,False,False,True,False,False,False,True,False
6.0,16.66666667,0.0,46.08,0.0,1.0,0.0,0.0,0,0,False,False,False,False,False,True,False,True,False,False,False
51.0,64.70588235,21.56862745,67.24,0.063829787,0.0,0.0,0.0,47,-1069,False,False,False,False,False,True,False,False,False,False,True
6.0,100.0,50.0,125.3,0.0,1.0,1.0,0.0,0,-1,False,True,False,False,False,False,False,False,False,True,False
16.0,0.0,0.0,229.98,0.041666667,0.0,0.0,0.0,48,-42,False,False,False,False,False,False,True,False,True,False,False
1.0,0.0,0.0,40.02,0.0,1.0,1.0,0.0,0,0,False,False,False,False,False,True,False,False,False,True,False
0.0,0.0,0.0,55.34,0.0,1.0,0.0,0.0,0,-4,False,False,False,False,False,True,False,False,False,True,False
44.0,9.090909091,0.0,51.43,0.0,0.0,0.0,0.0,0,-34,False,False,False,False,True,False,False,False,True,False,False
0.0,0.0,0.0,12.04,0.0,0.0,0.0,0.0,0,-11,False,False,False,False,False,False,True,False,False,True,False
36.0,2.777777778,2.777777778,119.73,0.0,1.0,0.0,0.0,0,-11,False,False,False,False,False,True,False,False,True,False,False
2.0,50.0,0.0,40.02,0.0,1.0,0.0,0.0,0,0,False,False,False,False,True,False,False,False,True,False,False
0.0,0.0,0.0,81.04,0.008888889,0.0,0.0,0.0,675,-1,False,False,False,False,False,False,True,False,False,True,False
44.0,40.90909091,15.90909091,83.43,0.080592105,1.0,0.0,0.0,608,-5,False,True,False,False,False,False,False,False,False,True,False
44.0,20.45454545,4.545454545,44.84,0.0869565217391304,0.0,0.0,0.0,46,0,False,False,False,False,True,False,False,False,True,False,False
45.0,35.55555556,4.444444444,146.07,0.04,1.0,0.0,1.0,75,-14,False,True,False,False,False,False,False,False,False,False,True
35.0,57.14285714,11.42857143,69.74,0.169811320754717,1.0,0.0,1.0,53,-4,False,True,False,False,False,False,False,False,False,False,True
0.0,0.0,0.0,54.18,0.0,0.0,0.0,0.0,0,-7,False,False,False,False,False,True,False,False,False,True,False
39.0,2.564102564,0.0,53.82,0.0,1.0,0.0,0.0,0,-5,False,False,False,False,False,True,False,False,False,True,False
32.0,50.0,3.125,89.07,0.0,1.0,0.0,0.0,0,-23,False,False,False,False,False,False,True,False,True,False,False
42.0,19.04761905,0.0,40.0,0.0,1.0,0.0,0.0,0,-3,False,False,False,False,False,False,True,False,False,False,True
16.0,68.75,50.0,40.02,0.0,0.0,0.0,0.0,0,-50,False,True,False,False,False,False,False,False,True,False,False
10.0,50.0,10.0,45.02,0.0,1.0,0.0,0.0,0,-28,True,False,False,False,False,False,False,False,True,False,False
26.0,38.46153846,11.53846154,45.02,0.0,1.0,0.0,0.0,0,0,False,False,False,False,True,False,False,False,True,False,False
16.0,12.5,6.25,31.0,0.0,1.0,0.0,0.0,0,0,False,False,True,False,False,False,False,False,False,False,True
37.0,21.62162162,8.108108108,45.05,0.04109589,1.0,1.0,0.0,73,-1,False,True,False,False,False,False,False,False,False,True,False
42.0,54.76190476,7.142857143,41.25,0.126126126,1.0,0.0,0.0,111,0,False,True,False,False,False,False,False,False,False,True,False
47.0,8.510638298,2.127659574,58.95,0.0,0.0,0.0,0.0,0,-1,False,False,False,False,True,False,False,False,False,True,False
40.0,30.0,2.5,40.0,0.0,1.0,0.0,0.0,0,-6,False,False,False,False,False,True,False,False,False,False,True
45.0,8.888888889,8.888888889,21.75,0.1,0.0,0.0,0.0,20,0,False,False,False,False,False,True,False,False,True,False,False
34.0,64.70588235,44.11764706,50.09,0.0171428571428571,1.0,0.0,0.0,175,0,False,True,False,False,False,False,False,False,True,False,False
0.0,0.0,0.0,72.32,0.052083333,1.0,0.0,0.0,96,-1,False,False,False,False,True,False,False,False,False,True,False
0.0,0.0,0.0,98.9,0.0,0.0,0.0,0.0,0,0,False,False,False,False,True,False,False,False,False,True,False
36.0,8.333333333,0.0,41.0,0.0,1.0,0.0,0.0,0,0,False,False,False,False,False,True,False,False,False,False,True
0.0,0.0,0.0,29.56,0.0,0.0,0.0,0.0,0,-1,True,False,False,False,False,False,False,False,True,False,False
0.0,0.0,0.0,50.84,0.0,0.0,0.0,0.0,0,0,False,False,False,False,False,True,False,False,True,False,False
30.0,10.0,0.0,39.97,0.0,1.0,0.0,0.0,0,0,False,True,False,False,False,False,False,False,True,False,False
43.0,6.976744186,0.0,77.23,0.0,0.0,0.0,0.0,0,-1,False,False,False,False,True,False,False,False,True,False,False
25.0,36.0,4.0,31.02,0.0,1.0,0.0,0.0,0,0,False,False,False,False,False,True,False,False,False,False,True
4.0,100.0,50.0,40.02,0.0,1.0,0.0,0.0,0,0,False,False,False,False,False,True,False,False,False,True,False
0.0,0.0,0.0,44.58,0.0,0.0,0.0,0.0,0,-42,False,False,False,False,False,True,False,False,False,True,False
32.0,50.0,6.25,34.6,0.045454545,1.0,1.0,0.0,154,-115,False,False,False,False,False,False,True,False,False,True,False
45.0,0.0,0.0,51.03,0.0,0.0,0.0,0.0,0,0,False,True,False,False,False,False,False,False,True,False,False
45.0,8.888888889,2.222222222,66.32,0.055555556,1.0,0.0,0.0,36,-8,False,False,True,False,False,False,False,True,False,False,False
52.0,9.615384615,7.692307692,129.67,0.018518519,0.0,0.0,0.0,162,-28,False,False,False,False,False,True,False,False,False,True,False
42.0,16.66666667,2.380952381,63.76,0.00625,1.0,0.0,0.0,480,-403,False,True,False,False,False,False,False,False,True,False,False
28.0,85.71428571,32.14285714,60.59,0.0416666666666667,0.0,0.0,0.0,48,-147,False,False,False,False,True,False,False,False,False,False,True
45.0,2.222222222,2.222222222,30.25,0.0,1.0,0.0,0.0,0,-10,False,False,False,False,False,False,True,False,False,False,True
39.0,17.94871795,0.0,40.02,0.0,1.0,0.0,0.0,0,0,True,False,False,False,False,False,False,False,False,True,False
0.0,0.0,0.0,43.23,0.003826531,0.0,0.0,0.0,784,0,False,False,False,False,False,False,True,False,False,True,False
45.0,15.55555556,0.0,21.14,0.0,0.0,0.0,0.0,0,0,False,False,False,False,True,False,False,False,False,True,False
35.0,62.85714286,8.571428571,79.59,0.181818182,0.0,0.0,0.0,11,0,False,False,False,False,True,False,False,False,True,False,False
5.0,80.0,0.0,40.02,0.0,1.0,0.0,0.0,0,0,False,False,False,False,False,False,True,False,False,True,False
46.0,15.2173913,0.0,49.36,0.028571429,0.0,0.0,0.0,350,-3,True,False,False,False,False,False,False,False,True,False,False
31.0,48.38709677,3.225806452,66.43,0.0,1.0,0.0,0.0,0,-28,False,False,False,False,True,False,False,False,True,False,False
0.0,0.0,0.0,104.56,0.0,0.0,0.0,0.0,0,-1,False,True,False,False,False,False,False,False,True,False,False
38.0,18.42105263,0.0,50.79,0.0,1.0,0.0,0.0,0,0,False,False,False,False,True,False,False,False,True,False,False
63.0,25.3968254,11.11111111,19.33,0.123376623,1.0,1.0,0.0,154,-3,False,True,False,False,False,False,False,False,False,False,True
40.0,27.5,2.5,95.57,0.0,0.0,0.0,0.0,0,-20,True,False,False,False,False,False,False,False,False,False,True
42.0,21.42857143,11.9047619,32.1,0.095238095,0.0,0.0,0.0,21,28,False,False,False,False,True,False,False,False,False,False,True
25.0,56.0,16.0,53.49,0.222222222,1.0,1.0,0.0,9,0,False,False,False,False,False,True,False,False,True,False,False
32.0,34.375,12.5,40.02,0.0,1.0,1.0,0.0,0,-7,False,True,False,False,False,False,False,False,True,False,False
31.0,35.48387097,19.35483871,88.92,0.0,1.0,0.0,0.0,0,-29,True,False,False,False,False,False,False,False,False,False,True
24.0,29.16666667,16.66666667,40.0,0.0,1.0,0.0,0.0,0,0,False,False,False,False,True,False,False,True,False,False,False
30.0,20.0,6.666666667,43.54,0.285714286,1.0,0.0,0.0,7,0,False,False,False,False,False,True,False,False,False,True,False
11.0,90.90909091,9.090909091,54.22,0.0,1.0,0.0,0.0,0,0,False,True,False,False,False,False,False,False,False,True,False
8.0,25.0,12.5,31.02,0.0,1.0,0.0,0.0,0,0,True,False,False,False,False,False,False,False,False,False,True
45.0,0.0,0.0,101.03,0.0,1.0,0.0,0.0,0,-13,False,False,False,False,True,False,False,True,False,False,False
38.0,21.05263158,0.0,32.96,0.0,0.0,0.0,0.0,0,0,False,False,False,False,False,False,True,False,False,True,False
6.0,83.33333333,33.33333333,58.43,0.0,0.0,0.0,0.0,0,0,False,False,False,False,False,True,False,False,True,False,False
44.0,4.545454545,4.545454545,34.19,0.0,1.0,0.0,0.0,0,-27,False,False,False,False,True,False,False,False,False,False,True
40.0,7.5,2.5,31.2,0.0,1.0,0.0,0.0,0,-27,False,False,False,False,False,True,False,False,False,False,True
41.0,17.07317073,2.43902439,60.46,0.0,1.0,0.0,0.0,0,-87,False,False,False,False,False,False,True,False,True,False,False
0.0,0.0,0.0,41.0,0.0,0.0,0.0,0.0,0,-14,False,False,False,False,False,True,False,False,False,False,True
36.0,33.33333333,0.0,40.02,0.0,1.0,0.0,0.0,0,-768,True,False,False,False,False,False,False,False,True,False,False
0.0,0.0,0.0,32.73,0.0,0.0,0.0,0.0,0,-75,False,False,False,False,True,False,False,False,True,False,False
0.0,0.0,0.0,92.41,0.0,0.0,0.0,0.0,0,-95,True,False,False,False,False,False,False,False,True,False,False
45.0,8.888888889,0.0,41.51,0.0408163265306122,0.0,0.0,0.0,49,-3,False,True,False,False,False,False,False,False,False,True,False
28.0,39.28571429,3.571428571,51.61,0.0,1.0,0.0,0.0,0,-13,False,False,False,False,True,False,False,False,False,False,True
6.0,33.33333333,0.0,40.02,0.0,1.0,1.0,0.0,0,0,False,False,True,False,False,False,False,False,False,False,True
1.0,100.0,0.0,51.03,0.285714286,1.0,0.0,0.0,7,0,False,False,False,False,True,False,False,False,False,True,False
0.0,0.0,0.0,61.21,0.050961538,1.0,0.0,0.0,1040,-443,False,False,False,False,False,False,True,False,False,True,False
49.0,16.32653061,2.040816327,92.73,0.115646259,0.0,0.0,0.0,588,-221,False,False,False,False,True,False,False,False,False,True,False
36.0,47.22222222,30.55555556,88.7,0.0,1.0,0.0,0.0,0,-35,False,True,False,False,False,False,False,False,False,False,True
0.0,0.0,0.0,92.1,0.0,0.0,0.0,0.0,0,-7,False,False,False,False,True,False,False,False,False,False,True
30.0,66.66666667,36.66666667,49.95,0.114285714,1.0,1.0,1.0,35,0,False,False,False,False,False,False,True,False,False,False,True
2.0,0.0,0.0,40.02,0.0,1.0,0.0,0.0,0,-3,False,True,False,False,False,False,False,False,True,False,False
22.0,18.18181818,13.63636364,48.91,0.5,1.0,0.0,0.0,4,0,False,False,False,False,False,True,False,False,True,False,False
11.0,45.45454545,9.090909091,38.01,0.0,1.0,0.0,0.0,0,0,False,True,False,False,False,False,False,False,False,True,False
51.0,19.60784314,13.7254902,53.37,0.122126437,0.0,1.0,0.0,1392,-594,False,False,False,False,False,False,True,False,False,True,False
34.0,5.882352941,0.0,40.02,0.0,1.0,0.0,0.0,0,0,False,False,False,False,True,False,False,False,True,False,False
39.0,2.564102564,0.0,40.02,0.0,1.0,0.0,0.0,0,0,True,False,False,False,False,False,False,False,True,False,False
26.0,15.38461538,0.0,51.51,0.0,1.0,0.0,0.0,0,-11,False,True,False,False,False,False,False,False,False,False,True
36.0,58.33333333,2.777777778,37.42,0.068965517,1.0,0.0,0.0,29,-11,False,True,False,False,False,False,False,False,False,True,False
34.0,8.823529412,0.0,40.02,0.0,1.0,0.0,0.0,0,-9,True,False,False,False,False,False,False,False,False,True,False
44.0,2.272727273,0.0,57.49,0.0,0.0,0.0,0.0,0,-23,True,False,False,False,False,False,False,False,True,False,False
0.0,0.0,0.0,45.17,0.25,0.0,0.0,0.0,8,-425,False,False,False,False,False,True,False,False,False,False,True
14.0,28.57142857,7.142857143,132.29,0.25,1.0,0.0,1.0,8,-440,False,False,False,False,False,False,True,False,False,False,True
29.0,68.96551724,24.13793103,54.37,0.049180328,1.0,1.0,0.0,61,0,False,False,False,False,True,False,False,False,True,False,False
32.0,6.25,0.0,50.88,0.083333333,1.0,0.0,0.0,72,0,False,False,False,False,True,False,False,False,True,False,False
23.0,78.26086957,21.73913043,31.0,0.0,1.0,0.0,0.0,0,0,False,True,False,False,False,False,False,True,False,False,False
19.0,63.15789474,5.263157895,40.02,0.0,1.0,1.0,0.0,0,0,False,False,False,False,False,False,True,False,True,False,False
41.0,63.41463415,12.19512195,59.86,0.0169902912621359,1.0,0.0,0.0,412,0,False,False,False,False,True,False,False,False,False,False,True
36.0,5.555555556,2.777777778,40.02,0.0,1.0,0.0,0.0,0,-1,True,False,False,False,False,False,False,False,True,False,False
40.0,37.5,10.0,89.78,0.0,0.0,0.0,0.0,0,-299,False,False,False,False,False,False,True,False,False,False,True
15.0,100.0,53.33333333,35.02,0.0,1.0,0.0,0.0,0,0,False,True,False,False,False,False,False,False,False,True,False
0.0,0.0,0.0,148.51,0.0,0.0,0.0,0.0,0,0,False,False,False,False,False,False,True,False,False,True,False
0.0,0.0,0.0,134.63,0.0,0.0,0.0,0.0,0,-16,True,False,False,False,False,False,False,False,True,False,False
47.0,0.0,0.0,88.07,0.0460829493087558,0.0,0.0,0.0,217,-9,True,False,False,False,False,False,False,False,True,False,False
1.0,100.0,0.0,43.66,0.0,0.0,0.0,0.0,0,-29,True,False,False,False,False,False,False,False,False,True,False
31.0,29.03225806,3.225806452,97.15,0.0,1.0,0.0,0.0,0,-5,False,False,False,False,False,False,True,False,False,False,True
32.0,15.625,6.25,40.0,0.0,1.0,0.0,0.0,0,-28,False,False,False,False,True,False,False,False,False,False,True
36.0,16.66666667,5.555555556,43.98,0.0,1.0,0.0,0.0,0,-19,False,True,False,False,False,False,False,False,False,False,True
24.0,79.16666667,16.66666667,53.33,0.086956522,1.0,0.0,0.0,46,0,False,False,False,False,False,True,False,True,False,False,False
16.0,0.0,0.0,161.4,0.0,0.0,0.0,0.0,0,-274,True,False,False,False,False,False,False,False,True,False,False
34.0,2.941176471,0.0,40.0,0.0,1.0,0.0,0.0,0,0,False,False,False,False,False,True,False,False,False,False,True
30.0,93.33333333,33.33333333,40.02,0.0,1.0,0.0,0.0,0,0,True,False,False,False,False,False,False,False,True,False,False
53.0,15.09433962,11.32075472,60.64,0.044444444,1.0,0.0,0.0,180,-23,False,True,False,False,False,False,False,False,False,True,False
45.0,4.444444444,0.0,50.23,0.0,0.0,0.0,0.0,0,0,False,True,False,False,False,False,False,False,False,True,False
45.0,0.0,0.0,55.61,0.0,1.0,0.0,0.0,0,-17,True,False,False,False,False,False,False,False,True,False,False
45.0,13.33333333,2.222222222,77.31,0.023746702,0.0,0.0,0.0,379,0,False,False,False,False,False,False,True,False,False,True,False
46.0,2.173913043,0.0,39.55,0.019184652,0.0,0.0,0.0,417,-258,False,True,False,False,False,False,False,False,True,False,False
26.0,11.53846154,7.692307692,118.57,0.0,1.0,0.0,0.0,0,-1,False,False,False,False,False,False,True,False,False,False,True
16.0,0.0,0.0,81.99,0.0,0.0,0.0,0.0,0,-599,False,False,False,False,False,False,True,False,False,True,False
0.0,0.0,0.0,81.75,0.0137254901960784,1.0,0.0,0.0,510,0,False,False,False,False,False,False,True,False,True,False,False
41.0,65.85365854,17.07317073,75.65,0.047585227,0.0,0.0,0.0,1408,-223,False,True,False,False,False,False,False,False,False,True,False
48.0,22.91666667,0.0,66.65,0.132075472,1.0,0.0,0.0,159,-4,False,False,True,False,False,False,False,False,False,False,True
19.0,73.68421053,15.78947368,50.5,0.0,1.0,0.0,0.0,0,-19,False,False,False,False,True,False,False,False,False,True,False
8.0,87.5,25.0,40.43,0.0,1.0,0.0,1.0,0,-3,False,False,False,False,False,False,True,False,False,False,True
13.0,76.92307692,7.692307692,61.48,0.375,1.0,0.0,0.0,8,-27,True,False,False,False,False,False,False,False,True,False,False
31.0,0.0,0.0,52.91,0.0,1.0,0.0,0.0,0,-1,True,False,False,False,False,False,False,False,True,False,False
45.0,2.222222222,2.222222222,63.77,0.003363229,0.0,0.0,0.0,892,0,False,False,False,False,False,True,False,False,True,False,False
37.0,27.02702703,5.405405405,99.69,0.0,1.0,0.0,0.0,0,-22,False,False,False,False,True,False,False,False,False,False,True
23.0,91.30434783,17.39130435,29.0,0.0,1.0,0.0,0.0,0,0,False,False,False,False,False,True,False,False,False,False,True
1.0,100.0,100.0,70.9,0.0807453416149068,0.0,0.0,0.0,161,-17,False,False,False,False,False,True,False,False,False,False,True
0.0,0.0,0.0,64.0,0.0,0.0,0.0,0.0,0,-5,False,False,False,False,False,True,False,False,True,False,False
44.0,15.90909091,0.0,54.33,0.285714286,0.0,0.0,0.0,7,-13,False,True,False,False,False,False,False,False,False,True,False
32.0,3.125,3.125,17.97,0.0,1.0,0.0,0.0,0,0,False,False,True,False,False,False,False,False,False,False,True
33.0,33.33333333,6.060606061,116.62,0.055555556,1.0,0.0,0.0,36,-6,False,True,False,False,False,False,False,False,False,False,True
1.0,100.0,0.0,40.02,0.0,0.0,0.0,0.0,0,0,False,False,False,False,False,False,True,False,True,False,False
0.0,0.0,0.0,68.6,0.024875622,0.0,0.0,0.0,201,-3,False,False,False,False,True,False,False,False,False,True,False
0.0,0.0,0.0,50.47,0.0,0.0,0.0,0.0,0,-1,False,True,False,False,False,False,False,False,False,True,False
49.0,4.081632653,2.040816327,81.08,0.011755486,0.0,0.0,0.0,1276,-18,False,True,False,False,False,False,False,False,False,True,False
18.0,94.44444444,16.66666667,35.0,0.0,1.0,0.0,0.0,0,0,False,False,False,False,False,True,False,False,False,False,True
27.0,51.85185185,3.703703704,35.0,0.0,1.0,0.0,0.0,0,0,False,False,False,False,False,True,False,False,False,False,True
42.0,9.523809524,2.380952381,82.24,0.136363636,0.0,0.0,0.0,22,-9,False,True,False,False,False,False,False,False,False,True,False
42.0,21.42857143,9.523809524,53.7,0.015873016,1.0,0.0,0.0,378,-124,False,True,False,False,False,False,False,False,True,False,False
30.0,23.33333333,6.666666667,61.59,0.0,1.0,0.0,0.0,0,0,False,True,False,False,False,False,False,False,False,False,True
34.0,32.35294118,8.823529412,52.34,0.069767442,1.0,0.0,0.0,43,0,False,False,False,False,False,False,True,False,False,False,True
48.0,6.25,0.0,100.2,0.0110132158590308,1.0,0.0,0.0,908,-6,False,True,False,False,False,False,False,False,False,True,False
44.0,6.818181818,4.545454545,35.38,0.0,1.0,0.0,0.0,0,-299,False,False,False,False,False,True,False,False,True,False,False
37.0,0.0,0.0,40.02,0.0,1.0,1.0,0.0,0,-1,False,False,False,False,False,True,False,False,False,True,False
44.0,29.54545455,0.0,115.71,0.0,0.0,0.0,0.0,0,0,False,False,False,False,False,False,True,False,True,False,False
21.0,4.761904762,0.0,70.29,0.0,1.0,0.0,0.0,0,0,False,False,False,False,True,False,False,False,False,True,False
42.0,14.28571429,2.380952381,99.01,0.214285714,1.0,0.0,0.0,14,0,False,True,False,False,False,False,False,False,True,False,False
24.0,62.5,0.0,34.15,0.090909091,1.0,0.0,0.0,22,0,False,False,False,False,False,False,True,False,False,False,True
18.0,0.0,0.0,157.46,0.091836735,1.0,0.0,0.0,98,-10,True,False,False,False,False,False,False,False,True,False,False
45.0,4.444444444,0.0,88.81,0.0,1.0,0.0,0.0,0,-4,False,False,False,False,False,False,True,False,False,False,True
32.0,3.125,0.0,83.59,0.0,1.0,1.0,0.0,0,-5,False,False,False,False,True,False,False,False,False,True,False
0.0,0.0,0.0,61.38,0.044176707,1.0,0.0,0.0,747,-5,False,True,False,False,False,False,False,False,False,True,False
0.0,0.0,0.0,51.08,0.0,0.0,0.0,0.0,0,0,False,False,False,False,False,True,False,False,False,True,False
24.0,8.333333333,4.166666667,35.02,0.0,1.0,0.0,0.0,0,0,False,True,False,False,False,False,False,False,False,False,True
35.0,11.42857143,2.857142857,40.02,0.0,1.0,0.0,0.0,0,-2,True,False,False,False,False,False,False,False,False,True,False
0.0,0.0,0.0,122.7,0.0,0.0,0.0,0.0,0,-38,False,False,False,True,False,False,False,False,False,False,True
31.0,22.58064516,0.0,40.02,0.0,1.0,1.0,0.0,0,0,False,True,False,False,False,False,False,False,True,False,False
42.0,35.71428571,11.9047619,51.67,0.030612245,0.0,0.0,0.0,98,-26,False,False,False,False,False,True,False,False,False,False,True
48.0,0.0,0.0,47.64,0.035830619,0.0,0.0,0.0,307,-473,True,False,False,False,False,False,False,False,True,False,False
10.0,20.0,0.0,39.03,0.054545455,0.0,0.0,0.0,55,0,False,False,False,False,False,True,False,False,False,True,False
44.0,6.818181818,4.545454545,52.31,0.0,0.0,0.0,0.0,0,-2,True,False,False,False,False,False,False,False,True,False,False
20.0,60.0,15.0,29.79,0.0,1.0,0.0,0.0,0,-46,False,True,False,False,False,False,False,True,False,False,False
35.0,11.42857143,2.857142857,53.04,0.0,1.0,0.0,0.0,0,-5,False,False,False,False,False,False,True,False,True,False,False
8.0,37.5,0.0,50.56,0.022478386,0.0,0.0,0.0,1735,-246,False,True,False,False,False,False,False,False,False,True,False
22.0,86.36363636,9.090909091,40.2,0.0,1.0,0.0,0.0,0,0,False,False,False,False,False,False,True,False,False,True,False
43.0,11.62790698,4.651162791,31.26,0.0,0.0,0.0,0.0,0,-4,True,False,False,False,False,False,False,False,True,False,False
16.0,0.0,0.0,55.41,0.0,0.0,0.0,0.0,0,-41,False,False,False,False,True,False,False,False,True,False,False
16.0,0.0,0.0,76.37,0.0,0.0,0.0,0.0,0,-69,True,False,False,False,False,False,False,False,False,True,False
43.0,2.325581395,2.325581395,29.82,0.0,1.0,0.0,0.0,0,-16,False,True,False,False,False,False,False,False,False,False,True
41.0,9.756097561,0.0,40.02,0.0,1.0,0.0,0.0,0,-1,False,False,False,False,True,False,False,False,True,False,False
36.0,19.44444444,13.88888889,52.15,0.0,1.0,0.0,0.0,0,-11,False,False,False,False,True,False,False,False,False,False,True
36.0,8.333333333,0.0,25.0,0.0,1.0,0.0,0.0,0,0,False,True,False,False,False,False,False,False,False,False,True
42.0,9.523809524,0.0,40.02,0.0,1.0,0.0,0.0,0,0,False,False,False,False,True,False,False,False,True,False,False
38.0,34.21052632,2.631578947,174.24,0.076086957,1.0,0.0,0.0,92,0,False,False,False,False,False,True,False,False,True,False,False
6.0,33.33333333,0.0,80.25,0.0,1.0,0.0,0.0,0,0,False,False,False,False,False,True,False,False,True,False,False
22.0,100.0,4.545454545,25.62,0.0,1.0,0.0,0.0,0,-8,False,False,False,False,False,True,False,False,True,False,False
44.0,0.0,0.0,62.96,0.048780488,1.0,1.0,0.0,41,-13,False,True,False,False,False,False,False,False,False,True,False
34.0,91.17647059,20.58823529,132.8,0.02247191,1.0,0.0,1.0,89,-9,False,False,False,False,False,False,True,False,False,False,True
45.0,0.0,0.0,128.55,0.0,0.0,0.0,0.0,0,-27,False,False,False,False,False,False,True,False,True,False,False
36.0,5.555555556,0.0,46.63,0.0,1.0,0.0,0.0,0,-4,False,False,False,False,False,True,False,False,False,True,False
33.0,12.12121212,3.03030303,39.95,0.0,1.0,0.0,0.0,0,0,True,False,False,False,False,False,False,False,False,False,True
0.0,0.0,0.0,86.3,0.039039039,0.0,0.0,0.0,333,-252,True,False,False,False,False,False,False,False,False,True,False
30.0,3.333333333,0.0,40.02,0.0,1.0,0.0,0.0,0,0,False,True,False,False,False,False,False,False,True,False,False
44.0,9.090909091,0.0,51.54,0.0,0.0,0.0,0.0,0,0,True,False,False,False,False,False,False,False,True,False,False
3.0,0.0,0.0,104.13,0.0,1.0,0.0,0.0,0,0,False,False,False,False,False,False,True,False,False,True,False
46.0,21.73913043,2.173913043,82.83,0.0,1.0,0.0,0.0,0,-88,False,True,False,False,False,False,False,False,True,False,False
0.0,0.0,0.0,186.96,0.0,0.0,0.0,0.0,0,0,True,False,False,False,False,False,False,False,False,True,False
43.0,0.0,0.0,54.24,0.0,1.0,0.0,0.0,0,-10,False,True,False,False,False,False,False,False,False,False,True
40.0,17.5,7.5,39.27,0.0645161290322581,1.0,0.0,0.0,31,-12,False,False,True,False,False,False,False,True,False,False,False
37.0,5.405405405,2.702702703,75.15,0.08988764,0.0,0.0,0.0,356,12,False,False,False,True,False,False,False,False,False,False,True
16.0,0.0,0.0,52.54,0.0,0.0,0.0,0.0,0,0,False,False,False,False,False,True,False,False,True,False,False
26.0,30.76923077,3.846153846,31.0,0.0,1.0,0.0,0.0,0,0,False,False,False,False,False,True,False,False,False,False,True
2.0,0.0,0.0,63.99,0.166666667,1.0,0.0,0.0,12,0,False,False,False,False,True,False,False,True,False,False,False
31.0,100.0,32.25806452,60.75,0.051020408,1.0,0.0,0.0,98,0,False,False,False,False,True,False,False,True,False,False,False
6.0,33.33333333,0.0,40.02,0.0,1.0,0.0,0.0,0,0,False,False,False,False,False,True,False,False,False,True,False
23.0,91.30434783,0.0,50.33,0.0,1.0,0.0,0.0,0,-28,False,True,False,False,False,False,False,False,False,False,True
40.0,40.0,0.0,62.09,0.111111111,1.0,0.0,0.0,18,-3,False,True,False,False,False,False,False,False,False,False,True
0.0,0.0,0.0,83.33,0.096774194,0.0,0.0,0.0,31,-1,False,False,False,False,True,False,False,False,False,True,False
36.0,19.44444444,5.555555556,38.18,0.0,1.0,0.0,0.0,0,-34,False,True,False,False,False,False,False,False,False,False,True
16.0,0.0,0.0,23.7,0.0,0.0,0.0,0.0,0,-2,False,False,False,False,True,False,False,False,False,True,False
32.0,40.625,12.5,51.85,0.0,1.0,0.0,0.0,0,0,False,False,False,False,False,True,False,True,False,False,False
43.0,25.58139535,4.651162791,96.22,0.025510204,1.0,0.0,0.0,196,-588,False,True,False,False,False,False,False,False,False,True,False
38.0,65.78947368,2.631578947,90.13,0.0260631001371742,0.0,0.0,0.0,729,0,False,True,False,False,False,False,False,False,False,True,False
36.0,8.333333333,2.777777778,35.12,0.375,1.0,0.0,0.0,8,-400,True,False,False,False,False,False,False,False,False,False,True
34.0,14.70588235,14.70588235,66.62,0.0,1.0,1.0,0.0,0,-12,False,False,False,False,False,True,False,False,False,True,False
31.0,35.48387097,0.0,319.45,0.0124223602484472,1.0,0.0,1.0,322,-44,False,False,False,False,False,False,True,False,False,False,True
56.0,39.28571429,3.571428571,80.6,0.0,1.0,0.0,0.0,0,-83,True,False,False,False,False,False,False,False,False,False,True
31.0,67.74193548,25.80645161,37.91,0.191176471,1.0,0.0,1.0,68,-4,False,False,False,False,False,True,False,False,True,False,False
17.0,58.82352941,23.52941176,130.29,0.0689655172413793,0.0,0.0,0.0,29,-2,False,True,False,False,False,False,False,False,True,False,False
29.0,17.24137931,6.896551724,1.0,0.0,1.0,0.0,0.0,0,0,False,False,True,False,False,False,False,False,False,False,True
46.0,8.695652174,2.173913043,71.18,0.0,1.0,0.0,0.0,0,-31,False,False,False,False,False,True,False,False,True,False,False
51.0,21.56862745,7.843137255,40.18,0.039634146,0.0,0.0,0.0,328,-26,False,False,False,False,False,True,False,False,True,False,False
45.0,60.0,2.222222222,36.01,0.031914894,0.0,0.0,0.0,188,-22,True,False,False,False,False,False,False,False,True,False,False
20.0,25.0,0.0,40.02,0.0,1.0,0.0,0.0,0,0,False,False,False,False,False,False,True,False,False,True,False
41.0,14.63414634,2.43902439,38.85,0.12,1.0,0.0,0.0,50,-23,False,False,False,False,False,False,True,False,False,False,True
39.0,7.692307692,5.128205128,30.0,0.0,1.0,0.0,0.0,0,-33,False,False,False,False,True,False,False,False,False,False,True
29.0,86.20689655,0.0,51.19,0.0,1.0,0.0,0.0,0,-33,True,False,False,False,False,False,False,False,True,False,False
33.0,72.72727273,3.03030303,71.83,0.022727273,0.0,0.0,0.0,132,0,True,False,False,False,False,False,False,False,False,True,False
46.0,4.347826087,0.0,53.07,0.130434783,1.0,0.0,0.0,23,0,False,False,False,False,True,False,False,False,True,False,False
32.0,34.375,6.25,56.55,0.131578947,1.0,0.0,1.0,152,0,True,False,False,False,False,False,False,False,True,False,False
43.0,25.58139535,2.325581395,63.04,0.0,1.0,0.0,0.0,0,-31,False,False,False,False,False,True,False,False,False,True,False
0.0,0.0,0.0,20.55,0.0,0.0,0.0,0.0,0,-138,False,False,False,False,True,False,False,False,False,True,False
6.0,66.66666667,50.0,35.0,0.0,1.0,0.0,0.0,0,0,True,False,False,False,False,False,False,False,False,False,True
14.0,50.0,42.85714286,61.77,0.0,1.0,1.0,0.0,0,0,False,False,False,False,True,False,False,False,False,True,False
36.0,44.44444444,2.777777778,52.34,0.0,1.0,0.0,0.0,0,-155,False,True,False,False,False,False,False,False,True,False,False
6.0,83.33333333,0.0,44.42,0.105263158,0.0,0.0,0.0,19,0,True,False,False,False,False,False,False,False,True,False,False
0.0,0.0,0.0,55.06,0.014285714,0.0,0.0,0.0,140,-39,False,False,False,False,True,False,False,False,True,False,False
39.0,7.692307692,0.0,40.02,0.0,1.0,1.0,0.0,0,-21,True,False,False,False,False,False,False,False,True,False,False
0.0,0.0,0.0,46.44,0.052631579,1.0,0.0,0.0,76,-2,False,False,False,False,True,False,False,False,False,False,True
33.0,6.060606061,0.0,40.02,0.0,1.0,0.0,0.0,0,0,False,False,False,False,False,True,False,False,True,False,False
46.0,2.173913043,0.0,38.46,0.0,1.0,0.0,0.0,0,-1,False,False,False,False,False,True,False,False,False,False,True
44.0,2.272727273,2.272727273,49.18,0.0,0.0,0.0,0.0,0,0,False,False,False,False,False,True,False,False,False,True,False
0.0,0.0,0.0,156.21,0.0,0.0,0.0,0.0,0,0,False,False,False,False,False,False,True,False,True,False,False
22.0,95.45454545,18.18181818,31.0,0.0,1.0,0.0,0.0,0,0,False,True,False,False,False,False,False,False,False,False,True
37.0,72.97297297,10.81081081,49.49,0.0,0.0,0.0,0.0,0,-39,True,False,False,False,False,False,False,False,True,False,False
6.0,16.66666667,0.0,40.02,0.0,1.0,0.0,0.0,0,0,False,False,False,False,True,False,False,False,True,False,False
43.0,6.976744186,4.651162791,50.56,0.021505376344086,0.0,0.0,0.0,93,-254,True,False,False,False,False,False,False,False,True,False,False
44.0,2.272727273,0.0,52.24,0.0,0.0,0.0,0.0,0,-1,False,False,False,False,False,True,False,False,False,True,False
31.0,0.0,0.0,40.02,0.0,1.0,0.0,0.0,0,0,False,True,False,False,False,False,False,False,False,True,False
0.0,0.0,0.0,40.54,0.050955414,0.0,0.0,0.0,314,-3,False,False,False,True,False,False,False,False,False,False,True
0.0,0.0,0.0,67.79,0.0081466395112016,0.0,0.0,0.0,491,-10,False,True,False,False,False,False,False,False,True,False,False
28.0,28.57142857,17.85714286,29.24,0.285714286,1.0,0.0,0.0,7,-2,False,True,False,False,False,False,False,False,True,False,False
30.0,23.33333333,0.0,83.87,0.133333333,1.0,0.0,0.0,15,0,False,False,False,False,True,False,False,False,False,True,False
2.0,0.0,0.0,40.25,0.0,1.0,0.0,0.0,0,-1,True,False,False,False,False,False,False,False,True,False,False
25.0,28.0,0.0,43.88,0.0,1.0,0.0,0.0,0,0,False,False,False,False,False,False,True,False,False,True,False
7.0,0.0,0.0,40.02,0.0,1.0,0.0,0.0,0,0,True,False,False,False,False,False,False,False,True,False,False
13.0,61.53846154,7.692307692,1.0,0.0,1.0,0.0,0.0,0,0,True,False,False,False,False,False,False,False,False,False,True
37.0,54.05405405,0.0,77.13,0.0,0.0,0.0,0.0,0,0,False,True,False,False,False,False,False,False,True,False,False
36.0,8.333333333,0.0,36.9,0.075,1.0,0.0,0.0,40,-22,False,False,False,False,False,False,True,False,True,False,False
35.0,2.857142857,2.857142857,59.68,0.272727273,1.0,0.0,1.0,11,-5,False,False,False,False,False,True,False,True,False,False,False
35.0,8.571428571,5.714285714,40.0,0.0,1.0,0.0,0.0,0,0,False,False,False,False,True,False,False,True,False,False,False
35.0,5.714285714,2.857142857,45.37,0.0,1.0,0.0,0.0,0,0,False,True,False,False,False,False,False,False,True,False,False
0.0,0.0,0.0,70.25,0.0285714285714286,0.0,0.0,0.0,70,-90,False,False,False,False,True,False,False,False,True,False,False
46.0,13.04347826,0.0,39.25,0.0,0.0,0.0,0.0,0,-138,False,False,True,False,False,False,False,True,False,False,False
42.0,21.42857143,9.523809524,105.11,0.0495049504950495,1.0,0.0,0.0,101,-21,False,True,False,False,False,False,False,False,True,False,False
0.0,0.0,0.0,52.27,0.0,0.0,0.0,0.0,0,0,False,False,False,False,False,True,False,False,True,False,False
45.0,0.0,0.0,44.99,0.0,0.0,0.0,0.0,0,-1,False,False,False,False,False,True,False,False,False,True,False
45.0,8.888888889,4.444444444,53.18,0.0,1.0,0.0,0.0,0,-32,False,False,False,False,False,True,False,False,False,False,True
36.0,0.0,0.0,40.02,0.0,1.0,0.0,0.0,0,0,False,False,False,False,False,True,False,False,True,False,False
44.0,13.63636364,4.545454545,90.48,0.0,1.0,0.0,0.0,0,1,False,False,False,False,True,False,False,False,True,False,False
47.0,0.0,0.0,49.13,0.0569105691056911,0.0,0.0,0.0,123,-31,False,False,False,False,False,True,False,False,False,False,True
28.0,39.28571429,10.71428571,36.1,0.0,1.0,0.0,0.0,0,-1,False,False,False,False,False,True,False,False,False,True,False
3.0,100.0,0.0,40.02,0.0,1.0,0.0,0.0,0,0,False,False,False,False,False,False,True,False,False,True,False
29.0,3.448275862,0.0,89.3,0.0,1.0,0.0,0.0,0,-82,False,False,False,False,True,False,False,False,False,True,False
45.0,8.888888889,4.444444444,40.0,0.0,1.0,0.0,0.0,0,0,False,False,False,False,True,False,False,False,False,False,True
20.0,65.0,20.0,125.05,0.222222222,1.0,0.0,0.0,9,0,False,True,False,False,False,False,False,False,False,False,True
26.0,7.692307692,3.846153846,31.0,0.0,1.0,0.0,0.0,0,0,True,False,False,False,False,False,False,False,False,False,True
35.0,31.42857143,2.857142857,74.33,0.0,1.0,0.0,0.0,0,-42,True,False,False,False,False,False,False,False,False,False,True
18.0,88.88888889,5.555555556,18.0,0.222222222,1.0,0.0,0.0,9,0,False,True,False,False,False,False,False,False,False,False,True
13.0,15.38461538,0.0,77.68,0.0,1.0,0.0,0.0,0,0,False,True,False,False,False,False,False,False,False,False,True
8.0,37.5,12.5,41.39,0.142857143,1.0,0.0,0.0,14,-12,False,False,False,False,False,False,True,False,False,True,False
44.0,2.272727273,2.272727273,141.33,0.0054446460980036,1.0,0.0,0.0,551,-10,False,False,False,False,True,False,False,False,True,False,False
36.0,2.777777778,0.0,53.54,0.0,1.0,0.0,0.0,0,0,True,False,False,False,False,False,False,False,True,False,False
34.0,5.882352941,5.882352941,29.62,0.0,1.0,0.0,0.0,0,-1,False,False,False,False,True,False,False,False,False,False,True
27.0,62.96296296,0.0,72.78,0.19047619,0.0,0.0,0.0,21,-426,False,False,False,False,False,False,True,False,False,True,False
29.0,100.0,0.0,50.35,0.015384615,1.0,0.0,0.0,195,-161,False,False,False,False,False,True,False,False,False,True,False
45.0,17.77777778,2.222222222,101.98,0.0,1.0,0.0,0.0,0,-5,False,False,False,False,True,False,False,True,False,False,False
45.0,0.0,0.0,48.89,0.0,0.0,0.0,0.0,0,-16,False,True,False,False,False,False,False,False,False,True,False
15.0,26.66666667,0.0,40.02,0.0,1.0,0.0,0.0,0,0,True,False,False,False,False,False,False,False,True,False,False
40.0,15.0,0.0,25.0,0.0,1.0,0.0,1.0,0,-340,False,False,False,False,False,True,False,False,False,False,True
45.0,8.888888889,0.0,55.08,0.0,0.0,0.0,0.0,0,0,False,True,False,False,False,False,False,False,False,True,False
0.0,0.0,0.0,51.47,0.0,0.0,0.0,0.0,0,-3,False,False,False,False,False,True,False,False,False,True,False
46.0,6.52173913,4.347826087,40.02,0.0,1.0,0.0,0.0,0,0,False,False,False,False,False,False,True,False,False,False,True
25.0,32.0,12.0,56.29,0.0,1.0,0.0,0.0,0,0,False,False,False,False,False,False,True,False,False,False,True
35.0,2.857142857,2.857142857,57.1,0.0,0.0,0.0,0.0,0,-1,False,False,False,False,False,True,False,False,True,False,False
20.0,15.0,0.0,40.02,0.0,1.0,0.0,0.0,0,0,False,True,False,False,False,False,False,False,True,False,False
39.0,2.564102564,2.564102564,34.97,0.034482759,1.0,1.0,0.0,58,0,False,True,False,False,False,False,False,False,True,False,False
33.0,0.0,0.0,40.02,0.0,1.0,0.0,0.0,0,-11,False,False,False,False,True,False,False,False,True,False,False
0.0,0.0,0.0,109.25,0.0,0.0,0.0,0.0,0,-100,False,True,False,False,False,False,False,False,False,True,False
33.0,42.42424242,9.090909091,50.44,0.0301318267419962,1.0,0.0,0.0,531,33,False,False,False,True,False,False,False,False,False,False,True
40.0,2.5,0.0,40.02,0.0,1.0,0.0,0.0,0,0,False,False,False,False,False,True,False,False,True,False,False
0.0,0.0,0.0,16.87,0.0,0.0,0.0,0.0,0,-181,False,False,False,False,True,False,False,False,False,True,False
44.0,11.36363636,2.272727273,20.73,0.020746887966805,1.0,0.0,0.0,241,-97,False,True,False,False,False,False,False,False,False,True,False
45.0,2.222222222,2.222222222,28.95,0.0909090909090909,0.0,0.0,0.0,33,-1,False,True,False,False,False,False,False,False,True,False,False
44.0,4.545454545,0.0,68.36,0.0,1.0,1.0,0.0,0,-1,False,True,False,False,False,False,False,False,True,False,False
0.0,0.0,0.0,51.18,0.035294118,0.0,0.0,0.0,85,-13,False,False,False,False,False,False,True,False,True,False,False
47.0,2.127659574,0.0,85.75,0.074626866,0.0,0.0,0.0,134,-3,False,False,False,False,False,True,False,False,False,True,False
45.0,0.0,0.0,49.56,0.0,0.0,0.0,0.0,0,-97,False,False,False,False,False,False,True,False,False,True,False
28.0,35.71428571,0.0,40.0,0.0,1.0,0.0,0.0,0,0,False,True,False,False,False,False,False,False,False,False,True
0.0,0.0,0.0,51.64,0.0,0.0,0.0,0.0,0,0,False,True,False,False,False,False,False,False,True,False,False
16.0,0.0,0.0,52.04,0.0,0.0,0.0,0.0,0,0,True,False,False,False,False,False,False,False,True,False,False
4.0,0.0,0.0,40.02,0.0,1.0,0.0,0.0,0,0,False,False,False,False,False,False,True,False,True,False,False
37.0,8.108108108,2.702702703,54.35,0.0,0.0,0.0,0.0,0,-783,False,True,False,False,False,False,False,False,True,False,False
33.0,57.57575758,6.060606061,91.6,0.0,1.0,0.0,0.0,0,-30,False,False,False,False,False,True,False,True,False,False,False
21.0,19.04761905,14.28571429,31.02,0.0,1.0,0.0,0.0,0,0,False,False,True,False,False,False,False,False,False,False,True
3.0,0.0,0.0,40.02,0.0,1.0,0.0,0.0,0,0,True,False,False,False,False,False,False,False,True,False,False
16.0,0.0,0.0,50.37,0.0,0.0,0.0,0.0,0,-17,True,False,False,False,False,False,False,False,True,False,False
55.0,41.81818182,9.090909091,69.36,0.01543943,0.0,0.0,0.0,842,0,True,False,False,False,False,False,False,False,True,False,False
33.0,96.96969697,36.36363636,60.37,0.049414824,0.0,0.0,0.0,769,0,False,False,False,False,True,False,False,False,False,True,False
24.0,16.66666667,12.5,35.0,0.0,1.0,0.0,0.0,0,0,False,True,False,False,False,False,False,False,False,False,True
16.0,0.0,0.0,82.27,0.0,0.0,0.0,0.0,0,-79,False,False,False,False,False,True,False,False,True,False,False
18.0,0.0,0.0,40.58,0.016611296,0.0,0.0,0.0,301,0,True,False,False,False,False,False,False,False,True,False,False
40.0,5.0,5.0,121.92,0.0122448979591837,0.0,0.0,0.0,245,-120,False,False,False,True,False,False,False,True,False,False,False
38.0,13.15789474,5.263157895,65.39,0.2,1.0,0.0,0.0,10,0,False,True,False,False,False,False,False,False,True,False,False
45.0,0.0,0.0,227.37,0.0,0.0,0.0,0.0,0,0,False,False,False,False,False,True,False,False,True,False,False
2.0,100.0,50.0,31.02,0.0,0.0,0.0,0.0,0,-773,False,True,False,False,False,False,False,False,False,True,False
42.0,54.76190476,19.04761905,58.6,0.0714285714285714,1.0,0.0,0.0,98,-14,True,False,False,False,False,False,False,False,False,False,True
0.0,0.0,0.0,106.93,0.071428571,0.0,0.0,0.0,28,-532,False,True,False,False,False,False,False,False,False,True,False
45.0,17.77777778,4.444444444,45.55,0.009345794,0.0,0.0,0.0,428,-287,False,False,False,False,False,True,False,False,False,True,False
30.0,6.666666667,0.0,40.0,0.0,1.0,0.0,0.0,0,0,False,False,False,False,True,False,False,True,False,False,False
52.0,1.923076923,0.0,140.87,0.029250457,0.0,0.0,0.0,1094,-54,False,False,False,False,True,False,False,False,False,True,False
33.0,42.42424242,3.03030303,40.0,0.0,1.0,0.0,0.0,0,0,True,False,False,False,False,False,False,False,False,False,True
41.0,29.26829268,2.43902439,119.64,0.037956204379562,1.0,0.0,0.0,685,-54,False,False,False,False,False,True,False,False,False,True,False
8.0,75.0,37.5,52.03,0.5,1.0,1.0,0.0,4,0,False,False,True,False,False,False,False,False,False,False,True
50.0,2.0,0.0,33.68,0.023809524,0.0,0.0,0.0,126,-58,False,False,False,False,False,True,False,False,False,False,True
26.0,50.0,0.0,67.29,0.0,1.0,0.0,0.0,0,-10,False,False,False,False,True,False,False,False,True,False,False
29.0,6.896551724,3.448275862,73.51,0.0,1.0,0.0,0.0,0,-13,False,False,True,False,False,False,False,False,False,False,True
34.0,8.823529412,2.941176471,40.02,0.0,1.0,0.0,0.0,0,0,False,False,False,False,True,False,False,False,True,False,False
29.0,24.13793103,17.24137931,60.21,0.136363636,1.0,0.0,0.0,22,-19,False,False,False,False,False,True,False,False,False,False,True
43.0,6.976744186,0.0,60.03,0.002906977,0.0,0.0,0.0,688,-39,False,False,False,False,False,True,False,False,True,False,False
24.0,95.83333333,12.5,30.35,0.115384615,1.0,0.0,0.0,26,0,False,False,False,False,False,False,True,False,False,False,True
34.0,11.76470588,5.882352941,90.51,0.0,1.0,0.0,0.0,0,-14,False,False,False,False,False,True,False,True,False,False,False
30.0,10.0,0.0,109.19,0.0,1.0,0.0,0.0,0,-52,False,False,False,False,True,False,False,True,False,False,False
0.0,0.0,0.0,71.26,0.010183299389002,0.0,0.0,0.0,491,-62,False,False,False,False,False,True,False,False,False,True,False
19.0,21.05263158,10.52631579,40.02,0.0,1.0,0.0,0.0,0,0,False,True,False,False,False,False,False,False,True,False,False
38.0,7.894736842,5.263157895,93.23,0.0327868852459016,1.0,0.0,0.0,61,0,True,False,False,False,False,False,False,False,False,False,True
36.0,19.44444444,5.555555556,40.02,0.0,1.0,0.0,0.0,0,0,True,False,False,False,False,False,False,False,False,True,False
28.0,25.0,0.0,99.19,0.0344827586206897,1.0,0.0,1.0,58,0,False,True,False,False,False,False,False,False,False,False,True
0.0,0.0,0.0,85.1,0.0254237288135593,0.0,0.0,0.0,118,-63,False,True,False,False,False,False,False,False,False,True,False
0.0,0.0,0.0,17.25,0.130841121,1.0,0.0,0.0,107,-64,False,True,False,False,False,False,False,False,False,True,False
37.0,13.51351351,2.702702703,53.5,0.0454545454545455,1.0,0.0,0.0,44,-1,False,False,False,False,False,True,False,False,False,True,False
40.0,62.5,5.0,96.02,0.016806723,0.0,0.0,0.0,238,0,False,False,False,False,False,False,True,False,False,False,True
2.0,100.0,0.0,40.0,0.0,1.0,0.0,0.0,0,0,False,False,False,False,False,False,True,False,False,False,True
44.0,93.18181818,31.81818182,51.02,0.009416196,1.0,0.0,1.0,531,35,False,False,False,False,True,False,False,False,False,False,True
0.0,0.0,0.0,144.79,0.142857143,1.0,1.0,0.0,28,-802,False,True,False,False,False,False,False,False,True,False,False
17.0,0.0,0.0,72.49,0.0,0.0,0.0,0.0,0,-11,False,False,False,False,False,False,True,False,True,False,False
34.0,79.41176471,29.41176471,52.45,0.0,1.0,1.0,0.0,0,-53,False,False,False,False,True,False,False,False,False,True,False
32.0,15.625,3.125,94.86,0.0,1.0,0.0,0.0,0,-2,False,True,False,False,False,False,False,False,False,True,False
41.0,7.317073171,2.43902439,111.83,0.0,1.0,0.0,0.0,0,-23,False,False,False,False,False,True,False,False,False,False,True
43.0,4.651162791,2.325581395,85.31,0.0,1.0,0.0,0.0,0,-3,False,True,False,False,False,False,False,False,False,False,True
30.0,96.66666667,6.666666667,144.84,0.0,1.0,0.0,0.0,0,-10,False,False,False,False,False,False,True,False,False,False,True
43.0,51.1627907,4.651162791,105.61,0.0,0.0,0.0,0.0,0,0,False,True,False,False,False,False,False,False,False,True,False
29.0,6.896551724,0.0,40.0,0.0,1.0,0.0,0.0,0,0,False,False,False,False,False,True,False,False,False,False,True
45.0,22.22222222,2.222222222,40.02,0.0,1.0,0.0,0.0,0,-14,False,False,False,False,False,True,False,False,True,False,False
36.0,30.55555556,13.88888889,89.51,0.0,1.0,0.0,0.0,0,-34,True,False,False,False,False,False,False,False,True,False,False
67.0,29.85074627,5.970149254,59.97,0.0763500931098696,1.0,1.0,1.0,537,28,False,True,False,False,False,False,False,False,False,False,True
0.0,0.0,0.0,16.41,0.057803468,0.0,0.0,0.0,173,0,False,True,False,False,False,False,False,False,False,True,False
32.0,71.875,0.0,80.21,0.0,0.0,0.0,0.0,0,-356,False,True,False,False,False,False,False,False,False,True,False
41.0,7.317073171,0.0,35.13,0.064516129,1.0,0.0,0.0,31,0,False,True,False,False,False,False,False,False,False,True,False
41.0,95.12195122,0.0,78.22,0.03021978,1.0,0.0,0.0,1092,-77,False,False,False,False,False,True,False,False,False,True,False
51.0,41.17647059,7.843137255,102.22,0.067538126,0.0,0.0,0.0,459,0,False,True,False,False,False,False,False,False,False,True,False
30.0,6.666666667,3.333333333,1.02,0.0,1.0,0.0,0.0,0,0,True,False,False,False,False,False,False,False,False,False,True
15.0,40.0,13.33333333,55.34,0.0,1.0,0.0,0.0,0,0,False,False,False,False,True,False,False,False,False,False,True
44.0,11.36363636,2.272727273,53.96,0.040540541,1.0,0.0,0.0,222,-3,True,False,False,False,False,False,False,False,True,False,False
22.0,4.545454545,4.545454545,35.0,0.0,1.0,0.0,0.0,0,0,False,False,False,False,True,False,False,False,False,False,True
41.0,31.70731707,4.87804878,111.36,0.014084507,0.0,0.0,0.0,497,0,False,False,False,False,True,False,False,False,False,True,False
31.0,22.58064516,0.0,51.14,0.0,1.0,0.0,0.0,0,0,False,True,False,False,False,False,False,False,True,False,False
28.0,85.71428571,17.85714286,66.78,0.055555556,1.0,0.0,0.0,90,-1,False,True,False,False,False,False,False,False,True,False,False
45.0,0.0,0.0,113.59,0.022556391,0.0,0.0,0.0,133,-526,True,False,False,False,False,False,False,False,True,False,False
14.0,100.0,42.85714286,50.99,0.0,1.0,0.0,0.0,0,-48,True,False,False,False,False,False,False,False,False,False,True
36.0,11.11111111,2.777777778,50.45,0.142857143,1.0,0.0,0.0,21,-2,False,False,False,False,False,False,True,False,False,False,True
0.0,0.0,0.0,54.17,0.2,1.0,0.0,0.0,10,-65,True,False,False,False,False,False,False,False,False,True,False
25.0,64.0,8.0,50.34,0.0,1.0,0.0,0.0,0,-4,True,False,False,False,False,False,False,False,True,False,False
45.0,6.666666667,2.222222222,52.5,0.0,0.0,0.0,0.0,0,-12,True,False,False,False,False,False,False,False,True,False,False
46.0,4.347826087,2.173913043,40.25,0.0,1.0,0.0,0.0,0,-8,True,False,False,False,False,False,False,False,False,True,False
0.0,0.0,0.0,90.35,0.081081081,1.0,0.0,0.0,37,-7,False,False,False,True,False,False,False,False,False,False,True
23.0,26.08695652,0.0,40.0,0.0,0.0,0.0,0.0,0,-254,True,False,False,False,False,False,False,False,False,False,True
28.0,14.28571429,7.142857143,40.02,0.0,1.0,1.0,0.0,0,-61,False,True,False,False,False,False,False,False,True,False,False
13.0,92.30769231,0.0,40.02,0.0,1.0,1.0,0.0,0,0,False,False,False,False,False,True,False,False,True,False,False
46.0,19.56521739,10.86956522,108.31,0.036827195,0.0,0.0,0.0,1059,-393,False,True,False,False,False,False,False,False,False,True,False
28.0,7.142857143,3.571428571,40.02,0.0,1.0,0.0,0.0,0,0,True,False,False,False,False,False,False,False,False,True,False
42.0,23.80952381,11.9047619,69.0,0.0,1.0,0.0,0.0,0,-34,False,False,False,False,False,True,False,True,False,False,False
36.0,5.555555556,0.0,40.25,0.0,1.0,1.0,0.0,0,0,False,False,False,False,True,False,False,False,False,False,True
11.0,63.63636364,18.18181818,40.0,0.0,1.0,0.0,0.0,0,0,True,False,False,False,False,False,False,False,False,False,True
48.0,0.0,0.0,77.6,0.017518248,0.0,0.0,0.0,685,-1,False,True,False,False,False,False,False,False,True,False,False
16.0,0.0,0.0,54.14,0.0,0.0,0.0,0.0,0,0,False,False,False,False,False,False,True,False,True,False,False
33.0,9.090909091,6.060606061,40.0,0.0,1.0,0.0,1.0,0,0,False,True,False,False,False,False,False,False,False,False,True
19.0,89.47368421,36.84210526,27.87,0.285714286,1.0,0.0,0.0,7,0,False,False,False,False,False,False,True,False,False,False,True
38.0,18.42105263,5.263157895,59.33,0.0,1.0,0.0,0.0,0,-29,False,False,False,False,False,False,True,False,False,False,True
27.0,29.62962963,0.0,113.46,0.0,1.0,0.0,0.0,0,-6,False,False,False,False,False,False,True,False,True,False,False
36.0,0.0,0.0,48.94,0.0,0.0,0.0,0.0,0,19,False,False,False,True,False,False,False,True,False,False,False
50.0,14.0,8.0,81.87,0.0561797752808989,0.0,0.0,0.0,356,0,False,False,False,False,True,False,False,False,True,False,False
47.0,68.08510638,4.255319149,278.24,0.055818354,1.0,0.0,0.0,1057,-311,False,False,False,False,True,False,False,False,False,True,False
0.0,0.0,0.0,20.44,0.0,0.0,0.0,0.0,0,0,False,False,False,False,True,False,False,False,False,True,False
31.0,3.225806452,3.225806452,1.02,0.0,1.0,0.0,0.0,0,0,False,False,False,False,False,True,False,False,False,True,False
34.0,55.88235294,0.0,157.32,0.064516129,1.0,0.0,0.0,31,-4,False,False,False,False,False,True,False,False,True,False,False
44.0,68.18181818,11.36363636,47.14,0.072727273,1.0,1.0,0.0,275,-3,False,False,False,False,False,False,True,False,True,False,False
44.0,2.272727273,2.272727273,40.0,0.0,0.0,0.0,0.0,0,0,False,False,True,False,False,False,False,False,False,False,True
45.0,0.0,0.0,66.87,0.047619048,0.0,0.0,0.0,63,-3,False,True,False,False,False,False,False,False,False,True,False
56.0,37.5,10.71428571,66.48,0.0817073170731707,1.0,0.0,0.0,820,-35,True,False,False,False,False,False,False,False,True,False,False
45.0,0.0,0.0,55.74,0.0,0.0,0.0,0.0,0,0,True,False,False,False,False,False,False,False,False,True,False
46.0,23.91304348,4.347826087,164.05,0.022132797,0.0,0.0,0.0,497,-21,False,False,False,False,False,True,False,False,True,False,False
31.0,22.58064516,0.0,58.92,0.0,1.0,0.0,0.0,0,-10,False,False,False,False,False,True,False,False,True,False,False
27.0,44.44444444,7.407407407,159.26,0.0,1.0,0.0,0.0,0,-5,False,False,False,False,False,False,True,False,False,False,True
42.0,0.0,0.0,47.48,0.0,1.0,0.0,0.0,0,0,False,False,False,False,False,True,False,False,False,True,False
33.0,0.0,0.0,126.04,0.0,1.0,0.0,0.0,0,5028,False,False,False,False,False,False,True,False,False,False,True
24.0,12.5,0.0,35.02,0.0,1.0,0.0,0.0,0,0,False,True,False,False,False,False,False,False,False,True,False
13.0,0.0,0.0,48.58,0.0,1.0,1.0,1.0,0,0,False,False,False,False,False,True,False,False,True,False,False
45.0,6.666666667,2.222222222,276.9,0.044303797,1.0,0.0,0.0,1106,-97,False,False,False,False,False,False,True,False,False,True,False
20.0,90.0,5.0,36.95,0.0,1.0,0.0,0.0,0,0,False,False,False,False,True,False,False,True,False,False,False
0.0,0.0,0.0,61.33,0.0,0.0,0.0,0.0,0,0,False,True,False,False,False,False,False,False,True,False,False
47.0,4.255319149,2.127659574,64.13,0.023255814,0.0,0.0,0.0,129,-26,False,False,False,False,True,False,False,False,False,True,False
44.0,6.818181818,2.272727273,41.94,0.002832861,0.0,0.0,0.0,706,0,False,False,False,False,True,False,False,False,False,True,False
23.0,13.04347826,0.0,83.77,0.0,1.0,0.0,0.0,0,-21,False,True,False,False,False,False,False,False,False,False,True
38.0,2.631578947,2.631578947,70.88,0.081967213,0.0,0.0,0.0,61,39,False,False,False,True,False,False,False,False,False,False,True
40.0,22.5,0.0,51.78,0.285714286,1.0,0.0,0.0,7,-142,False,False,False,False,False,False,True,False,True,False,False
19.0,68.42105263,31.57894737,71.53,0.081632653,1.0,0.0,0.0,49,-7,False,False,False,False,True,False,False,True,False,False,False
2.0,100.0,50.0,73.01,0.016759777,1.0,0.0,0.0,358,0,True,False,False,False,False,False,False,False,False,False,True
0.0,0.0,0.0,6.44,0.0,0.0,0.0,0.0,0,0,True,False,False,False,False,False,False,False,False,True,False
1.0,100.0,0.0,40.0,0.0,1.0,0.0,0.0,0,0,False,False,False,False,False,True,False,False,False,False,True
30.0,40.0,3.333333333,89.69,0.0,1.0,0.0,0.0,0,0,False,False,False,False,False,False,True,False,False,True,False
0.0,0.0,0.0,49.77,0.014423077,1.0,0.0,0.0,208,-60,True,False,False,False,False,False,False,False,True,False,False
40.0,47.5,2.5,97.86,0.014218009478673,0.0,0.0,0.0,211,-199,False,False,False,False,False,False,True,False,False,True,False
0.0,0.0,0.0,102.07,0.0,0.0,0.0,0.0,0,-35,False,False,False,False,True,False,False,True,False,False,False
27.0,0.0,0.0,40.0,0.0,1.0,1.0,0.0,0,0,False,False,True,False,False,False,False,False,False,False,True
0.0,0.0,0.0,52.25,0.0,0.0,0.0,0.0,0,-3,False,False,False,False,True,False,False,False,False,True,False
44.0,13.63636364,2.272727273,81.3,0.0,0.0,0.0,0.0,0,0,False,False,False,False,False,True,False,False,False,True,False
27.0,14.81481481,7.407407407,83.26,0.0,1.0,0.0,0.0,0,-7,False,False,False,False,False,True,False,False,False,False,True
51.0,35.29411765,1.960784314,66.45,0.076200418,0.0,0.0,0.0,958,-243,False,False,False,False,False,True,False,False,True,False,False
27.0,51.85185185,22.22222222,91.24,0.0,1.0,0.0,0.0,0,-2,False,False,False,False,False,False,True,False,False,False,True
4.0,0.0,0.0,40.02,0.0,1.0,0.0,0.0,0,0,False,True,False,False,False,False,False,False,True,False,False
41.0,26.82926829,2.43902439,36.32,0.0033840947546531,0.0,0.0,0.0,591,0,False,False,False,False,False,True,False,False,False,True,False
45.0,2.222222222,0.0,96.45,0.0,1.0,0.0,0.0,0,-8,False,False,False,False,False,False,True,False,False,False,True
50.0,28.0,12.0,42.91,0.020594966,0.0,1.0,0.0,437,-2,False,True,False,False,False,False,False,False,False,False,True
0.0,0.0,0.0,143.68,0.036363636,1.0,0.0,0.0,55,-21,False,False,False,False,False,True,False,False,False,False,True
27.0,0.0,0.0,29.0,0.0,1.0,0.0,0.0,0,0,False,False,False,False,False,True,False,False,False,False,True
28.0,3.571428571,3.571428571,51.99,0.0,1.0,0.0,0.0,0,0,True,False,False,False,False,False,False,False,True,False,False
45.0,6.666666667,0.0,90.06,0.0,0.0,0.0,0.0,0,-1538,False,False,False,False,False,False,True,False,False,True,False
25.0,4.0,0.0,42.67,0.0,1.0,1.0,0.0,0,0,False,True,False,False,False,False,False,False,False,True,False
18.0,77.77777778,27.77777778,57.69,0.0,1.0,0.0,0.0,0,-79,False,False,False,False,True,False,False,False,True,False,False
46.0,8.695652174,2.173913043,62.34,0.018796992,1.0,0.0,0.0,532,-15,False,True,False,False,False,False,False,False,False,False,True
45.0,2.222222222,0.0,38.98,0.064516129,0.0,0.0,0.0,31,-1,False,False,False,False,False,False,True,False,False,True,False
1.0,100.0,0.0,39.87,0.029126214,0.0,0.0,0.0,103,-6,True,False,False,False,False,False,False,False,False,True,False
0.0,0.0,0.0,50.02,0.071090047,0.0,0.0,0.0,211,-7,False,True,False,False,False,False,False,False,False,True,False
0.0,0.0,0.0,60.81,0.0,1.0,0.0,0.0,0,-10,True,False,False,False,False,False,False,False,False,True,False
52.0,28.84615385,7.692307692,16.68,0.048314606741573,1.0,1.0,0.0,890,-2,False,False,False,False,False,True,False,False,True,False,False
43.0,41.86046512,6.976744186,73.8,0.080246914,1.0,0.0,1.0,162,-3,False,False,False,False,False,False,True,False,False,False,True
38.0,0.0,0.0,49.29,0.163636364,0.0,0.0,0.0,55,39,False,False,False,True,False,False,False,False,False,False,True
35.0,71.42857143,2.857142857,44.64,0.0,1.0,0.0,0.0,0,-130,False,True,False,False,False,False,False,False,True,False,False
25.0,32.0,4.0,40.02,0.0,1.0,0.0,0.0,0,0,False,False,False,False,True,False,False,False,False,False,True
16.0,0.0,0.0,52.65,0.0,0.0,0.0,0.0,0,0,True,False,False,False,False,False,False,False,True,False,False
2.0,100.0,50.0,67.61,0.0,1.0,0.0,0.0,0,-1,False,False,False,False,False,False,True,False,True,False,False
0.0,0.0,0.0,44.1,0.0,0.0,0.0,0.0,0,-1,False,False,False,True,False,False,False,True,False,False,False
45.0,0.0,0.0,102.74,0.0,0.0,0.0,0.0,0,-4,False,True,False,False,False,False,False,False,True,False,False
40.0,10.0,2.5,58.85,0.024793388,0.0,0.0,0.0,121,-188,True,False,False,False,False,False,False,False,True,False,False
53.0,5.660377358,1.886792453,65.63,0.016786571,0.0,0.0,0.0,417,-20,False,False,False,False,True,False,False,False,False,False,True
30.0,13.33333333,3.333333333,37.64,0.1875,1.0,0.0,0.0,16,0,False,True,False,False,False,False,False,False,True,False,False
36.0,91.66666667,27.77777778,55.64,0.011670314,0.0,0.0,0.0,1371,0,False,False,False,False,False,False,True,False,False,True,False
45.0,2.222222222,0.0,40.02,0.0,1.0,0.0,0.0,0,0,True,False,False,False,False,False,False,False,True,False,False
43.0,6.976744186,6.976744186,29.75,0.0,1.0,0.0,0.0,0,-34,False,False,False,False,False,True,False,False,False,False,True
27.0,7.407407407,3.703703704,48.4,0.125,1.0,0.0,0.0,16,0,False,False,False,False,False,False,True,False,False,False,True
42.0,14.28571429,2.380952381,19.95,0.0,0.0,0.0,0.0,0,0,True,False,False,False,False,False,False,False,True,False,False
40.0,15.0,7.5,40.02,0.0,1.0,0.0,0.0,0,0,False,False,False,False,False,False,True,False,True,False,False
0.0,0.0,0.0,41.47,0.0,0.0,0.0,0.0,0,-394,False,False,False,False,False,True,False,False,False,True,False
34.0,41.17647059,0.0,40.02,0.0,1.0,1.0,0.0,0,0,False,False,False,False,False,True,False,False,False,True,False
11.0,81.81818182,9.090909091,144.92,0.0,0.0,0.0,0.0,0,0,False,False,False,False,False,False,True,False,True,False,False
45.0,8.888888889,2.222222222,50.24,0.0,0.0,0.0,0.0,0,-170,False,False,False,False,True,False,False,False,True,False,False
30.0,33.33333333,13.33333333,60.36,0.0,1.0,0.0,0.0,0,-34,False,False,False,False,False,False,True,False,True,False,False
32.0,31.25,12.5,48.75,0.043478261,1.0,0.0,0.0,46,0,False,False,False,False,True,False,False,False,True,False,False
40.0,17.5,10.0,25.78,0.0,1.0,0.0,0.0,0,-36,False,False,False,False,False,True,False,False,False,False,True
46.0,0.0,0.0,50.6,1.0,1.0,0.0,0.0,2,0,True,False,False,False,False,False,False,False,True,False,False
35.0,0.0,0.0,44.08,0.0,1.0,1.0,0.0,0,-1,False,False,False,False,False,True,False,False,True,False,False
34.0,8.823529412,2.941176471,40.02,0.0,1.0,0.0,0.0,0,0,False,False,False,False,False,False,True,False,True,False,False
44.0,36.36363636,18.18181818,40.02,0.0,1.0,0.0,0.0,0,0,False,False,False,False,False,False,True,False,True,False,False
12.0,41.66666667,8.333333333,42.03,0.0,1.0,0.0,0.0,0,-2,False,False,False,False,True,False,False,False,False,False,True
35.0,88.57142857,20.0,74.76,0.0737704918032787,1.0,0.0,0.0,122,-6,False,True,False,False,False,False,False,True,False,False,False
8.0,25.0,0.0,85.56,0.0,1.0,0.0,0.0,0,0,False,False,True,False,False,False,False,False,False,False,True
9.0,77.77777778,0.0,35.02,0.0,1.0,0.0,0.0,0,0,False,True,False,False,False,False,False,False,False,True,False
27.0,33.33333333,18.51851852,55.35,0.0714285714285714,1.0,1.0,0.0,28,0,True,False,False,False,False,False,False,False,False,True,False
41.0,7.317073171,0.0,50.63,0.0,0.0,0.0,0.0,0,-5,True,False,False,False,False,False,False,False,True,False,False
15.0,93.33333333,0.0,80.0,0.0,1.0,0.0,0.0,0,0,False,False,False,False,False,True,False,False,False,False,True
47.0,4.255319149,4.255319149,62.49,0.0,1.0,0.0,0.0,0,-34,False,True,False,False,False,False,False,False,False,False,True
32.0,12.5,6.25,54.7,0.0,1.0,0.0,0.0,0,-2,False,True,False,False,False,False,False,True,False,False,False
45.0,6.666666667,2.222222222,165.23,0.010526316,1.0,0.0,0.0,475,0,False,True,False,False,False,False,False,False,True,False,False
44.0,9.090909091,0.0,40.02,0.0,1.0,1.0,0.0,0,0,False,False,False,False,False,True,False,False,True,False,False
43.0,2.325581395,0.0,51.02,0.082191781,0.0,0.0,0.0,146,-10,False,True,False,False,False,False,False,False,True,False,False
44.0,2.272727273,0.0,36.94,0.0,1.0,0.0,0.0,0,-22,False,False,False,False,False,True,False,True,False,False,False
16.0,0.0,0.0,78.26,0.0,0.0,0.0,0.0,0,-2,False,False,False,False,False,True,False,False,True,False,False
35.0,80.0,2.857142857,82.99,0.047619048,0.0,0.0,0.0,105,-194,False,True,False,False,False,False,False,False,False,False,True
24.0,37.5,4.166666667,36.97,0.0,1.0,0.0,1.0,0,0,False,True,False,False,False,False,False,False,False,False,True
20.0,35.0,20.0,62.0,0.0,1.0,0.0,0.0,0,0,False,True,False,False,False,False,False,False,False,False,True
27.0,70.37037037,18.51851852,65.52,0.136363636,1.0,0.0,0.0,22,0,False,False,False,False,True,False,False,False,True,False,False
28.0,25.0,7.142857143,40.02,0.0,1.0,0.0,0.0,0,-2,False,False,False,False,False,True,False,False,True,False,False
28.0,67.85714286,17.85714286,81.23,0.222222222,1.0,0.0,0.0,9,-67,False,False,False,False,False,True,False,True,False,False,False
40.0,27.5,5.0,251.83,0.0487804878048781,0.0,0.0,0.0,41,-176,False,False,False,False,False,False,True,False,True,False,False
18.0,44.44444444,0.0,126.18,0.082644628,1.0,0.0,0.0,242,-280,False,False,False,False,True,False,False,False,False,True,False
25.0,88.0,8.0,40.02,0.0,1.0,0.0,0.0,0,-22,False,False,False,False,False,False,True,False,True,False,False
37.0,5.405405405,5.405405405,90.55,0.0,1.0,0.0,0.0,0,-14,False,False,False,False,False,False,True,False,False,False,True
48.0,31.25,6.25,73.08,0.101010101,1.0,1.0,0.0,99,-3,False,True,False,False,False,False,False,False,True,False,False
24.0,8.333333333,4.166666667,82.7,0.0,1.0,0.0,0.0,0,-7,False,False,False,False,False,True,False,False,False,False,True
41.0,12.19512195,2.43902439,70.76,0.152173913,1.0,0.0,0.0,46,-9,False,False,False,False,False,True,False,False,False,True,False
47.0,0.0,0.0,43.42,0.027027027,0.0,0.0,0.0,148,-5,True,False,False,False,False,False,False,False,True,False,False
24.0,29.16666667,0.0,91.79,0.0,1.0,0.0,0.0,0,0,False,True,False,False,False,False,False,False,True,False,False
3.0,100.0,33.33333333,66.25,0.0,1.0,0.0,0.0,0,-2,False,True,False,False,False,False,False,False,True,False,False
33.0,66.66666667,3.03030303,84.9,0.111764705882353,0.0,0.0,1.0,510,14,False,False,False,False,True,False,False,False,False,False,True
21.0,90.47619048,47.61904762,110.4,0.0,1.0,0.0,1.0,0,-35,False,False,False,False,True,False,False,False,False,False,True
16.0,0.0,0.0,25.19,0.0,0.0,0.0,0.0,0,-28,True,False,False,False,False,False,False,False,False,True,False
27.0,7.407407407,3.703703704,40.0,0.0,1.0,1.0,0.0,0,-7,False,False,False,False,True,False,False,True,False,False,False
36.0,72.22222222,2.777777778,69.43,0.0,1.0,0.0,0.0,0,-9,False,True,False,False,False,False,False,False,False,False,True
50.0,4.0,0.0,32.3,0.00921659,1.0,0.0,0.0,217,-3,True,False,False,False,False,False,False,False,False,False,True
34.0,23.52941176,8.823529412,40.02,0.0,1.0,0.0,0.0,0,0,False,True,False,False,False,False,False,False,True,False,False
36.0,83.33333333,2.777777778,95.83,0.0056899004267425,0.0,0.0,0.0,703,-8,False,False,False,False,True,False,False,False,False,True,False
0.0,0.0,0.0,88.76,0.0,0.0,0.0,0.0,0,-1,False,False,False,False,True,False,False,False,False,True,False
40.0,47.5,12.5,35.37,0.044247788,1.0,0.0,0.0,113,0,False,False,False,False,False,False,True,False,False,False,True
0.0,0.0,0.0,70.23,0.0,0.0,0.0,0.0,0,-16,False,False,False,True,False,False,False,False,False,False,True
20.0,40.0,10.0,88.95,0.0,1.0,0.0,0.0,0,-1,False,False,True,False,False,False,False,True,False,False,False
44.0,0.0,0.0,90.49,0.0,1.0,0.0,0.0,0,-34,False,True,False,False,False,False,False,False,False,True,False
31.0,9.677419355,3.225806452,40.0,0.0,1.0,0.0,1.0,0,0,True,False,False,False,False,False,False,False,False,False,True
35.0,37.14285714,5.714285714,74.79,0.0,1.0,0.0,0.0,0,-18,True,False,False,False,False,False,False,False,False,False,True
0.0,0.0,0.0,116.49,0.0513698630136986,1.0,0.0,0.0,292,-2,True,False,False,False,False,False,False,False,False,True,False
7.0,0.0,0.0,70.69,0.095238095,1.0,0.0,0.0,42,0,False,False,True,False,False,False,False,False,False,False,True
32.0,100.0,12.5,37.35,0.07,1.0,1.0,0.0,100,0,False,True,False,False,False,False,False,False,False,True,False
5.0,40.0,0.0,40.0,0.0,1.0,0.0,0.0,0,0,False,False,False,False,True,False,False,False,False,False,True
27.0,22.22222222,0.0,79.8,0.0,1.0,0.0,0.0,0,0,False,False,False,False,False,True,False,False,True,False,False
45.0,0.0,0.0,50.03,0.0,1.0,0.0,0.0,0,-38,False,False,False,False,False,True,False,True,False,False,False
45.0,8.888888889,2.222222222,73.68,0.0,0.0,0.0,0.0,0,-125,False,False,False,False,False,True,False,False,False,True,False
23.0,4.347826087,0.0,29.0,0.0,1.0,0.0,0.0,0,0,False,False,False,False,False,False,True,False,False,False,True
36.0,0.0,0.0,89.75,0.0,0.0,0.0,0.0,0,-215,False,False,False,False,False,True,False,False,False,False,True
29.0,96.55172414,44.82758621,61.98,0.039215686,1.0,1.0,0.0,51,-1,False,False,False,False,False,True,False,False,True,False,False
33.0,3.03030303,0.0,40.02,0.0,1.0,1.0,0.0,0,0,False,True,False,False,False,False,False,False,True,False,False
44.0,15.90909091,13.63636364,52.31,0.052631579,0.0,0.0,0.0,38,0,False,False,False,False,False,False,True,False,True,False,False
3.0,100.0,0.0,40.02,0.0,1.0,0.0,0.0,0,0,False,False,False,False,False,True,False,False,True,False,False
21.0,95.23809524,4.761904762,40.2,0.0,1.0,0.0,0.0,0,0,False,False,False,False,False,False,True,False,True,False,False
38.0,39.47368421,15.78947368,91.33,0.0,1.0,0.0,0.0,0,-34,False,False,False,False,False,True,False,False,True,False,False
39.0,12.82051282,0.0,96.22,0.0,1.0,0.0,0.0,0,-15,True,False,False,False,False,False,False,False,True,False,False
45.0,26.66666667,13.33333333,37.1,0.071428571,1.0,0.0,0.0,28,-64,False,False,False,False,False,False,True,True,False,False,False
9.0,0.0,0.0,35.0,0.0,1.0,0.0,0.0,0,0,False,False,False,False,False,True,False,False,False,False,True
41.0,12.19512195,2.43902439,55.73,0.0,1.0,0.0,0.0,0,-2,True,False,False,False,False,False,False,False,True,False,False
0.0,0.0,0.0,77.06,0.0838068181818182,0.0,0.0,0.0,704,-23,False,True,False,False,False,False,False,False,False,True,False
44.0,13.63636364,2.272727273,157.45,0.0,0.0,0.0,0.0,0,-58,False,False,False,False,False,True,False,False,True,False,False
41.0,9.756097561,7.317073171,84.31,0.0,1.0,0.0,0.0,0,-54,False,False,False,False,False,True,False,False,False,False,True
3.0,33.33333333,0.0,40.02,0.0,1.0,0.0,0.0,0,0,False,False,False,False,True,False,False,False,True,False,False
0.0,0.0,0.0,57.49,0.0,0.0,0.0,0.0,0,-4,False,False,False,False,True,False,False,False,True,False,False
0.0,0.0,0.0,44.71,0.0061224489795918,0.0,0.0,0.0,490,-105,False,True,False,False,False,False,False,False,False,True,False
44.0,13.63636364,11.36363636,70.2,0.100849256900212,1.0,0.0,0.0,942,-708,False,False,False,False,True,False,False,False,False,True,False
16.0,0.0,0.0,95.81,0.0,0.0,0.0,0.0,0,-2,False,False,False,False,True,False,False,False,False,True,False
33.0,42.42424242,12.12121212,69.02,0.053763441,1.0,0.0,0.0,93,-13,False,False,False,False,True,False,False,True,False,False,False
0.0,0.0,0.0,59.25,0.017825312,0.0,0.0,0.0,561,-240,False,True,False,False,False,False,False,False,False,True,False
3.0,0.0,0.0,44.64,0.0,1.0,0.0,0.0,0,0,False,False,False,False,False,False,True,False,True,False,False
51.0,15.68627451,1.960784314,99.45,0.005249343832021,1.0,0.0,0.0,1143,-131,True,False,False,False,False,False,False,False,False,True,False
0.0,0.0,0.0,175.22,0.0,0.0,0.0,0.0,0,14,False,False,False,False,True,False,False,False,False,False,True
35.0,8.571428571,0.0,36.12,0.0,1.0,0.0,0.0,0,-1,False,True,False,False,False,False,False,False,False,True,False
37.0,8.108108108,5.405405405,74.26,0.0746268656716418,1.0,0.0,0.0,67,-4,False,False,False,False,False,True,False,True,False,False,False
44.0,0.0,0.0,80.47,0.0,1.0,0.0,0.0,0,0,True,False,False,False,False,False,False,False,True,False,False
30.0,10.0,3.333333333,83.6,0.0,1.0,0.0,0.0,0,0,False,True,False,False,False,False,False,False,True,False,False
44.0,6.818181818,2.272727273,91.56,0.0,0.0,0.0,0.0,0,-23,False,False,True,False,False,False,False,False,False,False,True
7.0,42.85714286,0.0,49.56,0.0,1.0,1.0,0.0,0,0,False,False,False,False,False,True,False,False,True,False,False
6.0,83.33333333,16.66666667,54.08,0.0,1.0,0.0,1.0,0,0,False,False,False,False,False,False,True,False,False,False,True
38.0,5.263157895,2.631578947,89.53,0.0,1.0,0.0,0.0,0,-11,False,False,False,False,True,False,False,True,False,False,False
11.0,18.18181818,9.090909091,40.02,0.0,1.0,0.0,0.0,0,0,False,False,False,False,True,False,False,False,False,False,True
35.0,8.571428571,5.714285714,90.86,0.0,1.0,0.0,0.0,0,-3,False,False,False,False,False,True,False,False,True,False,False
36.0,11.11111111,0.0,40.02,0.0,1.0,0.0,0.0,0,0,True,False,False,False,False,False,False,False,True,False,False
45.0,22.22222222,2.222222222,50.5,0.0,0.0,0.0,0.0,0,-2,False,False,False,False,True,False,False,False,False,True,False
11.0,36.36363636,0.0,29.0,0.0,1.0,0.0,0.0,0,0,False,False,False,False,False,True,False,False,False,False,True
6.0,83.33333333,16.66666667,40.02,0.0,1.0,1.0,0.0,0,0,False,False,False,False,False,True,False,False,False,False,True
48.0,31.25,8.333333333,54.96,0.088235294,1.0,0.0,0.0,68,-33,True,False,False,False,False,False,False,False,True,False,False
12.0,8.333333333,8.333333333,132.52,0.007880911,0.0,0.0,0.0,1142,-26,False,True,False,False,False,False,False,False,False,True,False
42.0,0.0,0.0,40.25,0.0,1.0,1.0,0.0,0,0,True,False,False,False,False,False,False,False,False,True,False
43.0,0.0,0.0,77.76,0.0,1.0,0.0,0.0,0,-1,False,False,False,False,True,False,False,False,True,False,False
45.0,2.222222222,0.0,64.8,0.285714286,0.0,0.0,0.0,7,-15,True,False,False,False,False,False,False,False,False,True,False
47.0,10.63829787,2.127659574,53.47,0.0402298850574713,1.0,0.0,0.0,696,-24,False,False,False,False,False,False,True,False,False,True,False
24.0,41.66666667,16.66666667,64.11,0.115384615,1.0,0.0,0.0,26,0,False,False,False,False,False,True,False,False,False,False,True
45.0,24.44444444,2.222222222,40.02,0.0,1.0,0.0,0.0,0,0,False,False,False,False,False,True,False,False,False,True,False
47.0,2.127659574,2.127659574,49.67,0.0298507462686567,0.0,0.0,0.0,134,-4,False,False,False,False,True,False,False,False,False,True,False
50.0,24.0,14.0,96.67,0.069988137603796,1.0,0.0,0.0,843,0,False,True,False,False,False,False,False,False,False,True,False
35.0,82.85714286,0.0,51.49,0.0,1.0,0.0,0.0,0,-66,False,True,False,False,False,False,False,False,True,False,False
33.0,0.0,0.0,39.97,0.0,1.0,0.0,0.0,0,0,False,True,False,False,False,False,False,False,True,False,False
16.0,0.0,0.0,16.56,0.0,0.0,0.0,0.0,0,0,True,False,False,False,False,False,False,False,False,True,False
24.0,4.166666667,0.0,35.0,0.0,1.0,0.0,0.0,0,0,False,False,False,False,False,True,False,False,False,False,True
87.0,24.13793103,0.0,223.44,0.132564841,1.0,1.0,1.0,1735,-235,False,True,False,False,False,False,False,False,False,True,False
30.0,16.66666667,6.666666667,53.25,0.0,1.0,0.0,0.0,0,0,False,False,False,False,True,False,False,False,True,False,False
0.0,0.0,0.0,21.5,0.048387097,0.0,0.0,0.0,62,0,False,False,False,False,False,False,True,False,False,True,False
45.0,20.0,6.666666667,80.69,0.079365079,0.0,0.0,0.0,252,-96,False,False,False,False,False,False,True,False,False,True,False
49.0,34.69387755,10.20408163,99.9,0.035422343,0.0,0.0,0.0,734,-15,False,False,False,False,False,True,False,False,False,True,False
9.0,55.55555556,0.0,84.29,0.0,1.0,0.0,0.0,0,0,False,True,False,False,False,False,False,False,False,True,False
31.0,12.90322581,0.0,40.0,0.0,1.0,0.0,0.0,0,-3,False,True,False,False,False,False,False,False,False,False,True
45.0,2.222222222,2.222222222,46.51,0.0,0.0,0.0,0.0,0,-1,True,False,False,False,False,False,False,False,True,False,False
31.0,6.451612903,0.0,40.2,0.0,1.0,0.0,0.0,0,-1,False,False,False,False,True,False,False,False,True,False,False
20.0,65.0,5.0,53.78,0.0,1.0,0.0,0.0,0,-68,False,True,False,False,False,False,False,False,False,False,True
30.0,13.33333333,3.333333333,45.02,0.0,1.0,0.0,0.0,0,-1,False,False,False,False,False,True,False,False,True,False,False
44.0,18.18181818,2.272727273,51.99,0.038961039,0.0,0.0,0.0,77,0,False,False,False,False,False,True,False,False,False,True,False
43.0,11.62790698,4.651162791,14.78,0.013888889,1.0,0.0,0.0,216,-41,False,False,False,False,False,False,True,False,True,False,False
48.0,2.083333333,0.0,104.46,0.074074074,0.0,0.0,0.0,54,-3,False,False,False,False,False,False,True,False,False,True,False
16.0,0.0,0.0,56.45,0.0,0.0,0.0,0.0,0,0,False,True,False,False,False,False,False,False,False,True,False
10.0,70.0,30.0,69.55,0.0,1.0,0.0,0.0,0,-80,False,False,False,False,False,False,True,False,False,False,True
0.0,0.0,0.0,40.02,0.0,1.0,0.0,0.0,0,0,True,False,False,False,False,False,False,False,True,False,False
20.0,10.0,0.0,35.0,0.0,1.0,0.0,0.0,0,0,False,False,True,False,False,False,False,True,False,False,False
33.0,63.63636364,3.03030303,80.25,0.0,1.0,0.0,0.0,0,0,False,False,False,False,False,True,False,False,True,False,False
26.0,53.84615385,19.23076923,52.8,0.0,1.0,0.0,0.0,0,-5,False,False,False,False,False,True,False,False,False,False,True
37.0,13.51351351,8.108108108,104.84,0.0459770114942529,1.0,0.0,0.0,87,-3,True,False,False,False,False,False,False,False,False,True,False
29.0,13.79310345,0.0,64.76,0.0,0.0,1.0,0.0,0,0,True,False,False,False,False,False,False,False,True,False,False
22.0,22.72727273,13.63636364,75.84,0.0,1.0,1.0,0.0,0,-31,False,True,False,False,False,False,False,False,False,True,False
16.0,0.0,0.0,75.25,0.0,0.0,0.0,0.0,0,0,False,False,False,False,False,True,False,False,False,True,False
11.0,81.81818182,36.36363636,53.04,0.0,1.0,0.0,0.0,0,-2,True,False,False,False,False,False,False,False,False,False,True
61.0,91.80327869,24.59016393,150.23,0.139372822,1.0,1.0,1.0,574,-1,True,False,False,False,False,False,False,False,True,False,False
33.0,0.0,0.0,72.28,0.0,1.0,0.0,0.0,0,0,False,True,False,False,False,False,False,False,True,False,False
44.0,9.090909091,2.272727273,110.75,0.0,1.0,0.0,0.0,0,-12,False,True,False,False,False,False,False,False,False,True,False
38.0,10.52631579,7.894736842,34.22,0.0,1.0,0.0,0.0,0,-29,True,False,False,False,False,False,False,False,False,True,False
15.0,53.33333333,6.666666667,31.0,0.0,1.0,0.0,0.0,0,0,True,False,False,False,False,False,False,False,False,False,True
26.0,69.23076923,11.53846154,53.38,0.0,1.0,0.0,0.0,0,-26,False,False,False,False,False,False,True,True,False,False,False
45.0,2.222222222,0.0,68.67,0.0,1.0,0.0,0.0,0,0,False,True,False,False,False,False,False,False,True,False,False
0.0,0.0,0.0,192.71,0.047445255,0.0,0.0,0.0,274,-189,False,True,False,False,False,False,False,False,False,True,False
10.0,70.0,20.0,35.0,0.0,1.0,0.0,0.0,0,-7,False,False,False,False,False,True,False,False,False,False,True
45.0,0.0,0.0,26.87,0.0,0.0,0.0,0.0,0,-20,False,False,False,False,False,True,False,False,False,True,False
32.0,18.75,3.125,34.88,0.0,1.0,1.0,0.0,0,0,True,False,False,False,False,False,False,False,False,False,True
40.0,7.5,0.0,40.2,0.0,1.0,0.0,0.0,0,0,False,False,False,False,False,True,False,False,True,False,False
12.0,100.0,8.333333333,53.07,0.0,1.0,0.0,0.0,0,0,False,False,False,False,False,True,False,False,True,False,False
47.0,0.0,0.0,56.67,0.042857143,0.0,0.0,0.0,140,0,False,False,False,False,False,True,False,False,False,True,False
30.0,26.66666667,3.333333333,40.02,0.0,1.0,0.0,0.0,0,0,True,False,False,False,False,False,False,False,True,False,False
5.0,40.0,0.0,90.24,0.085714286,0.0,0.0,0.0,35,-1,False,False,False,False,False,True,False,False,False,False,True
19.0,5.263157895,5.263157895,40.0,0.0,1.0,0.0,0.0,0,0,False,False,True,False,False,False,False,True,False,False,False
35.0,2.857142857,0.0,53.97,0.04,1.0,0.0,0.0,50,-176,False,False,False,True,False,False,False,False,False,False,True
48.0,6.25,2.083333333,79.66,0.25,1.0,1.0,1.0,8,-176,False,True,False,False,False,False,False,False,False,False,True
0.0,0.0,0.0,71.35,0.0,0.0,0.0,0.0,0,-3,False,True,False,False,False,False,False,False,False,True,False
14.0,78.57142857,28.57142857,90.92,0.091891892,1.0,1.0,1.0,370,-135,False,False,False,False,False,True,False,True,False,False,False
22.0,54.54545455,13.63636364,45.14,0.0,1.0,0.0,0.0,0,0,False,False,True,False,False,False,False,False,False,False,True
36.0,33.33333333,11.11111111,30.1,0.0,1.0,0.0,0.0,0,-29,False,False,False,False,False,True,False,False,False,False,True
45.0,6.666666667,0.0,70.99,0.021978021978022,0.0,0.0,0.0,91,-3,False,False,False,False,False,True,False,False,True,False,False
36.0,2.777777778,0.0,61.54,0.0,1.0,0.0,0.0,0,0,True,False,False,False,False,False,False,False,True,False,False
49.0,24.48979592,6.12244898,53.34,0.006435006,0.0,0.0,0.0,777,-8,False,False,False,False,True,False,False,False,False,True,False
34.0,94.11764706,5.882352941,59.39,0.043338684,0.0,0.0,0.0,623,-2,True,False,False,False,False,False,False,False,False,True,False
0.0,0.0,0.0,50.45,0.037351443,1.0,0.0,0.0,589,-4,False,True,False,False,False,False,False,False,False,True,False
45.0,11.11111111,0.0,70.96,0.0135135135135135,0.0,0.0,0.0,222,0,False,False,False,False,True,False,False,False,True,False,False
27.0,33.33333333,3.703703704,53.02,0.0,1.0,0.0,0.0,0,0,False,True,False,False,False,False,False,False,False,True,False
35.0,77.14285714,0.0,70.38,0.0,1.0,0.0,0.0,0,-42,False,False,False,False,True,False,False,False,True,False,False
21.0,4.761904762,0.0,29.98,0.333333333,0.0,0.0,0.0,15,-60,True,False,False,False,False,False,False,False,True,False,False
50.0,20.0,4.0,56.93,0.03125,1.0,0.0,0.0,160,0,True,False,False,False,False,False,False,False,True,False,False
39.0,66.66666667,2.564102564,50.9,0.0,1.0,0.0,0.0,0,-61,False,False,False,False,False,False,True,False,False,False,True
26.0,26.92307692,11.53846154,102.74,0.074074074,1.0,0.0,0.0,27,0,False,False,False,False,True,False,False,False,False,False,True
42.0,14.28571429,4.761904762,89.92,0.0,1.0,0.0,0.0,0,-16,False,False,True,False,False,False,False,True,False,False,False
16.0,0.0,0.0,36.41,0.0,0.0,0.0,0.0,0,-26,False,True,False,False,False,False,False,False,False,True,False
0.0,0.0,0.0,115.78,0.0,0.0,0.0,0.0,0,-8,True,False,False,False,False,False,False,False,True,False,False
45.0,4.444444444,2.222222222,52.88,0.0,0.0,0.0,0.0,0,0,False,False,False,False,False,False,True,False,True,False,False
36.0,30.55555556,2.777777778,40.02,0.0,1.0,0.0,0.0,0,-21,False,False,False,False,False,False,True,False,True,False,False
42.0,54.76190476,30.95238095,63.17,0.007451565,0.0,0.0,0.0,671,-2,True,False,False,False,False,False,False,False,True,False,False
8.0,0.0,0.0,40.0,0.0,1.0,0.0,0.0,0,0,False,True,False,False,False,False,False,False,False,False,True
39.0,51.28205128,17.94871795,111.14,0.0,0.0,0.0,0.0,0,-317,True,False,False,False,False,False,False,False,True,False,False
16.0,0.0,0.0,58.16,0.0123456790123457,0.0,0.0,0.0,162,-16,False,False,False,False,False,True,False,False,False,True,False
25.0,72.0,4.0,46.16,0.0,1.0,0.0,0.0,0,0,False,True,False,False,False,False,False,False,True,False,False
20.0,45.0,20.0,40.25,0.0,1.0,0.0,0.0,0,0,True,False,False,False,False,False,False,False,False,True,False
35.0,5.714285714,0.0,40.02,0.0,1.0,1.0,0.0,0,0,False,False,False,False,True,False,False,False,True,False,False
6.0,66.66666667,66.66666667,40.02,0.0,1.0,1.0,0.0,0,0,False,False,False,False,True,False,False,False,False,True,False
40.0,90.0,5.0,84.91,0.038461538,1.0,0.0,0.0,182,-307,False,False,False,False,False,True,False,False,True,False,False
6.0,16.66666667,0.0,50.85,0.0,1.0,0.0,0.0,0,0,False,False,False,False,False,True,False,False,False,True,False
57.0,96.49122807,10.52631579,93.14,0.0785854616895874,1.0,0.0,0.0,1018,-8,False,True,False,False,False,False,False,False,False,True,False
8.0,12.5,12.5,35.0,0.0,1.0,0.0,0.0,0,0,False,False,False,False,False,False,True,False,False,False,True
45.0,17.77777778,17.77777778,50.24,0.0,1.0,0.0,0.0,0,-1,False,True,False,False,False,False,False,False,False,True,False
41.0,19.51219512,2.43902439,92.69,0.090225564,0.0,0.0,0.0,266,-1,False,False,False,False,False,True,False,False,True,False,False
0.0,0.0,0.0,14.29,0.0,0.0,0.0,0.0,0,-3,False,False,False,False,False,False,True,False,False,True,False
23.0,30.43478261,4.347826087,40.02,0.0,1.0,1.0,0.0,0,-10,False,False,False,False,False,True,False,False,True,False,False
54.0,7.407407407,0.0,233.51,0.041811847,0.0,0.0,0.0,287,0,False,True,False,False,False,False,False,False,False,True,False
38.0,7.894736842,0.0,26.29,0.0,1.0,0.0,0.0,0,-7,False,False,False,False,True,False,False,False,False,False,True
35.0,34.28571429,5.714285714,55.69,0.0,1.0,0.0,0.0,0,-35,False,False,False,False,False,False,True,False,False,False,True
5.0,80.0,20.0,46.88,0.4,1.0,0.0,0.0,5,0,False,False,False,False,False,True,False,False,True,False,False
0.0,0.0,0.0,58.2,0.285714286,0.0,0.0,0.0,7,-48,False,False,False,False,False,True,False,False,True,False,False
23.0,100.0,26.08695652,28.98,0.0,1.0,0.0,0.0,0,-2,False,False,False,False,False,True,False,False,False,False,True
44.0,77.27272727,0.0,34.7,0.163043478,1.0,1.0,1.0,92,0,False,True,False,False,False,False,False,False,True,False,False
37.0,2.702702703,2.702702703,52.49,0.0,1.0,0.0,0.0,0,-3,True,False,False,False,False,False,False,False,False,True,False
0.0,0.0,0.0,45.83,0.009615385,0.0,0.0,0.0,208,-5,False,False,False,False,False,False,True,False,False,True,False
45.0,2.222222222,0.0,40.02,0.0,1.0,0.0,0.0,0,0,False,False,False,False,False,True,False,False,True,False,False
34.0,100.0,41.17647059,34.7,0.114285714,1.0,1.0,0.0,70,-16,False,False,False,False,False,True,False,True,False,False,False
24.0,83.33333333,0.0,45.95,0.0,1.0,0.0,0.0,0,-36,False,False,False,False,False,False,True,False,False,True,False
0.0,0.0,0.0,65.56,0.0,1.0,0.0,0.0,0,-115,True,False,False,False,False,False,False,False,False,False,True
37.0,13.51351351,2.702702703,40.0,0.0,1.0,0.0,1.0,0,-2,False,True,False,False,False,False,False,False,False,False,True
43.0,13.95348837,0.0,12.3,0.0,0.0,0.0,0.0,0,0,False,False,False,False,False,False,True,False,True,False,False
44.0,2.272727273,0.0,89.27,0.0,0.0,0.0,0.0,0,-6,False,False,False,False,False,True,False,False,True,False,False
43.0,11.62790698,0.0,41.37,0.666666667,0.0,0.0,0.0,3,-12,True,False,False,False,False,False,False,False,False,True,False
32.0,9.375,3.125,40.02,0.0,1.0,0.0,0.0,0,0,True,False,False,False,False,False,False,False,True,False,False
23.0,100.0,0.0,40.02,0.0,1.0,1.0,0.0,0,0,False,True,False,False,False,False,False,False,False,True,False
49.0,36.73469388,14.28571429,60.24,0.204081633,0.0,1.0,0.0,98,-403,False,False,False,False,False,True,False,False,True,False,False
46.0,15.2173913,0.0,28.91,0.214285714,1.0,0.0,0.0,28,-2,False,False,False,False,False,True,False,False,True,False,False
0.0,0.0,0.0,78.68,0.071428571,0.0,1.0,0.0,28,-994,True,False,False,False,False,False,False,False,True,False,False
47.0,2.127659574,0.0,138.56,0.024691358,0.0,0.0,0.0,162,-19,False,True,False,False,False,False,False,False,True,False,False
38.0,5.263157895,0.0,40.22,0.0,1.0,0.0,0.0,0,0,True,False,False,False,False,False,False,False,True,False,False
0.0,0.0,0.0,43.43,0.008379888,1.0,0.0,0.0,358,-7,True,False,False,False,False,False,False,False,True,False,False
2.0,100.0,0.0,40.02,0.0,0.0,0.0,0.0,0,-1,False,False,False,False,True,False,False,False,False,True,False
44.0,13.63636364,0.0,34.93,0.0,0.0,0.0,0.0,0,0,True,False,False,False,False,False,False,False,True,False,False
39.0,30.76923077,7.692307692,96.41,0.0,0.0,0.0,0.0,0,-206,False,False,False,False,False,False,True,False,True,False,False
45.0,0.0,0.0,104.28,0.047619048,1.0,0.0,0.0,42,0,True,False,False,False,False,False,False,False,False,False,True
16.0,0.0,0.0,54.03,0.0,0.0,0.0,0.0,0,0,False,True,False,False,False,False,False,False,True,False,False
35.0,31.42857143,11.42857143,47.15,0.0,0.0,1.0,0.0,0,-769,False,False,False,False,False,False,True,False,False,True,False
43.0,6.976744186,2.325581395,40.02,0.0,1.0,0.0,0.0,0,0,False,False,False,False,True,False,False,False,True,False,False
42.0,11.9047619,0.0,43.87,0.0,1.0,0.0,0.0,0,0,False,True,False,False,False,False,False,False,True,False,False
21.0,4.761904762,4.761904762,40.02,0.0,1.0,0.0,0.0,0,-1,False,False,False,False,False,False,True,False,False,True,False
46.0,8.695652174,0.0,54.89,0.0,1.0,0.0,0.0,0,-32,True,False,False,False,False,False,False,False,True,False,False
16.0,0.0,0.0,22.91,0.0,0.0,0.0,0.0,0,-106,True,False,False,False,False,False,False,False,False,True,False
0.0,0.0,0.0,50.89,0.0,0.0,0.0,0.0,0,0,False,False,False,False,False,True,False,False,True,False,False
4.0,100.0,50.0,40.02,0.0,1.0,0.0,0.0,0,0,True,False,False,False,False,False,False,False,False,False,True
43.0,13.95348837,0.0,52.79,0.0085959885386819,0.0,0.0,0.0,349,-1,False,False,False,False,True,False,False,False,False,True,False
45.0,0.0,0.0,47.35,0.0223880597014925,0.0,0.0,0.0,134,0,False,False,False,False,False,True,False,False,True,False,False
20.0,20.0,5.0,48.72,0.0,1.0,1.0,1.0,0,0,False,False,False,False,False,False,True,False,False,False,True
43.0,30.23255814,9.302325581,29.26,0.0,0.0,0.0,0.0,0,-6,False,False,False,False,True,False,False,True,False,False,False
43.0,16.27906977,0.0,50.48,0.0,0.0,0.0,0.0,0,-6,False,False,False,False,False,False,True,False,False,True,False
49.0,4.081632653,4.081632653,83.11,0.004873294,0.0,0.0,0.0,1026,-31,True,False,False,False,False,False,False,False,False,True,False
47.0,25.53191489,10.63829787,83.37,0.009259259,1.0,0.0,0.0,216,0,False,False,True,False,False,False,False,True,False,False,False
46.0,0.0,0.0,99.34,0.0,1.0,0.0,0.0,0,-13,False,False,False,False,True,False,False,True,False,False,False
32.0,12.5,9.375,35.0,0.0,1.0,0.0,0.0,0,0,True,False,False,False,False,False,False,False,False,False,True
22.0,31.81818182,18.18181818,40.02,0.0,1.0,1.0,0.0,0,0,False,False,False,False,True,False,False,False,True,False,False
32.0,43.75,9.375,53.18,0.0,1.0,0.0,0.0,0,-14,False,False,False,False,False,False,True,False,True,False,False
0.0,0.0,0.0,75.27,0.446428571,0.0,0.0,0.0,56,-268,False,True,False,False,False,False,False,False,False,True,False
36.0,5.555555556,0.0,40.02,0.0,1.0,0.0,0.0,0,0,True,False,False,False,False,False,False,False,True,False,False
41.0,14.63414634,14.63414634,84.47,0.0,1.0,0.0,0.0,0,-47,True,False,False,False,False,False,False,False,False,False,True
32.0,3.125,0.0,30.4,0.0,1.0,0.0,0.0,0,0,False,False,False,False,False,True,False,False,False,True,False
41.0,14.63414634,0.0,130.63,0.0,0.0,0.0,0.0,0,-4,False,False,False,False,False,False,True,False,True,False,False
40.0,25.0,7.5,83.07,0.0444444444444444,1.0,0.0,0.0,45,-33,False,True,False,False,False,False,False,False,False,False,True
45.0,4.444444444,0.0,61.06,0.028571429,0.0,0.0,0.0,70,-3,True,False,False,False,False,False,False,False,False,True,False
43.0,41.86046512,2.325581395,103.23,0.0021574973031283,0.0,0.0,0.0,927,-90,False,False,False,False,False,False,True,False,False,True,False
37.0,10.81081081,2.702702703,44.58,0.0,1.0,0.0,0.0,0,-35,False,False,False,False,False,False,True,False,True,False,False
32.0,18.75,12.5,52.27,0.046511628,1.0,0.0,0.0,43,-2,False,False,False,False,False,True,False,False,False,True,False
48.0,0.0,0.0,83.66,0.009930487,0.0,0.0,0.0,1007,-151,False,True,False,False,False,False,False,False,False,True,False
31.0,9.677419355,3.225806452,40.02,0.0,1.0,0.0,0.0,0,0,False,True,False,False,False,False,False,False,True,False,False
41.0,17.07317073,14.63414634,31.32,0.02962963,1.0,0.0,0.0,135,-21,False,True,False,False,False,False,False,False,True,False,False
45.0,0.0,0.0,46.88,0.0,0.0,0.0,0.0,0,0,False,False,False,False,False,False,True,False,False,False,True
53.0,39.62264151,13.20754717,169.16,0.036971831,1.0,0.0,0.0,568,-462,False,False,False,False,True,False,False,False,True,False,False
16.0,0.0,0.0,50.51,0.0,0.0,0.0,0.0,0,-2,False,False,False,False,False,False,True,False,True,False,False
37.0,21.62162162,5.405405405,40.0,0.0,1.0,0.0,1.0,0,0,False,False,True,False,False,False,False,True,False,False,False
46.0,4.347826087,0.0,53.74,0.0740740740740741,0.0,0.0,0.0,108,-58,False,False,False,False,False,False,True,False,True,False,False
0.0,0.0,0.0,57.04,0.0,0.0,0.0,0.0,0,-4,False,True,False,False,False,False,False,False,False,True,False
40.0,5.0,2.5,54.13,0.0,1.0,0.0,0.0,0,-37,False,True,False,False,False,False,False,False,False,False,True
12.0,33.33333333,16.66666667,56.35,0.0,1.0,0.0,0.0,0,0,False,False,False,False,False,False,True,False,True,False,False
36.0,69.44444444,16.66666667,40.25,0.0,0.0,0.0,0.0,0,-1138,False,False,False,False,False,True,False,False,True,False,False
29.0,96.55172414,0.0,89.38,0.0,0.0,0.0,0.0,0,-4,False,False,False,False,False,True,False,False,True,False,False
0.0,0.0,0.0,91.63,0.0,0.0,0.0,0.0,0,-65,False,False,False,False,True,False,False,False,False,True,False
2.0,100.0,0.0,40.02,0.0,1.0,0.0,0.0,0,0,False,False,False,False,False,True,False,False,True,False,False
0.0,0.0,0.0,51.06,0.060606061,0.0,0.0,0.0,33,-343,False,False,False,False,False,False,True,False,True,False,False
32.0,25.0,9.375,69.46,0.0,1.0,0.0,0.0,0,-39,False,False,True,False,False,False,False,True,False,False,False
8.0,62.5,0.0,40.02,0.0,1.0,1.0,0.0,0,-4,False,False,False,False,True,False,False,False,False,True,False
0.0,0.0,0.0,53.9,0.0,1.0,0.0,0.0,0,0,False,False,False,False,False,False,True,False,False,False,True
9.0,33.33333333,11.11111111,40.02,0.0,1.0,0.0,0.0,0,0,False,False,False,False,False,True,False,False,True,False,False
45.0,0.0,0.0,45.32,0.0,0.0,0.0,0.0,0,-7,False,False,False,False,False,False,True,False,False,False,True
38.0,10.52631579,0.0,40.02,0.0,1.0,0.0,0.0,0,0,False,False,True,False,False,False,False,False,False,False,True
48.0,0.0,0.0,86.87,0.051948052,1.0,0.0,0.0,154,0,False,False,False,False,False,True,False,False,True,False,False
34.0,17.64705882,2.941176471,30.5,0.0,1.0,0.0,0.0,0,-9,True,False,False,False,False,False,False,False,False,False,True
16.0,18.75,0.0,44.18,0.070422535,0.0,0.0,0.0,71,-135,False,False,False,False,False,False,True,False,False,True,False
21.0,80.95238095,28.57142857,50.82,0.0,1.0,0.0,0.0,0,-15,False,False,False,False,False,False,True,False,False,True,False
6.0,50.0,16.66666667,67.83,0.0,1.0,0.0,0.0,0,-2,False,False,False,False,True,False,False,False,False,False,True
37.0,5.405405405,2.702702703,111.9,0.0,1.0,0.0,0.0,0,-9,False,True,False,False,False,False,False,False,True,False,False
40.0,40.0,7.5,80.06,0.172413793103448,0.0,0.0,0.0,29,-14,False,False,False,False,True,False,False,False,False,True,False
31.0,25.80645161,0.0,40.02,0.0,1.0,0.0,0.0,0,0,True,False,False,False,False,False,False,False,True,False,False
27.0,29.62962963,14.81481481,142.86,0.095238095,1.0,1.0,1.0,21,0,False,True,False,False,False,False,False,False,False,False,True
35.0,48.57142857,8.571428571,56.96,0.126984127,1.0,0.0,0.0,63,-11,False,False,False,False,False,True,False,True,False,False,False
37.0,5.405405405,5.405405405,40.02,0.0,1.0,0.0,0.0,0,0,False,False,False,False,False,False,True,False,True,False,False
0.0,0.0,0.0,136.29,0.06918239,0.0,0.0,0.0,318,-34,False,True,False,False,False,False,False,False,False,True,False
34.0,5.882352941,0.0,40.02,0.0,1.0,0.0,0.0,0,-8,False,True,False,False,False,False,False,False,True,False,False
46.0,13.04347826,4.347826087,87.71,0.009929078,0.0,0.0,0.0,705,-2,False,False,False,False,False,False,True,False,True,False,False
46.0,2.173913043,2.173913043,41.83,0.176470588,0.0,0.0,0.0,17,-214,False,False,False,False,True,False,False,True,False,False,False
38.0,0.0,0.0,40.02,0.0,1.0,0.0,0.0,0,0,False,False,False,False,True,False,False,False,False,False,True
37.0,10.81081081,5.405405405,50.08,0.0,1.0,0.0,0.0,0,-18,False,True,False,False,False,False,False,False,False,False,True
66.0,1.515151515,0.0,39.22,0.124378109452736,1.0,1.0,1.0,201,0,True,False,False,False,False,False,False,False,False,False,True
16.0,0.0,0.0,40.35,0.0,0.0,0.0,0.0,0,0,False,False,False,False,False,True,False,False,False,True,False
43.0,6.976744186,6.976744186,56.67,0.115384615,0.0,0.0,0.0,26,33,False,False,False,False,True,False,False,False,False,False,True
56.0,55.35714286,16.07142857,88.33,0.053830228,0.0,0.0,0.0,966,-4,False,True,False,False,False,False,False,False,True,False,False
37.0,45.94594595,5.405405405,91.75,0.0212765957446809,0.0,0.0,0.0,517,-277,False,True,False,False,False,False,False,False,True,False,False
19.0,5.263157895,0.0,35.0,0.0,1.0,0.0,0.0,0,0,True,False,False,False,False,False,False,False,False,False,True
31.0,9.677419355,3.225806452,40.0,0.0,1.0,0.0,1.0,0,0,False,True,False,False,False,False,False,False,False,False,True
0.0,0.0,0.0,78.72,0.205128205128205,0.0,0.0,0.0,78,-78,False,False,False,False,False,False,True,False,False,True,False
21.0,0.0,0.0,40.0,0.0,1.0,0.0,1.0,0,0,False,False,False,False,True,False,False,True,False,False,False
0.0,0.0,0.0,53.2,0.0,0.0,0.0,0.0,0,-28,False,False,False,False,False,True,False,False,False,True,False
11.0,36.36363636,9.090909091,45.25,0.0,1.0,0.0,0.0,0,0,False,False,False,False,False,True,False,False,False,False,True
9.0,66.66666667,22.22222222,40.02,0.0,1.0,0.0,0.0,0,-17,False,True,False,False,False,False,False,False,False,False,True
5.0,100.0,0.0,39.95,0.0,1.0,0.0,0.0,0,0,False,True,False,False,False,False,False,False,False,False,True
42.0,16.66666667,2.380952381,40.02,0.0,1.0,0.0,0.0,0,0,False,False,False,False,True,False,False,False,True,False,False
37.0,18.91891892,8.108108108,55.2,0.0,1.0,0.0,0.0,0,0,True,False,False,False,False,False,False,False,False,False,True
39.0,15.38461538,15.38461538,47.11,0.0,1.0,0.0,0.0,0,-35,False,False,False,False,False,False,True,False,False,True,False
35.0,40.0,2.857142857,87.79,0.0,0.0,0.0,0.0,0,-177,False,False,True,False,False,False,False,True,False,False,False
0.0,0.0,0.0,51.21,0.0,0.0,0.0,0.0,0,0,False,True,False,False,False,False,False,False,True,False,False
0.0,0.0,0.0,65.61,0.285714285714286,0.0,0.0,0.0,7,12,False,False,False,True,False,False,False,False,False,False,True
22.0,68.18181818,13.63636364,40.0,0.0,1.0,0.0,0.0,0,0,False,False,False,False,True,False,False,True,False,False,False
48.0,72.91666667,2.083333333,45.37,0.084507042,0.0,0.0,0.0,71,-414,False,False,True,False,False,False,False,False,False,False,True
68.0,26.47058824,10.29411765,86.29,0.046176046,1.0,0.0,0.0,693,-146,False,True,False,False,False,False,False,False,True,False,False
7.0,28.57142857,0.0,41.0,0.0,1.0,0.0,0.0,0,0,False,False,False,False,False,False,True,False,True,False,False
0.0,0.0,0.0,43.53,0.071428571,0.0,0.0,0.0,84,-43,False,False,False,False,False,False,True,False,False,True,False
33.0,81.81818182,3.03030303,36.42,0.0,1.0,0.0,0.0,0,-151,False,False,False,False,False,False,True,False,True,False,False
39.0,0.0,0.0,40.02,0.0,1.0,0.0,0.0,0,0,False,False,False,False,False,False,True,False,True,False,False
7.0,14.28571429,0.0,40.02,0.0,1.0,0.0,0.0,0,0,False,False,False,False,False,True,False,False,True,False,False
35.0,65.71428571,0.0,40.02,0.0,1.0,0.0,0.0,0,0,False,True,False,False,False,False,False,False,True,False,False
0.0,0.0,0.0,135.97,0.0,0.0,0.0,0.0,0,-1,True,False,False,False,False,False,False,False,False,True,False
17.0,100.0,11.76470588,31.0,0.0,1.0,0.0,0.0,0,0,True,False,False,False,False,False,False,False,False,False,True
43.0,20.93023256,0.0,41.42,0.0614035087719298,1.0,0.0,0.0,114,0,False,False,False,False,False,False,True,False,False,True,False
39.0,2.564102564,2.564102564,40.02,0.0,1.0,0.0,0.0,0,0,False,False,False,False,False,True,False,False,True,False,False
63.0,68.25396825,38.0952381,96.71,0.233333333333333,1.0,0.0,1.0,30,-83,False,False,True,False,False,False,False,False,False,False,True
38.0,60.52631579,18.42105263,58.12,0.103896103896104,0.0,1.0,0.0,77,-397,False,True,False,False,False,False,False,False,False,False,True
3.0,0.0,0.0,40.02,0.0,1.0,0.0,0.0,0,0,True,False,False,False,False,False,False,False,True,False,False
2.0,100.0,0.0,49.27,0.0,1.0,0.0,0.0,0,-2,True,False,False,False,False,False,False,False,True,False,False
22.0,31.81818182,22.72727273,35.85,0.666666667,1.0,0.0,1.0,3,-49,True,False,False,False,False,False,False,False,False,False,True
38.0,2.631578947,0.0,40.02,0.0,1.0,1.0,0.0,0,0,True,False,False,False,False,False,False,False,True,False,False
43.0,4.651162791,2.325581395,40.02,0.0,1.0,0.0,0.0,0,0,False,False,False,False,False,False,True,False,False,True,False
36.0,50.0,5.555555556,13.05,0.0,0.0,0.0,0.0,0,-187,False,False,False,False,False,True,False,False,True,False,False
35.0,11.42857143,5.714285714,89.73,0.0,0.0,0.0,0.0,0,-318,False,False,False,False,False,False,True,False,False,False,True
15.0,33.33333333,0.0,59.7,0.0,1.0,0.0,0.0,0,-17,False,False,False,False,False,True,False,False,False,False,True
49.0,12.24489796,4.081632653,46.35,0.044776119,0.0,0.0,0.0,134,0,False,False,False,False,False,True,False,False,True,False,False
20.0,45.0,15.0,60.69,0.0,1.0,0.0,0.0,0,-22,False,False,False,False,False,True,False,False,False,False,True
45.0,0.0,0.0,73.55,0.09375,1.0,0.0,0.0,32,-10,False,False,True,False,False,False,False,True,False,False,False
39.0,0.0,0.0,40.0,0.0,1.0,0.0,0.0,0,0,True,False,False,False,False,False,False,False,False,False,True
29.0,17.24137931,10.34482759,60.52,0.097560976,1.0,0.0,1.0,41,0,False,False,False,False,True,False,False,False,False,False,True
30.0,13.33333333,3.333333333,40.0,0.0,1.0,0.0,0.0,0,-1,False,False,False,False,False,True,False,False,False,False,True
0.0,0.0,0.0,67.35,0.0,0.0,0.0,0.0,0,26,False,False,False,True,False,False,False,False,False,False,True
32.0,3.125,3.125,1.0,0.0,1.0,0.0,0.0,0,0,False,True,False,False,False,False,False,False,False,False,True
3.0,33.33333333,0.0,40.02,0.0,1.0,0.0,0.0,0,0,False,False,False,False,False,False,True,False,True,False,False
45.0,6.666666667,0.0,59.07,0.014184397,0.0,0.0,0.0,282,-69,False,False,False,False,False,False,True,False,False,True,False
24.0,91.66666667,12.5,38.35,0.0,1.0,0.0,0.0,0,-9,False,False,False,False,True,False,False,False,False,False,True
0.0,0.0,0.0,43.97,0.214285714285714,0.0,0.0,0.0,14,35,False,False,False,False,True,False,False,False,False,False,True
42.0,45.23809524,14.28571429,75.9,0.11299435,1.0,0.0,0.0,177,-27,False,False,False,False,False,False,True,False,False,False,True
5.0,60.0,0.0,38.01,0.181818182,1.0,0.0,0.0,11,0,False,True,False,False,False,False,False,False,False,True,False
44.0,54.54545455,2.272727273,40.02,0.0,1.0,0.0,0.0,0,-54,True,False,False,False,False,False,False,False,False,False,True
40.0,7.5,0.0,30.84,0.0,1.0,0.0,0.0,0,-61,False,True,False,False,False,False,False,False,True,False,False
49.0,24.48979592,20.40816327,222.53,0.048042705,0.0,0.0,1.0,1124,-18,True,False,False,False,False,False,False,False,False,True,False
7.0,28.57142857,14.28571429,60.49,0.0,1.0,0.0,0.0,0,0,True,False,False,False,False,False,False,False,True,False,False
23.0,34.7826087,0.0,40.02,0.0,1.0,0.0,0.0,0,0,False,True,False,False,False,False,False,False,False,True,False
23.0,95.65217391,13.04347826,40.02,0.0,1.0,0.0,0.0,0,0,True,False,False,False,False,False,False,False,False,True,False
31.0,35.48387097,12.90322581,75.04,0.333333333,1.0,0.0,0.0,6,-8,False,False,False,False,False,True,False,False,False,True,False
37.0,35.13513514,16.21621622,32.62,0.076923077,1.0,0.0,0.0,26,-27,False,False,False,False,True,False,False,False,False,False,True
8.0,37.5,25.0,40.0,0.0,0.0,0.0,0.0,0,0,False,True,False,False,False,False,False,False,False,False,True
2.0,50.0,0.0,102.38,0.015837104,0.0,0.0,0.0,442,0,False,False,False,False,True,False,False,False,True,False,False
38.0,2.631578947,2.631578947,71.78,0.0,1.0,0.0,0.0,0,-22,True,False,False,False,False,False,False,False,False,False,True
47.0,2.127659574,2.127659574,80.57,0.0361216730038023,1.0,0.0,0.0,526,-42,False,True,False,False,False,False,False,False,False,True,False
38.0,5.263157895,0.0,40.02,0.0,1.0,0.0,0.0,0,-35,False,True,False,False,False,False,False,False,True,False,False
40.0,35.0,2.5,37.74,0.0,0.0,0.0,0.0,0,-103,False,False,False,False,False,True,False,False,False,False,True
39.0,10.25641026,5.128205128,61.8,0.0,1.0,0.0,0.0,0,-143,False,True,False,False,False,False,False,False,False,True,False
45.0,0.0,0.0,61.64,0.0,1.0,0.0,0.0,0,-1,False,False,False,False,True,False,False,False,True,False,False
51.0,45.09803922,3.921568627,74.36,0.031858407,0.0,0.0,0.0,565,0,True,False,False,False,False,False,False,False,True,False,False
0.0,0.0,0.0,82.36,0.13953488372093,0.0,0.0,0.0,43,19,False,False,False,True,False,False,False,True,False,False,False
31.0,0.0,0.0,40.02,0.0,1.0,1.0,0.0,0,-19,False,False,False,False,False,False,True,False,True,False,False
44.0,22.72727273,2.272727273,49.75,0.0,1.0,0.0,0.0,0,-268,False,False,False,False,False,True,False,False,True,False,False
44.0,2.272727273,0.0,51.95,0.0,1.0,0.0,0.0,0,-8,False,False,False,False,True,False,False,False,False,False,True
32.0,9.375,0.0,40.02,0.0,1.0,0.0,0.0,0,0,False,False,False,False,False,True,False,False,False,True,False
48.0,16.66666667,6.25,79.01,0.008196721,0.0,0.0,0.0,244,-1,False,False,False,False,False,True,False,False,True,False,False
46.0,2.173913043,2.173913043,111.95,0.0833333333333333,0.0,0.0,0.0,24,0,False,False,False,False,True,False,False,False,False,False,True
42.0,33.33333333,4.761904762,139.02,0.0,1.0,0.0,0.0,0,-103,True,False,False,False,False,False,False,False,True,False,False
11.0,36.36363636,9.090909091,30.79,0.0,1.0,0.0,0.0,0,-43,False,False,False,False,False,True,False,False,False,False,True
37.0,8.108108108,0.0,137.2,0.090909091,1.0,0.0,0.0,22,-14,True,False,False,False,False,False,False,False,False,False,True
38.0,50.0,13.15789474,45.42,0.203389831,1.0,1.0,0.0,59,-11,True,False,False,False,False,False,False,False,True,False,False
37.0,27.02702703,16.21621622,56.36,0.095238095,1.0,0.0,0.0,21,-19,False,False,True,False,False,False,False,False,False,False,True
35.0,45.71428571,8.571428571,59.17,0.020713464,1.0,0.0,0.0,869,-21,False,False,False,False,False,True,False,False,False,True,False
16.0,6.25,0.0,40.02,0.0,1.0,0.0,0.0,0,0,False,True,False,False,False,False,False,False,True,False,False
43.0,20.93023256,11.62790698,39.24,0.08492823,1.0,1.0,0.0,836,-241,False,False,False,False,False,False,True,False,True,False,False
51.0,52.94117647,29.41176471,127.7,0.109025916,1.0,1.0,0.0,1119,-107,False,False,False,False,False,True,False,False,False,True,False
0.0,0.0,0.0,6.01,0.0,0.0,0.0,0.0,0,-7,False,False,False,False,False,False,True,False,False,True,False
35.0,5.714285714,0.0,40.0,0.0,1.0,0.0,0.0,0,0,False,False,False,False,True,False,False,False,False,False,True
25.0,68.0,4.0,45.05,0.0,1.0,1.0,0.0,0,-1,True,False,False,False,False,False,False,False,True,False,False
44.0,4.545454545,0.0,135.85,0.0210526315789474,0.0,0.0,0.0,95,0,True,False,False,False,False,False,False,False,True,False,False
31.0,29.03225806,3.225806452,51.01,0.142857143,1.0,0.0,0.0,21,0,False,True,False,False,False,False,False,False,False,False,True
45.0,0.0,0.0,45.0,0.0,0.0,0.0,0.0,0,0,False,False,True,False,False,False,False,True,False,False,False
0.0,0.0,0.0,58.25,0.0,0.0,0.0,0.0,0,0,False,False,False,False,True,False,False,False,True,False,False
35.0,25.71428571,0.0,40.25,0.0,1.0,1.0,0.0,0,0,False,False,False,False,False,True,False,False,False,True,False
28.0,21.42857143,0.0,40.0,0.0,1.0,0.0,0.0,0,-25,True,False,False,False,False,False,False,False,False,False,True
45.0,6.666666667,0.0,73.19,0.058823529,0.0,0.0,0.0,34,-182,False,False,False,False,False,True,False,False,False,True,False
36.0,0.0,0.0,67.53,0.006944444,0.0,0.0,0.0,288,-8,False,False,False,True,False,False,False,False,False,False,True
45.0,0.0,0.0,51.45,0.0,0.0,0.0,0.0,0,-301,False,True,False,False,False,False,False,False,False,True,False
41.0,14.63414634,4.87804878,33.18,0.0,1.0,0.0,0.0,0,-9,False,False,False,False,False,True,False,False,False,False,True
20.0,95.0,5.0,40.02,0.0,1.0,0.0,0.0,0,0,False,False,False,False,True,False,False,False,True,False,False
33.0,0.0,0.0,45.99,0.0,1.0,0.0,0.0,0,-3,False,False,True,False,False,False,False,True,False,False,False
34.0,5.882352941,5.882352941,63.91,0.153846154,0.0,0.0,0.0,13,12,False,False,False,True,False,False,False,False,False,False,True
33.0,54.54545455,6.060606061,29.54,0.063492063,1.0,0.0,0.0,63,-15,False,False,False,False,False,True,False,False,False,False,True
28.0,46.42857143,3.571428571,50.31,0.0,1.0,0.0,0.0,0,0,True,False,False,False,False,False,False,False,False,False,True
45.0,2.222222222,2.222222222,50.92,0.0,0.0,0.0,0.0,0,0,False,False,False,False,False,False,True,False,True,False,False
34.0,5.882352941,0.0,61.66,0.0,0.0,0.0,0.0,0,-1,False,False,False,False,False,False,True,False,False,True,False
21.0,9.523809524,0.0,40.02,0.0,1.0,0.0,0.0,0,0,False,False,False,False,True,False,False,False,True,False,False
45.0,0.0,0.0,47.5,0.018181818,0.0,0.0,0.0,110,-1,False,False,False,False,True,False,False,False,False,True,False
47.0,2.127659574,2.127659574,81.19,0.0,1.0,0.0,0.0,0,-28,False,False,False,False,False,True,False,True,False,False,False
38.0,7.894736842,2.631578947,40.0,0.0,1.0,0.0,0.0,0,0,False,False,False,False,False,True,False,False,False,False,True
26.0,11.53846154,11.53846154,66.11,0.166666667,1.0,1.0,0.0,12,0,False,False,False,False,True,False,False,False,True,False,False
31.0,93.5483871,16.12903226,37.9,0.066666667,1.0,1.0,0.0,45,0,False,False,False,False,False,True,False,False,True,False,False
35.0,8.571428571,2.857142857,69.21,0.0,0.0,0.0,0.0,0,39,False,False,False,True,False,False,False,False,False,False,True
0.0,0.0,0.0,40.22,0.07253886,0.0,0.0,0.0,386,-33,False,False,False,False,False,True,False,False,True,False,False
4.0,25.0,0.0,90.28,0.0,0.0,0.0,0.0,0,-1,False,False,False,True,False,False,False,True,False,False,False
39.0,5.128205128,2.564102564,78.84,0.0,1.0,0.0,0.0,0,-13,False,False,False,False,False,True,False,True,False,False,False
46.0,0.0,0.0,56.24,0.0,0.0,0.0,0.0,0,0,False,True,False,False,False,False,False,False,False,True,False
6.0,66.66666667,16.66666667,40.0,0.0,1.0,0.0,0.0,0,0,True,False,False,False,False,False,False,False,False,False,True
37.0,18.91891892,5.405405405,55.42,0.0,1.0,0.0,0.0,0,0,False,False,True,False,False,False,False,False,False,False,True
50.0,6.0,6.0,23.03,0.0,1.0,0.0,0.0,0,-35,False,False,False,False,True,False,False,False,False,True,False
43.0,9.302325581,2.325581395,46.16,0.038961038961039,1.0,0.0,0.0,77,-51,False,False,False,False,False,True,False,False,False,True,False
0.0,0.0,0.0,229.66,0.1,0.0,0.0,0.0,60,-294,True,False,False,False,False,False,False,False,False,True,False
13.0,76.92307692,0.0,35.5,0.0714285714285714,1.0,0.0,0.0,28,0,False,False,False,False,False,True,False,False,True,False,False
20.0,20.0,5.0,39.97,0.0,1.0,0.0,0.0,0,0,False,False,False,False,False,False,True,False,True,False,False
47.0,6.382978723,2.127659574,55.95,0.131868132,0.0,0.0,0.0,91,0,True,False,False,False,False,False,False,False,True,False,False
46.0,15.2173913,8.695652174,158.56,0.061946903,1.0,0.0,0.0,113,0,False,True,False,False,False,False,False,False,False,True,False
30.0,10.0,6.666666667,31.54,0.0625,1.0,0.0,0.0,32,0,False,False,True,False,False,False,False,True,False,False,False
9.0,100.0,55.55555556,42.99,0.2,1.0,0.0,0.0,10,0,False,False,False,False,True,False,False,True,False,False,False
45.0,42.22222222,11.11111111,56.51,0.010568032,1.0,1.0,0.0,757,-3,False,False,False,False,False,False,True,False,False,True,False
12.0,66.66666667,8.333333333,73.94,0.272727273,1.0,0.0,1.0,11,0,True,False,False,False,False,False,False,False,False,False,True
0.0,0.0,0.0,151.56,0.0,0.0,0.0,0.0,0,-301,False,False,True,False,False,False,False,True,False,False,False
47.0,4.255319149,4.255319149,500.0,0.028571429,0.0,0.0,0.0,105,-3,False,False,False,False,False,False,True,False,False,True,False
43.0,0.0,0.0,181.57,0.0,1.0,0.0,0.0,0,0,False,False,False,False,False,True,False,False,True,False,False
33.0,3.03030303,3.03030303,40.02,0.0,1.0,0.0,0.0,0,0,False,False,False,False,False,False,True,False,False,False,True
33.0,15.15151515,3.03030303,40.0,0.0,1.0,0.0,0.0,0,0,False,True,False,False,False,False,False,False,False,False,True
41.0,4.87804878,4.87804878,164.2,0.003891051,0.0,0.0,0.0,771,0,True,False,False,False,False,False,False,False,False,True,False
42.0,30.95238095,14.28571429,26.27,0.0,1.0,0.0,0.0,0,0,False,False,False,False,False,True,False,False,True,False,False
47.0,4.255319149,0.0,89.9,0.0,1.0,0.0,0.0,0,-48,False,False,False,False,False,False,True,False,False,False,True
26.0,76.92307692,15.38461538,69.9,0.0,1.0,0.0,0.0,0,0,False,False,False,False,False,True,False,False,False,True,False
40.0,17.5,12.5,34.48,0.0,1.0,0.0,0.0,0,-43,False,False,False,False,False,False,True,False,False,False,True
11.0,45.45454545,27.27272727,40.02,0.0,1.0,0.0,0.0,0,0,False,True,False,False,False,False,False,False,False,True,False
12.0,16.66666667,0.0,25.84,0.0,0.0,0.0,0.0,0,0,True,False,False,False,False,False,False,False,False,True,False
32.0,9.375,3.125,42.46,0.129032258,1.0,0.0,0.0,31,-30,False,False,False,False,True,False,False,False,True,False,False
1.0,100.0,0.0,44.93,0.010309278,1.0,0.0,0.0,485,-5,False,False,False,False,False,False,True,False,True,False,False
28.0,46.42857143,25.0,75.81,0.086956522,1.0,0.0,0.0,23,-1,False,False,False,False,False,False,True,False,False,True,False
16.0,0.0,0.0,51.57,0.181818182,0.0,0.0,0.0,11,-832,False,True,False,False,False,False,False,False,False,True,False
43.0,23.25581395,2.325581395,122.76,0.153846154,1.0,0.0,0.0,52,-1,False,False,True,False,False,False,False,False,False,False,True
0.0,0.0,0.0,116.09,0.0,0.0,0.0,0.0,0,-28,False,False,False,False,False,True,False,False,False,True,False
17.0,76.47058824,11.76470588,1.02,0.0,1.0,0.0,0.0,0,0,True,False,False,False,False,False,False,False,False,False,True
1.0,100.0,100.0,40.02,0.0,1.0,0.0,0.0,0,0,False,False,False,False,False,False,True,False,False,True,False
0.0,0.0,0.0,37.88,0.0,0.0,0.0,0.0,0,0,True,False,False,False,False,False,False,False,True,False,False
22.0,72.72727273,9.090909091,40.27,0.0,1.0,0.0,0.0,0,0,False,False,False,False,False,False,True,False,False,True,False
14.0,7.142857143,0.0,40.25,0.0,1.0,1.0,0.0,0,0,False,False,False,False,True,False,False,False,True,False,False
46.0,13.04347826,2.173913043,55.3,0.0,1.0,0.0,0.0,0,-9,False,False,True,False,False,False,False,True,False,False,False
29.0,20.68965517,0.0,50.79,0.0,1.0,0.0,0.0,0,0,False,False,False,False,False,True,False,False,True,False,False
42.0,9.523809524,2.380952381,86.93,0.0081632653061224,0.0,0.0,0.0,245,-1,True,False,False,False,False,False,False,False,True,False,False
24.0,54.16666667,0.0,40.02,0.0,1.0,0.0,0.0,0,0,True,False,False,False,False,False,False,False,True,False,False
0.0,0.0,0.0,52.99,0.0,0.0,0.0,0.0,0,-3,False,False,False,False,True,False,False,False,True,False,False
43.0,34.88372093,6.976744186,53.05,0.0,1.0,0.0,0.0,0,-68,False,False,True,False,False,False,False,False,False,False,True
45.0,0.0,0.0,43.17,0.030769231,0.0,0.0,0.0,65,0,False,False,False,False,False,False,True,False,True,False,False
0.0,0.0,0.0,28.81,0.052631579,0.0,0.0,0.0,38,-2,False,True,False,False,False,False,False,False,False,True,False
2.0,100.0,0.0,94.48,0.05006105,0.0,0.0,0.0,819,-5,True,False,False,False,False,False,False,False,False,True,False
0.0,0.0,0.0,50.33,0.0,1.0,0.0,0.0,0,-13,True,False,False,False,False,False,False,False,True,False,False
47.0,14.89361702,8.510638298,40.37,0.025773196,0.0,0.0,0.0,194,-70,False,False,False,False,True,False,False,False,True,False,False
16.0,31.25,6.25,40.02,0.0,1.0,0.0,0.0,0,0,True,False,False,False,False,False,False,False,True,False,False
36.0,55.55555556,5.555555556,81.93,0.045454545,1.0,0.0,1.0,66,0,False,True,False,False,False,False,False,False,False,False,True
2.0,0.0,0.0,40.59,0.0,1.0,0.0,0.0,0,0,False,False,False,False,True,False,False,True,False,False,False
0.0,0.0,0.0,115.51,0.0909090909090909,0.0,0.0,0.0,77,-87,False,False,False,False,False,True,False,False,False,True,False
47.0,0.0,0.0,44.18,0.4,1.0,0.0,0.0,5,0,False,False,True,False,False,False,False,False,False,False,True
6.0,50.0,0.0,40.02,0.0,1.0,1.0,0.0,0,0,False,False,False,False,False,False,True,False,False,True,False
16.0,0.0,0.0,69.11,0.0,0.0,0.0,0.0,0,0,True,False,False,False,False,False,False,False,False,True,False
49.0,46.93877551,20.40816327,47.03,0.058181818,0.0,0.0,0.0,825,0,True,False,False,False,False,False,False,False,True,False,False
29.0,100.0,27.5862069,41.13,0.130434783,1.0,1.0,0.0,69,-1,False,False,False,False,False,False,True,False,False,False,True
43.0,4.651162791,2.325581395,50.46,0.222222222222222,1.0,0.0,0.0,9,-20,False,True,False,False,False,False,False,False,True,False,False
30.0,36.66666667,0.0,41.8,0.142857142857143,0.0,0.0,0.0,14,26,False,False,False,True,False,False,False,False,False,False,True
26.0,57.69230769,0.0,40.02,0.0,1.0,0.0,0.0,0,0,False,False,False,False,False,True,False,False,True,False,False
47.0,6.382978723,4.255319149,86.34,0.044117647,1.0,0.0,0.0,136,-8,False,False,False,False,False,False,True,False,False,False,True
46.0,13.04347826,6.52173913,59.62,0.035714286,1.0,0.0,1.0,112,-1,False,False,False,False,True,False,False,False,False,False,True
0.0,0.0,0.0,23.37,0.068965517,1.0,0.0,0.0,29,-8,False,False,False,False,True,False,False,False,True,False,False
29.0,27.5862069,0.0,40.02,0.0,1.0,0.0,0.0,0,0,False,True,False,False,False,False,False,False,True,False,False
18.0,0.0,0.0,113.59,0.015915119,0.0,0.0,0.0,377,-197,False,False,False,False,False,True,False,False,False,True,False
45.0,6.666666667,0.0,53.12,0.0,0.0,0.0,0.0,0,-398,False,False,False,False,False,False,True,False,True,False,False
0.0,0.0,0.0,34.05,0.145454545,0.0,0.0,0.0,55,-1,True,False,False,False,False,False,False,False,True,False,False
16.0,0.0,0.0,53.96,0.0,0.0,0.0,0.0,0,-8,False,True,False,False,False,False,False,False,True,False,False
18.0,0.0,0.0,301.41,0.040816327,0.0,0.0,0.0,98,0,False,True,False,False,False,False,False,False,True,False,False
28.0,7.142857143,7.142857143,31.02,0.0,1.0,0.0,0.0,0,0,False,False,False,False,False,True,False,False,False,True,False
50.0,56.0,12.0,79.6,0.123287671,0.0,0.0,0.0,73,-169,True,False,False,False,False,False,False,False,False,False,True
49.0,28.57142857,14.28571429,43.37,0.0824742268041237,1.0,1.0,0.0,97,-27,False,False,False,False,False,True,False,False,True,False,False
16.0,0.0,0.0,53.78,0.0,1.0,0.0,0.0,0,-22,False,False,False,False,False,True,False,False,False,True,False
0.0,0.0,0.0,102.78,0.040816327,0.0,0.0,0.0,392,-135,False,False,False,False,False,True,False,False,False,True,False
0.0,0.0,0.0,16.24,0.050847458,0.0,0.0,0.0,767,-1,False,True,False,False,False,False,False,False,True,False,False
40.0,12.5,2.5,43.03,0.0,1.0,0.0,0.0,0,-1,False,False,False,False,True,False,False,False,False,False,True
22.0,9.090909091,9.090909091,90.75,0.0,1.0,0.0,0.0,0,0,False,False,False,False,False,False,True,False,False,True,False
46.0,4.347826087,0.0,108.61,0.062146893,1.0,0.0,0.0,177,-1,False,False,False,False,False,True,False,False,False,True,False
47.0,10.63829787,2.127659574,62.03,0.0140056022408964,0.0,0.0,0.0,357,0,False,True,False,False,False,False,False,False,False,True,False
29.0,41.37931034,3.448275862,38.46,0.133333333,1.0,0.0,0.0,15,0,False,True,False,False,False,False,False,False,False,True,False
9.0,88.88888889,11.11111111,40.02,0.0,1.0,0.0,0.0,0,0,False,False,False,False,True,False,False,False,True,False,False
44.0,40.90909091,4.545454545,89.79,0.015544041,0.0,0.0,0.0,386,-466,False,False,False,False,True,False,False,False,False,True,False
37.0,2.702702703,2.702702703,58.43,0.0,1.0,0.0,0.0,0,0,True,False,False,False,False,False,False,False,True,False,False
35.0,0.0,0.0,57.6,0.666666667,1.0,0.0,0.0,3,-1,True,False,False,False,False,False,False,False,False,False,True
45.0,4.444444444,0.0,53.89,0.0,0.0,0.0,0.0,0,-3,True,False,False,False,False,False,False,False,True,False,False
22.0,77.27272727,0.0,40.02,0.0,1.0,0.0,0.0,0,-1,False,True,False,False,False,False,False,False,False,True,False
46.0,13.04347826,0.0,53.0,0.031578947,0.0,0.0,0.0,380,-45,False,True,False,False,False,False,False,False,False,True,False
20.0,35.0,10.0,40.02,0.0,1.0,0.0,0.0,0,0,False,False,False,False,False,False,True,False,True,False,False
32.0,3.125,0.0,40.02,0.0,1.0,0.0,0.0,0,0,False,False,False,False,False,True,False,False,False,True,False
36.0,19.44444444,11.11111111,87.38,0.0,1.0,0.0,0.0,0,-4,False,False,False,False,False,True,False,False,True,False,False
16.0,81.25,25.0,29.0,0.0,1.0,0.0,0.0,0,0,False,True,False,False,False,False,False,False,False,False,True
30.0,50.0,30.0,45.15,0.0,1.0,0.0,0.0,0,0,False,False,False,False,False,False,True,False,False,False,True
39.0,20.51282051,2.564102564,113.21,0.0192307692307692,1.0,0.0,0.0,156,0,False,True,False,False,False,False,False,False,False,True,False
5.0,40.0,20.0,40.02,0.0,0.0,0.0,0.0,0,-1,False,False,False,False,False,True,False,False,True,False,False
42.0,40.47619048,9.523809524,92.14,0.005839416,1.0,0.0,0.0,685,-56,False,False,False,False,False,False,True,False,True,False,False
47.0,27.65957447,2.127659574,66.65,0.066666667,1.0,0.0,0.0,75,-1,False,False,False,False,False,False,True,False,True,False,False
45.0,20.0,0.0,39.48,0.028169014,0.0,0.0,0.0,142,0,False,False,False,False,False,False,True,False,True,False,False
0.0,0.0,0.0,50.73,0.0,0.0,0.0,0.0,0,0,False,False,False,False,False,True,False,False,False,True,False
40.0,2.5,0.0,51.5,0.0,1.0,0.0,0.0,0,-67,False,False,True,False,False,False,False,False,False,False,True
27.0,0.0,0.0,45.02,0.0,1.0,0.0,0.0,0,0,False,True,False,False,False,False,False,False,True,False,False
44.0,4.545454545,0.0,61.42,0.181818182,0.0,0.0,0.0,11,-1,False,False,False,False,True,False,False,False,False,True,False
36.0,97.22222222,16.66666667,80.17,0.121621622,1.0,0.0,0.0,74,-51,False,True,False,False,False,False,False,False,False,False,True
38.0,31.57894737,5.263157895,35.0,0.0,1.0,0.0,0.0,0,-21,False,False,False,False,False,True,False,False,False,False,True
17.0,23.52941176,5.882352941,50.78,0.0489130434782609,1.0,0.0,0.0,184,0,False,True,False,False,False,False,False,False,True,False,False
39.0,48.71794872,7.692307692,38.71,0.0,1.0,0.0,0.0,0,-38,True,False,False,False,False,False,False,False,True,False,False
28.0,46.42857143,3.571428571,40.02,0.0,1.0,0.0,0.0,0,0,False,True,False,False,False,False,False,False,True,False,False
0.0,0.0,0.0,96.31,0.146487294469357,1.0,0.0,0.0,669,-264,False,True,False,False,False,False,False,False,True,False,False
39.0,0.0,0.0,40.0,0.0,1.0,1.0,0.0,0,0,False,True,False,False,False,False,False,False,False,False,True
45.0,4.444444444,0.0,40.02,0.0,1.0,1.0,0.0,0,0,True,False,False,False,False,False,False,False,True,False,False
0.0,0.0,0.0,60.01,0.014150943,0.0,0.0,0.0,212,-60,False,False,False,False,False,True,False,False,False,True,False
35.0,5.714285714,5.714285714,126.02,0.0476190476190476,1.0,1.0,1.0,42,-4,False,False,False,False,False,False,True,False,False,False,True
2.0,100.0,100.0,29.0,0.0,1.0,0.0,0.0,0,0,False,False,False,False,False,True,False,False,False,False,True
27.0,51.85185185,0.0,37.5,0.102564103,0.0,0.0,0.0,39,39,False,False,False,True,False,False,False,False,False,False,True
24.0,0.0,0.0,29.0,0.0,1.0,0.0,0.0,0,0,False,False,False,False,False,True,False,False,False,False,True
30.0,0.0,0.0,26.38,0.333333333,1.0,1.0,0.0,6,0,False,False,False,False,False,False,True,False,True,False,False
7.0,14.28571429,0.0,118.8,0.086956522,0.0,0.0,0.0,23,-12,False,False,False,False,True,False,False,False,False,False,True
51.0,11.76470588,0.0,106.39,0.054878049,0.0,0.0,0.0,328,0,False,True,False,False,False,False,False,False,True,False,False
16.0,50.0,18.75,40.2,0.0,1.0,0.0,0.0,0,0,True,False,False,False,False,False,False,False,True,False,False
48.0,16.66666667,2.083333333,87.33,0.124423963133641,0.0,0.0,0.0,217,0,False,False,False,False,False,True,False,False,True,False,False
41.0,7.317073171,7.317073171,96.13,0.0,0.0,0.0,0.0,0,-184,False,False,False,False,False,False,True,False,False,False,True
30.0,50.0,3.333333333,38.17,0.046511628,1.0,0.0,0.0,43,-28,False,False,False,False,True,False,False,False,False,True,False
12.0,0.0,0.0,52.03,0.0,1.0,0.0,0.0,0,-1,False,False,False,False,False,True,False,False,True,False,False
6.0,50.0,50.0,35.02,0.0,1.0,0.0,0.0,0,0,False,False,False,False,True,False,False,False,False,False,True
0.0,0.0,0.0,83.18,0.142857143,0.0,0.0,0.0,14,-11,False,True,False,False,False,False,False,False,True,False,False
0.0,0.0,0.0,27.21,0.03960396,0.0,0.0,0.0,101,0,False,False,False,False,False,False,True,False,False,True,False
16.0,0.0,0.0,77.75,0.0,0.0,0.0,0.0,0,-9,True,False,False,False,False,False,False,False,True,False,False
32.0,21.875,0.0,154.01,0.0,0.0,0.0,0.0,0,-635,False,True,False,False,False,False,False,False,True,False,False
34.0,73.52941176,8.823529412,70.66,0.0,0.0,0.0,0.0,0,-196,False,False,False,False,True,False,False,False,False,True,False
30.0,46.66666667,3.333333333,52.83,0.0,1.0,1.0,0.0,0,0,False,True,False,False,False,False,False,False,True,False,False
45.0,2.222222222,0.0,22.14,0.0,0.0,0.0,0.0,0,0,False,False,False,False,False,False,True,False,False,True,False
17.0,17.64705882,0.0,40.02,0.0,1.0,0.0,0.0,0,0,False,False,False,False,True,False,False,False,True,False,False
46.0,4.347826087,0.0,86.89,0.107142857,0.0,0.0,0.0,56,-383,False,False,False,False,False,False,True,False,False,True,False
0.0,0.0,0.0,73.17,0.038095238,0.0,0.0,0.0,210,-35,False,True,False,False,False,False,False,False,False,True,False
57.0,3.50877193,1.754385965,129.36,0.084606345,1.0,0.0,1.0,851,-1,True,False,False,False,False,False,False,False,True,False,False
11.0,81.81818182,18.18181818,39.97,0.0,1.0,1.0,0.0,0,0,False,False,False,False,False,False,True,False,True,False,False
49.0,20.40816327,2.040816327,67.67,0.133333333,0.0,0.0,0.0,90,-7,False,False,False,False,False,True,False,True,False,False,False
43.0,9.302325581,2.325581395,66.54,0.023529412,0.0,0.0,0.0,85,7,False,False,False,False,True,False,False,False,False,False,True
13.0,84.61538462,46.15384615,40.71,0.2,1.0,0.0,0.0,10,0,True,False,False,False,False,False,False,False,False,False,True
29.0,3.448275862,3.448275862,40.0,0.0,1.0,0.0,0.0,0,0,False,False,False,False,False,True,False,False,False,False,True
55.0,0.0,0.0,164.62,0.031518625,0.0,0.0,0.0,349,-7,False,True,False,False,False,False,False,False,True,False,False
12.0,16.66666667,8.333333333,37.33,0.176470588235294,1.0,0.0,0.0,17,0,False,False,False,False,False,True,False,False,False,False,True
21.0,28.57142857,9.523809524,157.26,0.0,1.0,0.0,0.0,0,-1,False,False,False,False,False,True,False,False,False,True,False
45.0,6.666666667,0.0,84.68,0.0,0.0,0.0,0.0,0,-253,True,False,False,False,False,False,False,False,True,False,False
0.0,0.0,0.0,55.65,0.0,0.0,0.0,0.0,0,-99,True,False,False,False,False,False,False,False,False,True,False
46.0,10.86956522,0.0,80.5,0.071428571,1.0,0.0,0.0,28,-16,False,False,True,False,False,False,False,True,False,False,False
39.0,10.25641026,2.564102564,59.73,0.142857143,1.0,0.0,0.0,14,0,False,True,False,False,False,False,False,False,False,False,True
33.0,6.060606061,0.0,40.02,0.0,1.0,0.0,0.0,0,0,True,False,False,False,False,False,False,False,True,False,False
25.0,12.0,8.0,35.0,0.0,1.0,0.0,0.0,0,0,False,False,False,False,False,True,False,False,False,False,True
30.0,36.66666667,13.33333333,150.48,0.0754716981132075,1.0,0.0,0.0,53,0,True,False,False,False,False,False,False,False,True,False,False
30.0,100.0,3.333333333,71.82,0.042253521,1.0,0.0,0.0,497,-19,False,False,False,False,True,False,False,False,True,False,False
60.0,6.666666667,3.333333333,65.88,0.036900369,0.0,1.0,0.0,271,0,False,False,False,False,False,True,False,False,True,False,False
16.0,0.0,0.0,50.83,0.0165289256198347,0.0,0.0,0.0,121,-32,False,False,False,False,False,True,False,False,True,False,False
39.0,20.51282051,10.25641026,40.0,0.0,1.0,1.0,0.0,0,-115,False,False,False,False,False,False,True,False,False,False,True
34.0,5.882352941,5.882352941,39.6,0.0,1.0,0.0,0.0,0,-3,False,False,False,False,False,False,True,False,False,False,True
40.0,20.0,0.0,50.97,0.153846154,0.0,0.0,0.0,13,0,False,False,False,False,False,False,True,False,True,False,False
4.0,25.0,0.0,40.0,0.0,1.0,0.0,0.0,0,0,True,False,False,False,False,False,False,False,False,False,True
39.0,15.38461538,2.564102564,39.49,0.285714286,1.0,0.0,0.0,7,0,True,False,False,False,False,False,False,False,True,False,False
8.0,25.0,12.5,36.95,0.0,1.0,0.0,1.0,0,0,False,True,False,False,False,False,False,False,False,False,True
0.0,0.0,0.0,31.61,0.0,0.0,0.0,0.0,0,-4,True,False,False,False,False,False,False,False,False,True,False
20.0,45.0,0.0,29.0,0.0,1.0,0.0,0.0,0,0,False,False,True,False,False,False,False,True,False,False,False
0.0,0.0,0.0,50.99,0.0,0.0,0.0,0.0,0,0,False,False,False,False,False,False,True,False,True,False,False
0.0,0.0,0.0,132.93,0.0,0.0,0.0,0.0,0,-3,False,False,False,False,True,False,False,False,False,True,False
25.0,28.0,0.0,40.02,0.0,1.0,1.0,0.0,0,0,False,False,False,False,False,True,False,False,True,False,False
45.0,0.0,0.0,25.07,0.029411765,0.0,0.0,0.0,68,-2,False,True,False,False,False,False,False,False,False,True,False
30.0,6.666666667,3.333333333,40.25,0.0,1.0,0.0,0.0,0,0,False,False,False,False,False,False,True,False,True,False,False
45.0,8.888888889,0.0,90.78,0.013138686,0.0,0.0,0.0,685,0,False,False,False,False,False,True,False,False,True,False,False
37.0,43.24324324,2.702702703,51.88,0.0,1.0,0.0,0.0,0,-20,False,False,False,False,True,False,False,False,False,False,True
40.0,27.5,0.0,53.63,0.0,0.0,0.0,0.0,0,0,False,False,False,False,True,False,False,False,True,False,False
47.0,85.10638298,17.0212766,53.41,0.123388582,1.0,1.0,1.0,543,39,False,False,False,False,False,False,True,False,False,False,True
46.0,8.695652174,2.173913043,116.33,0.041062802,0.0,0.0,0.0,828,-146,False,True,False,False,False,False,False,False,False,True,False
29.0,96.55172414,0.0,33.94,0.142857142857143,1.0,0.0,0.0,21,0,False,True,False,False,False,False,False,False,True,False,False
45.0,2.222222222,0.0,51.43,0.0,0.0,0.0,0.0,0,-14,False,False,False,False,False,True,False,False,False,False,True
36.0,91.66666667,25.0,92.48,0.027577938,1.0,0.0,0.0,834,-407,False,False,False,False,False,True,False,False,False,True,False
31.0,35.48387097,0.0,84.9,0.0,1.0,0.0,0.0,0,0,False,False,False,False,True,False,False,False,False,True,False
44.0,6.818181818,0.0,40.0,0.0,1.0,0.0,0.0,0,0,False,False,True,False,False,False,False,True,False,False,False
31.0,9.677419355,6.451612903,90.78,0.0,1.0,0.0,0.0,0,-35,False,False,False,False,False,True,False,False,False,True,False
46.0,32.60869565,8.695652174,67.48,0.210526316,1.0,0.0,0.0,19,0,False,True,False,False,False,False,False,False,False,True,False
24.0,29.16666667,4.166666667,18.92,0.0,1.0,0.0,0.0,0,-7,False,False,False,False,False,True,False,False,False,False,True
39.0,46.15384615,0.0,56.97,0.0,0.0,0.0,0.0,0,-1,False,False,False,False,False,True,False,False,False,False,True
39.0,17.94871795,5.128205128,140.38,0.0247747747747748,1.0,0.0,1.0,444,14,False,False,False,True,False,False,False,False,False,False,True
28.0,96.42857143,17.85714286,63.82,0.054545455,1.0,0.0,0.0,55,0,False,False,False,False,False,True,False,False,False,False,True
11.0,18.18181818,0.0,95.13,0.011705686,0.0,0.0,0.0,598,-29,False,True,False,False,False,False,False,False,False,True,False
45.0,0.0,0.0,45.0,0.0,0.0,0.0,0.0,0,0,False,False,False,False,False,True,False,False,False,False,True
3.0,66.66666667,33.33333333,28.5,0.0,1.0,0.0,0.0,0,-2,False,False,False,False,False,True,False,False,True,False,False
41.0,21.95121951,0.0,50.15,0.0,0.0,0.0,0.0,0,-151,False,False,False,False,False,True,False,False,True,False,False
22.0,86.36363636,4.545454545,40.34,0.0,1.0,0.0,0.0,0,-2,False,True,False,False,False,False,False,False,False,False,True
44.0,6.818181818,0.0,72.93,0.285714286,0.0,0.0,0.0,7,0,True,False,False,False,False,False,False,False,True,False,False
5.0,60.0,0.0,39.97,0.0,1.0,0.0,0.0,0,0,False,False,False,False,True,False,False,False,True,False,False
34.0,20.58823529,2.941176471,52.87,0.0,1.0,0.0,0.0,0,-7,False,True,False,False,False,False,False,False,False,False,True
4.0,25.0,0.0,105.51,0.0,1.0,0.0,0.0,0,-53,False,False,False,False,False,False,True,False,True,False,False
35.0,17.14285714,5.714285714,40.02,0.0,1.0,0.0,0.0,0,0,False,True,False,False,False,False,False,False,True,False,False
45.0,0.0,0.0,18.5,0.0,0.0,0.0,0.0,0,0,False,False,False,False,False,True,False,False,False,False,True
6.0,50.0,33.33333333,35.02,0.0,1.0,0.0,0.0,0,0,False,False,False,False,True,False,False,False,True,False,False
0.0,0.0,0.0,29.59,0.0,0.0,0.0,0.0,0,0,False,True,False,False,False,False,False,False,False,True,False
39.0,12.82051282,5.128205128,24.18,0.0,1.0,0.0,0.0,0,-34,False,True,False,False,False,False,False,False,False,False,True
7.0,57.14285714,28.57142857,40.02,0.0,1.0,1.0,0.0,0,0,False,False,False,False,False,True,False,False,True,False,False
39.0,58.97435897,2.564102564,222.91,0.061538462,1.0,0.0,0.0,65,-1,False,False,False,False,False,True,False,False,False,False,True
45.0,0.0,0.0,34.55,0.0,0.0,0.0,0.0,0,0,True,False,False,False,False,False,False,False,False,True,False
27.0,51.85185185,3.703703704,37.56,0.142857143,1.0,0.0,0.0,14,-5,False,False,False,False,False,True,False,False,False,False,True
47.0,6.382978723,0.0,56.63,0.006793478,0.0,0.0,0.0,736,-90,True,False,False,False,False,False,False,False,False,True,False
20.0,65.0,5.0,19.72,0.0,1.0,0.0,0.0,0,-1,False,True,False,False,False,False,False,False,False,False,True
8.0,37.5,12.5,40.02,0.0,1.0,0.0,0.0,0,0,False,False,False,False,False,True,False,False,False,True,False
45.0,4.444444444,0.0,65.11,0.024793388,1.0,0.0,0.0,121,0,False,False,False,False,True,False,False,False,False,False,True
7.0,14.28571429,0.0,35.0,0.0,1.0,0.0,0.0,0,0,False,False,False,False,False,False,True,False,False,False,True
15.0,53.33333333,0.0,55.6,0.0,1.0,0.0,0.0,0,0,False,False,False,False,False,True,False,False,False,False,True
47.0,57.44680851,14.89361702,73.1,0.136125654,1.0,0.0,0.0,955,-103,True,False,False,False,False,False,False,False,False,True,False
38.0,18.42105263,7.894736842,112.13,0.065934066,1.0,0.0,0.0,91,-7,False,True,False,False,False,False,False,False,False,False,True
35.0,8.571428571,0.0,59.24,0.0,1.0,0.0,0.0,0,0,False,False,False,False,False,False,True,False,True,False,False
35.0,65.71428571,0.0,55.0,0.0,1.0,0.0,0.0,0,-6,False,False,False,False,False,True,False,False,True,False,False
18.0,33.33333333,5.555555556,54.66,0.0,1.0,0.0,0.0,0,0,False,True,False,False,False,False,False,False,True,False,False
23.0,4.347826087,0.0,35.0,0.0,1.0,0.0,0.0,0,0,False,False,False,False,False,False,True,False,False,False,True
33.0,30.3030303,3.03030303,40.02,0.0,1.0,0.0,0.0,0,0,False,False,False,False,True,False,False,False,True,False,False
0.0,0.0,0.0,52.96,0.0234375,0.0,0.0,0.0,128,0,False,True,False,False,False,False,False,False,True,False,False
46.0,45.65217391,13.04347826,67.99,0.01489573,0.0,0.0,0.0,1007,-20,False,False,False,False,False,True,False,False,True,False,False
31.0,25.80645161,0.0,40.02,0.0,1.0,0.0,0.0,0,0,True,False,False,False,False,False,False,False,True,False,False
3.0,0.0,0.0,91.54,0.066666667,1.0,0.0,0.0,30,0,False,False,False,False,False,True,False,False,False,False,True
0.0,0.0,0.0,48.78,0.185185185,0.0,0.0,0.0,27,39,False,False,False,True,False,False,False,False,False,False,True
45.0,0.0,0.0,91.34,0.0,1.0,0.0,0.0,0,-144,False,False,False,False,False,False,True,False,True,False,False
43.0,11.62790698,2.325581395,239.87,0.0485436893203883,1.0,0.0,0.0,103,0,False,True,False,False,False,False,False,False,False,False,True
30.0,33.33333333,0.0,80.9,0.044444444,1.0,0.0,0.0,45,0,False,False,False,False,True,False,False,True,False,False,False
35.0,51.42857143,5.714285714,100.89,0.006578947,0.0,0.0,0.0,304,-23,False,True,False,False,False,False,False,False,True,False,False
29.0,3.448275862,0.0,30.89,0.0,0.0,0.0,0.0,0,-1,False,True,False,False,False,False,False,False,False,True,False
38.0,2.631578947,2.631578947,64.71,0.0,1.0,0.0,0.0,0,-2,False,False,False,False,False,True,False,False,True,False,False
31.0,9.677419355,0.0,63.6,0.0,1.0,0.0,0.0,0,-2,False,False,True,False,False,False,False,True,False,False,False
11.0,9.090909091,9.090909091,56.61,0.125703564727955,0.0,1.0,1.0,533,35,False,False,False,False,True,False,False,False,False,False,True
35.0,37.14285714,14.28571429,78.8,0.0,1.0,0.0,0.0,0,-34,False,False,False,False,False,True,False,False,False,True,False
0.0,0.0,0.0,91.24,0.0700636942675159,0.0,0.0,0.0,157,-1,False,False,False,False,True,False,False,False,True,False,False
47.0,21.27659574,2.127659574,39.04,0.121428571,0.0,0.0,0.0,140,0,False,False,True,False,False,False,False,True,False,False,False
35.0,68.57142857,2.857142857,49.98,0.022222222,0.0,0.0,0.0,90,-43,False,False,False,False,False,True,False,False,True,False,False
17.0,82.35294118,29.41176471,52.56,0.0,1.0,0.0,0.0,0,0,False,False,True,False,False,False,False,False,False,False,True
40.0,50.0,0.0,52.48,0.0,0.0,0.0,0.0,0,-53,False,False,False,False,True,False,False,False,False,False,True
26.0,0.0,0.0,31.0,0.0,1.0,0.0,0.0,0,0,False,False,True,False,False,False,False,False,False,False,True
45.0,6.666666667,0.0,47.2,0.086956522,1.0,0.0,0.0,23,0,True,False,False,False,False,False,False,False,True,False,False
27.0,3.703703704,3.703703704,45.02,0.0,1.0,0.0,0.0,0,0,False,False,False,False,False,False,True,False,True,False,False
16.0,25.0,12.5,35.0,0.0,1.0,0.0,0.0,0,0,False,False,False,False,False,False,True,False,False,False,True
24.0,4.166666667,0.0,85.37,0.0,1.0,0.0,0.0,0,-1,False,False,False,False,True,False,False,True,False,False,False
0.0,0.0,0.0,33.58,0.059907834,0.0,0.0,0.0,217,-59,False,False,False,False,False,False,True,False,False,True,False
41.0,0.0,0.0,40.95,0.047619048,1.0,1.0,0.0,42,-15,False,False,False,False,True,False,False,False,True,False,False
35.0,40.0,11.42857143,53.89,0.044776119,1.0,0.0,1.0,67,0,False,False,False,False,False,True,False,False,False,False,True
26.0,69.23076923,0.0,52.06,0.0,1.0,0.0,0.0,0,0,False,True,False,False,False,False,False,False,True,False,False
16.0,0.0,0.0,63.93,0.0,0.0,0.0,0.0,0,0,False,True,False,False,False,False,False,False,True,False,False
16.0,0.0,0.0,54.37,0.0,0.0,0.0,0.0,0,-13,False,False,False,False,True,False,False,False,True,False,False
34.0,5.882352941,5.882352941,40.02,0.0,1.0,0.0,0.0,0,0,False,True,False,False,False,False,False,False,True,False,False
15.0,60.0,26.66666667,40.02,0.0,1.0,0.0,0.0,0,-3,False,False,False,False,False,True,False,False,True,False,False
0.0,0.0,0.0,14.43,0.0,0.0,0.0,0.0,0,0,False,False,False,False,False,False,True,False,True,False,False
42.0,4.761904762,0.0,78.95,0.0,1.0,0.0,0.0,0,0,False,False,False,False,True,False,False,False,False,True,False
28.0,28.57142857,0.0,50.41,0.0,1.0,0.0,0.0,0,-28,False,False,False,False,False,True,False,False,False,False,True
13.0,92.30769231,46.15384615,66.22,0.272727273,1.0,0.0,1.0,11,0,False,False,False,False,False,True,False,False,False,False,True
0.0,0.0,0.0,99.91,0.043701799,0.0,0.0,0.0,778,-50,False,True,False,False,False,False,False,False,False,True,False
57.0,49.12280702,10.52631579,36.46,0.09489917,0.0,1.0,0.0,843,-9,False,False,False,False,True,False,False,False,True,False,False
3.0,0.0,0.0,40.02,0.0,1.0,0.0,0.0,0,0,False,True,False,False,False,False,False,False,True,False,False
47.0,2.127659574,0.0,71.14,0.026490066,0.0,0.0,0.0,604,-383,False,False,False,False,False,False,True,False,False,True,False
43.0,4.651162791,0.0,131.09,0.0,1.0,0.0,0.0,0,-21,False,True,False,False,False,False,False,False,True,False,False
29.0,0.0,0.0,38.51,0.0,1.0,0.0,0.0,0,0,False,False,False,False,False,False,True,True,False,False,False
42.0,28.57142857,0.0,73.94,0.142857143,0.0,0.0,0.0,14,0,False,False,False,False,False,False,True,False,True,False,False
42.0,0.0,0.0,85.99,0.0,1.0,0.0,0.0,0,-1,False,False,False,False,False,True,False,False,False,False,True
36.0,94.44444444,36.11111111,62.29,0.050104384,1.0,0.0,0.0,958,-427,False,True,False,False,False,False,False,False,False,True,False
34.0,14.70588235,5.882352941,28.89,0.0,1.0,0.0,0.0,0,-14,False,False,False,False,False,True,False,False,False,False,True
0.0,0.0,0.0,19.44,0.0,0.0,0.0,0.0,0,-1,True,False,False,False,False,False,False,False,False,True,False
44.0,4.545454545,0.0,62.3,0.0,1.0,0.0,0.0,0,0,False,False,False,False,False,False,True,False,False,False,True
42.0,2.380952381,0.0,45.02,0.0,1.0,0.0,0.0,0,0,False,True,False,False,False,False,False,False,True,False,False
33.0,6.060606061,0.0,40.25,0.0,1.0,0.0,0.0,0,0,True,False,False,False,False,False,False,False,True,False,False
44.0,6.818181818,0.0,50.84,0.0,0.0,0.0,0.0,0,-49,True,False,False,False,False,False,False,False,True,False,False
0.0,0.0,0.0,55.95,0.090909091,0.0,0.0,0.0,132,0,False,False,False,False,False,False,True,False,False,False,True
23.0,86.95652174,0.0,132.78,0.132034632034632,1.0,0.0,0.0,462,-771,True,False,False,False,False,False,False,False,False,True,False
38.0,0.0,0.0,40.0,0.0,1.0,0.0,0.0,0,0,False,False,False,False,False,True,False,False,False,False,True
30.0,16.66666667,10.0,40.02,0.0,1.0,1.0,0.0,0,0,True,False,False,False,False,False,False,False,True,False,False
31.0,0.0,0.0,44.54,0.0,1.0,0.0,0.0,0,0,True,False,False,False,False,False,False,False,True,False,False
46.0,15.2173913,2.173913043,44.32,0.108108108108108,1.0,0.0,0.0,37,-26,False,True,False,False,False,False,False,False,True,False,False
33.0,27.27272727,3.03030303,40.02,0.0,1.0,0.0,0.0,0,0,True,False,False,False,False,False,False,False,False,True,False
47.0,0.0,0.0,100.02,0.02,0.0,0.0,0.0,350,-21,False,False,False,False,False,True,False,False,False,True,False
16.0,0.0,0.0,12.06,0.0,0.0,0.0,0.0,0,-35,False,False,False,False,False,True,False,False,False,True,False
43.0,16.27906977,4.651162791,58.27,0.0085959885386819,0.0,0.0,0.0,349,-65,False,False,False,False,False,True,False,False,True,False,False
42.0,95.23809524,19.04761905,84.86,0.178294574,1.0,1.0,0.0,129,0,False,False,True,False,False,False,False,False,False,False,True
10.0,50.0,20.0,36.44,0.0333333333333333,1.0,0.0,0.0,60,-31,False,False,False,False,False,True,False,False,False,False,True
39.0,82.05128205,28.20512821,40.18,0.0769230769230769,1.0,1.0,0.0,104,0,False,False,False,False,True,False,False,False,False,False,True
35.0,48.57142857,0.0,88.27,0.0,1.0,0.0,0.0,0,-7,False,False,False,False,False,True,False,False,False,False,True
26.0,42.30769231,11.53846154,31.02,0.0,1.0,0.0,0.0,0,0,False,False,False,False,False,True,False,False,False,False,True
26.0,26.92307692,7.692307692,45.4,0.0,1.0,1.0,0.0,0,0,False,False,False,False,False,True,False,False,True,False,False
0.0,0.0,0.0,17.94,0.02962963,0.0,0.0,0.0,270,-293,True,False,False,False,False,False,False,False,False,True,False
53.0,28.30188679,3.773584906,45.77,0.133333333,0.0,1.0,0.0,135,-104,False,False,False,False,False,True,False,False,True,False,False
42.0,54.76190476,26.19047619,43.04,0.039344262,0.0,0.0,0.0,305,-8,False,False,False,False,True,False,False,False,False,True,False
18.0,83.33333333,22.22222222,38.49,0.222222222222222,1.0,0.0,0.0,18,0,False,False,False,False,False,True,False,False,False,False,True
50.0,8.0,4.0,40.02,0.0,1.0,0.0,0.0,0,-211,False,False,False,False,True,False,False,False,True,False,False
45.0,2.222222222,0.0,69.8,0.040816327,1.0,0.0,0.0,49,-12,False,False,True,False,False,False,False,True,False,False,False
39.0,46.15384615,10.25641026,51.72,0.030508475,1.0,0.0,0.0,295,0,False,False,False,False,True,False,False,False,True,False,False
25.0,52.0,4.0,52.96,0.0,1.0,0.0,0.0,0,-2,True,False,False,False,False,False,False,False,False,True,False
40.0,22.5,2.5,43.48,0.142857143,1.0,0.0,0.0,14,0,False,True,False,False,False,False,False,False,True,False,False
44.0,22.72727273,2.272727273,57.51,0.0410628019323672,1.0,0.0,0.0,414,-287,False,False,False,False,False,True,False,False,True,False,False
0.0,0.0,0.0,54.49,0.0,0.0,0.0,0.0,0,-4,False,False,False,False,True,False,False,False,True,False,False
36.0,58.33333333,0.0,75.83,0.0,1.0,0.0,0.0,0,0,False,False,False,False,False,False,True,False,False,True,False
0.0,0.0,0.0,59.21,0.0,1.0,0.0,0.0,0,0,False,False,False,False,True,False,False,True,False,False,False
11.0,81.81818182,36.36363636,40.02,0.0,1.0,1.0,0.0,0,0,False,False,False,False,False,True,False,False,True,False,False
45.0,22.22222222,2.222222222,76.07,0.036363636,1.0,0.0,0.0,55,-3,False,False,True,False,False,False,False,True,False,False,False
2.0,100.0,0.0,40.02,0.0,1.0,0.0,0.0,0,-2,False,False,False,False,False,True,False,False,True,False,False
7.0,100.0,0.0,29.02,0.0,1.0,0.0,0.0,0,0,False,True,False,False,False,False,False,False,False,True,False
48.0,0.0,0.0,65.77,0.017452007,0.0,0.0,0.0,573,-53,False,True,False,False,False,False,False,False,True,False,False
31.0,6.451612903,0.0,40.02,0.0,1.0,0.0,0.0,0,0,False,True,False,False,False,False,False,False,True,False,False
44.0,18.18181818,4.545454545,89.34,0.0,1.0,0.0,0.0,0,-25,False,True,False,False,False,False,False,False,True,False,False
45.0,0.0,0.0,54.93,1.0,0.0,0.0,0.0,2,-7,True,False,False,False,False,False,False,False,False,True,False
18.0,11.11111111,0.0,44.43,0.0,1.0,0.0,0.0,0,-27,False,False,False,False,False,False,True,False,True,False,False
9.0,66.66666667,11.11111111,29.02,0.0,1.0,0.0,0.0,0,0,False,False,False,False,False,False,True,False,False,True,False
0.0,0.0,0.0,57.36,0.0,0.0,0.0,0.0,0,-1,False,False,False,False,True,False,False,False,True,False,False
41.0,4.87804878,4.87804878,30.13,0.0,1.0,0.0,0.0,0,-31,False,False,False,False,True,False,False,False,False,False,True
44.0,6.818181818,2.272727273,40.02,0.0,1.0,0.0,0.0,0,0,False,False,False,False,False,False,True,False,True,False,False
47.0,2.127659574,0.0,52.24,0.047619048,0.0,0.0,0.0,147,-1,False,False,False,False,False,False,True,False,True,False,False
47.0,0.0,0.0,51.26,0.020100503,0.0,0.0,0.0,199,-1,False,False,False,False,True,False,False,False,True,False,False
50.0,40.0,10.0,54.84,0.0476190476190476,1.0,0.0,0.0,84,-15,False,True,False,False,False,False,False,False,False,False,True
41.0,21.95121951,0.0,50.64,0.0,0.0,0.0,0.0,0,-32,False,False,False,False,True,False,False,False,False,True,False
45.0,4.444444444,0.0,51.3,0.0,1.0,0.0,0.0,0,-24,False,False,False,False,False,True,False,False,True,False,False
21.0,23.80952381,14.28571429,77.29,0.0,1.0,0.0,0.0,0,-18,False,False,False,False,False,True,False,True,False,False,False
3.0,33.33333333,33.33333333,92.91,0.0,0.0,0.0,0.0,0,-21,False,False,False,False,True,False,False,False,False,True,False
42.0,2.380952381,0.0,40.02,0.0,1.0,0.0,0.0,0,0,False,True,False,False,False,False,False,False,False,False,True
6.0,66.66666667,0.0,60.72,0.0,1.0,0.0,0.0,0,-1,False,False,False,False,False,True,False,False,False,False,True
8.0,62.5,12.5,40.2,0.0,1.0,0.0,0.0,0,0,False,False,False,False,False,True,False,False,True,False,False
47.0,0.0,0.0,64.85,0.073322933,0.0,0.0,0.0,641,-43,False,False,False,False,False,False,True,False,False,True,False
50.0,34.0,8.0,46.54,0.021929825,0.0,0.0,0.0,228,-23,True,False,False,False,False,False,False,False,False,False,True
9.0,11.11111111,0.0,56.02,0.026694045174538,1.0,0.0,1.0,487,-388,False,True,False,False,False,False,False,False,True,False,False
38.0,31.57894737,5.263157895,82.57,0.0,1.0,0.0,0.0,0,-10,False,False,False,False,True,False,False,False,False,False,True
37.0,10.81081081,0.0,40.02,0.0,1.0,0.0,0.0,0,0,False,False,False,False,False,True,False,False,True,False,False
41.0,48.7804878,14.63414634,71.45,0.022058824,1.0,0.0,0.0,136,-6,False,False,False,False,False,False,True,False,True,False,False
43.0,6.976744186,2.325581395,73.74,0.0714285714285714,0.0,0.0,0.0,28,-2,False,True,False,False,False,False,False,False,True,False,False
48.0,0.0,0.0,115.41,0.107526882,0.0,0.0,0.0,93,-1,False,False,False,False,False,True,False,False,False,True,False
20.0,5.0,0.0,89.46,0.014981273,0.0,0.0,0.0,267,0,False,False,True,False,False,False,False,False,False,False,True
33.0,75.75757576,9.090909091,86.91,0.0,1.0,0.0,0.0,0,-3,False,False,False,False,True,False,False,True,False,False,False
40.0,37.5,0.0,51.6,0.0,0.0,0.0,0.0,0,0,False,True,False,False,False,False,False,False,True,False,False
60.0,15.0,6.666666667,87.83,0.096774194,1.0,1.0,0.0,248,-2,True,False,False,False,False,False,False,False,False,True,False
19.0,26.31578947,10.52631579,29.02,0.0,1.0,0.0,0.0,0,0,True,False,False,False,False,False,False,False,False,True,False
44.0,2.272727273,0.0,40.2,0.0,1.0,1.0,0.0,0,-43,True,False,False,False,False,False,False,False,True,False,False
15.0,20.0,0.0,35.0,0.0,1.0,0.0,0.0,0,0,False,True,False,False,False,False,False,False,False,False,True
14.0,28.57142857,0.0,40.02,0.0,1.0,0.0,0.0,0,0,False,False,False,False,True,False,False,False,True,False,False
0.0,0.0,0.0,61.6,0.0026881720430107,1.0,0.0,0.0,744,0,False,False,False,False,True,False,False,False,False,True,False
25.0,16.0,0.0,66.59,0.142857143,1.0,0.0,0.0,14,0,False,False,False,False,False,False,True,False,False,False,True
44.0,6.818181818,0.0,40.42,0.142857143,0.0,0.0,0.0,14,0,False,False,False,False,False,False,True,False,False,False,True
51.0,21.56862745,11.76470588,123.03,0.059490085,1.0,0.0,0.0,1059,-111,True,False,False,False,False,False,False,False,False,True,False
38.0,18.42105263,10.52631579,32.65,0.0,1.0,0.0,0.0,0,-32,False,False,False,False,False,True,False,False,False,False,True
36.0,0.0,0.0,94.57,0.0,0.0,0.0,0.0,0,-27,False,False,False,True,False,False,False,False,False,False,True
26.0,30.76923077,3.846153846,60.14,0.0,1.0,0.0,0.0,0,0,False,False,False,False,True,False,False,False,False,False,True
0.0,0.0,0.0,91.09,0.095238095,0.0,0.0,0.0,63,0,False,False,False,False,False,False,True,False,True,False,False
44.0,4.545454545,0.0,60.79,0.0909090909090909,0.0,0.0,0.0,22,-17,True,False,False,False,False,False,False,False,True,False,False
30.0,3.333333333,0.0,55.37,0.0,1.0,0.0,0.0,0,0,True,False,False,False,False,False,False,False,False,False,True
48.0,10.41666667,6.25,60.7,0.015151515,0.0,0.0,0.0,198,-235,False,False,False,False,False,False,True,False,False,False,True
23.0,65.2173913,4.347826087,31.0,0.0,1.0,0.0,0.0,0,0,False,True,False,False,False,False,False,True,False,False,False
0.0,0.0,0.0,52.16,0.023923445,0.0,0.0,0.0,209,39,False,False,True,False,False,False,False,True,False,False,False
31.0,6.451612903,3.225806452,92.58,0.0,1.0,0.0,0.0,0,0,True,False,False,False,False,False,False,False,False,False,True
10.0,40.0,10.0,35.0,0.0,1.0,0.0,0.0,0,0,False,False,False,False,False,True,False,False,False,False,True
3.0,100.0,33.33333333,40.02,0.0,1.0,1.0,0.0,0,0,False,False,False,False,False,True,False,False,True,False,False
6.0,83.33333333,16.66666667,29.02,0.0,1.0,0.0,0.0,0,0,True,False,False,False,False,False,False,False,False,True,False
41.0,9.756097561,0.0,40.02,0.0,1.0,0.0,0.0,0,0,False,False,False,False,True,False,False,False,True,False,False
36.0,2.777777778,0.0,40.02,0.0,1.0,0.0,0.0,0,0,False,True,False,False,False,False,False,False,True,False,False
27.0,85.18518519,0.0,40.02,0.0,0.0,0.0,0.0,0,-852,True,False,False,False,False,False,False,False,True,False,False
0.0,0.0,0.0,51.12,0.222222222222222,0.0,0.0,0.0,9,-20,False,True,False,False,False,False,False,False,True,False,False
31.0,3.225806452,3.225806452,40.02,0.0,1.0,0.0,0.0,0,-9,False,False,False,False,True,False,False,False,False,False,True
24.0,4.166666667,0.0,4.6,0.0,0.0,0.0,0.0,0,0,False,False,False,False,False,False,True,False,False,True,False
46.0,2.173913043,0.0,30.11,0.0,1.0,0.0,0.0,0,-10,False,False,False,False,False,False,True,False,True,False,False
16.0,0.0,0.0,40.44,0.375,1.0,0.0,0.0,8,-12,False,False,False,False,True,False,False,False,False,True,False
6.0,66.66666667,0.0,73.92,0.0,0.0,1.0,1.0,0,-1,False,False,False,False,False,False,True,False,False,False,True
0.0,0.0,0.0,21.39,0.0,0.0,0.0,0.0,0,-1,False,False,False,False,True,False,False,False,False,True,False
25.0,4.0,4.0,38.46,0.25,1.0,0.0,1.0,8,0,False,True,False,False,False,False,False,False,True,False,False
39.0,25.64102564,0.0,92.9,0.0,1.0,0.0,0.0,0,-342,True,False,False,False,False,False,False,False,False,True,False
44.0,38.63636364,0.0,109.35,0.0267639902676399,0.0,0.0,0.0,411,-109,True,False,False,False,False,False,False,False,True,False,False
31.0,9.677419355,0.0,40.02,0.0,1.0,1.0,0.0,0,0,False,False,True,False,False,False,False,False,False,False,True
16.0,0.0,0.0,49.82,0.0,0.0,0.0,0.0,0,-1,False,True,False,False,False,False,False,False,True,False,False
0.0,0.0,0.0,75.76,0.048923679,0.0,0.0,0.0,511,-13,False,True,False,False,False,False,False,False,False,True,False
28.0,21.42857143,3.571428571,57.55,0.0,1.0,0.0,0.0,0,-39,False,False,False,False,False,False,True,False,True,False,False
27.0,44.44444444,3.703703704,36.03,0.0,1.0,0.0,0.0,0,0,False,False,False,False,False,False,True,False,False,True,False
1.0,100.0,0.0,40.02,0.0,1.0,0.0,0.0,0,0,True,False,False,False,False,False,False,False,False,True,False
0.0,0.0,0.0,74.98,0.107142857,1.0,0.0,0.0,252,0,False,False,False,False,True,False,False,False,False,True,False
39.0,12.82051282,2.564102564,51.08,0.083333333,1.0,1.0,0.0,72,0,False,True,False,False,False,False,False,False,True,False,False
0.0,0.0,0.0,36.33,0.0,0.0,0.0,0.0,0,-263,True,False,False,False,False,False,False,False,False,True,False
31.0,35.48387097,3.225806452,40.0,0.0,1.0,0.0,0.0,0,-4,False,False,False,False,False,False,True,False,False,False,True
46.0,30.43478261,8.695652174,111.69,0.019900498,0.0,0.0,0.0,201,-7,False,False,False,False,False,False,True,False,False,True,False
46.0,2.173913043,0.0,51.65,0.0,0.0,0.0,0.0,0,-255,True,False,False,False,False,False,False,False,True,False,False
28.0,32.14285714,10.71428571,40.02,0.0,1.0,1.0,0.0,0,0,False,False,False,False,False,True,False,False,True,False,False
41.0,24.3902439,0.0,40.02,0.0,1.0,1.0,0.0,0,0,False,True,False,False,False,False,False,False,True,False,False
32.0,53.125,25.0,89.35,0.0,1.0,0.0,0.0,0,-49,False,True,False,False,False,False,False,False,False,False,True
0.0,0.0,0.0,71.78,0.032069971,1.0,0.0,0.0,686,-4,False,False,False,False,False,False,True,False,True,False,False
31.0,16.12903226,0.0,40.02,0.0,1.0,0.0,0.0,0,0,True,False,False,False,False,False,False,False,True,False,False
39.0,17.94871795,10.25641026,43.31,0.0044052863436123,0.0,0.0,0.0,454,12,False,False,False,True,False,False,False,False,False,False,True
22.0,100.0,9.090909091,40.92,0.064516129,1.0,0.0,0.0,31,-8,True,False,False,False,False,False,False,False,False,False,True
16.0,0.0,0.0,53.95,0.0,0.0,0.0,0.0,0,-182,False,True,False,False,False,False,False,False,True,False,False
24.0,45.83333333,20.83333333,31.0,0.0,1.0,0.0,0.0,0,0,False,False,False,False,False,True,False,False,False,True,False
0.0,0.0,0.0,51.63,0.0,0.0,0.0,0.0,0,-5,False,False,False,False,False,True,False,False,True,False,False
24.0,12.5,8.333333333,36.74,0.272727273,1.0,0.0,0.0,11,0,False,True,False,False,False,False,False,False,False,True,False
34.0,11.76470588,0.0,40.02,0.0,1.0,0.0,0.0,0,0,False,False,False,False,False,False,True,False,True,False,False
28.0,60.71428571,25.0,41.8,0.2,0.0,0.0,0.0,15,0,True,False,False,False,False,False,False,False,True,False,False
41.0,4.87804878,0.0,83.49,0.166666667,0.0,0.0,0.0,12,-654,False,False,False,False,False,False,True,False,False,True,False
30.0,93.33333333,0.0,58.34,0.125,0.0,0.0,0.0,16,0,False,False,False,False,False,False,True,False,True,False,False
22.0,31.81818182,9.090909091,40.2,0.0,1.0,1.0,0.0,0,0,False,False,False,False,False,True,False,False,False,True,False
37.0,32.43243243,8.108108108,40.02,0.0,1.0,0.0,0.0,0,-2,False,False,False,False,False,False,True,False,True,False,False
46.0,2.173913043,2.173913043,68.86,0.011173184,0.0,0.0,0.0,358,-1,False,True,False,False,False,False,False,False,True,False,False
45.0,0.0,0.0,61.91,0.0,0.0,0.0,0.0,0,0,False,False,False,False,False,False,True,False,False,True,False
45.0,0.0,0.0,8.29,0.0,0.0,0.0,0.0,0,-42,False,False,False,False,False,False,True,False,True,False,False
30.0,93.33333333,0.0,52.06,0.0,1.0,0.0,0.0,0,0,False,True,False,False,False,False,False,False,False,True,False
45.0,0.0,0.0,90.49,0.037037037037037,0.0,0.0,0.0,54,-3,False,False,False,False,True,False,False,False,False,False,True
27.0,14.81481481,7.407407407,39.95,0.0,1.0,0.0,0.0,0,0,False,True,False,False,False,False,False,False,False,False,True
46.0,4.347826087,0.0,46.23,0.011764706,0.0,0.0,0.0,170,-10,False,False,True,False,False,False,False,True,False,False,False
36.0,58.33333333,5.555555556,38.0,0.25,1.0,0.0,1.0,8,0,False,True,False,False,False,False,False,False,False,False,True
46.0,36.95652174,8.695652174,30.82,0.040650406504065,1.0,0.0,0.0,123,0,False,True,False,False,False,False,False,False,False,True,False
12.0,83.33333333,41.66666667,73.75,0.0,1.0,0.0,0.0,0,0,False,False,False,False,True,False,False,False,True,False,False
45.0,0.0,0.0,56.56,0.142857143,1.0,0.0,0.0,14,-30,True,False,False,False,False,False,False,False,False,True,False
48.0,47.91666667,18.75,201.13,0.0262390670553936,0.0,0.0,0.0,343,-1,False,False,False,False,True,False,False,False,True,False,False
9.0,77.77777778,22.22222222,119.0,0.166666667,1.0,0.0,0.0,12,-31,False,False,False,False,False,False,True,False,False,False,True
45.0,8.888888889,6.666666667,214.89,0.0,1.0,0.0,0.0,0,-39,True,False,False,False,False,False,False,False,False,False,True
0.0,0.0,0.0,127.4,0.0,0.0,0.0,0.0,0,0,False,False,False,False,False,True,False,False,False,True,False
1.0,100.0,0.0,40.02,0.0,1.0,0.0,0.0,0,0,False,False,False,False,True,False,False,False,False,True,False
5.0,40.0,20.0,40.0,0.0,0.0,0.0,0.0,0,0,False,False,False,False,True,False,False,False,False,False,True
29.0,51.72413793,3.448275862,55.07,0.090909091,1.0,0.0,0.0,33,-3,True,False,False,False,False,False,False,False,True,False,False
47.0,6.382978723,0.0,84.05,0.033738192,1.0,0.0,0.0,741,0,True,False,False,False,False,False,False,False,True,False,False
44.0,2.272727273,0.0,88.7,0.0,1.0,0.0,0.0,0,-9,False,False,True,False,False,False,False,True,False,False,False
4.0,100.0,50.0,29.02,0.0,1.0,0.0,0.0,0,0,False,True,False,False,False,False,False,False,False,False,True
54.0,5.555555556,1.851851852,89.76,0.071428571,0.0,0.0,0.0,532,0,False,False,False,False,False,False,True,False,True,False,False
20.0,50.0,5.0,48.45,0.0,1.0,1.0,0.0,0,0,False,False,False,False,False,False,True,False,True,False,False
42.0,26.19047619,0.0,75.29,0.0,0.0,0.0,0.0,0,0,False,False,False,False,False,False,True,False,True,False,False
24.0,100.0,4.166666667,77.71,2.0,1.0,0.0,0.0,1,-1,False,False,False,False,False,True,False,False,False,False,True
37.0,35.13513514,0.0,45.82,0.2,1.0,0.0,0.0,10,-2,False,True,False,False,False,False,False,False,False,True,False
35.0,14.28571429,0.0,42.06,0.0,1.0,0.0,0.0,0,0,True,False,False,False,False,False,False,False,True,False,False
38.0,0.0,0.0,100.34,0.0769230769230769,1.0,0.0,0.0,26,0,False,False,False,False,False,False,True,False,True,False,False
45.0,0.0,0.0,50.76,0.0,1.0,0.0,0.0,0,-26,False,False,False,False,True,False,False,False,True,False,False
31.0,83.87096774,9.677419355,53.69,0.0,0.0,0.0,0.0,0,-199,True,False,False,False,False,False,False,False,False,False,True
9.0,77.77777778,44.44444444,50.58,0.0,1.0,0.0,0.0,0,-16,False,False,False,False,True,False,False,False,False,False,True
31.0,0.0,0.0,40.27,0.0,1.0,0.0,0.0,0,0,False,False,False,False,False,True,False,False,False,True,False
25.0,20.0,4.0,89.81,0.0,1.0,0.0,0.0,0,0,True,False,False,False,False,False,False,False,True,False,False
35.0,25.71428571,5.714285714,20.13,0.0,1.0,0.0,0.0,0,-35,False,False,False,False,True,False,False,False,False,False,True
43.0,32.55813953,9.302325581,77.08,0.363636364,0.0,0.0,0.0,11,0,False,False,False,False,False,False,True,False,False,True,False
35.0,17.14285714,2.857142857,83.27,0.0,1.0,0.0,0.0,0,-27,False,True,False,False,False,False,False,False,False,False,True
31.0,19.35483871,6.451612903,40.02,0.0,1.0,0.0,0.0,0,0,False,False,False,False,False,True,False,False,True,False,False
8.0,75.0,50.0,237.23,0.0,1.0,0.0,0.0,0,0,False,False,False,False,True,False,False,False,False,False,True
43.0,23.25581395,0.0,51.53,0.0,0.0,0.0,0.0,0,0,False,True,False,False,False,False,False,False,True,False,False
37.0,16.21621622,0.0,40.02,0.0,1.0,1.0,0.0,0,0,False,True,False,False,False,False,False,False,False,False,True
45.0,2.222222222,0.0,66.98,0.021428571,0.0,0.0,0.0,140,0,False,False,False,False,False,True,False,False,False,True,False
30.0,76.66666667,13.33333333,37.83,0.162162162,1.0,1.0,0.0,37,0,True,False,False,False,False,False,False,False,True,False,False
25.0,32.0,4.0,44.86,0.0,1.0,0.0,0.0,0,-5,False,True,False,False,False,False,False,False,False,True,False
1.0,100.0,0.0,40.02,0.0,1.0,0.0,0.0,0,-1,False,False,False,False,False,True,False,False,False,True,False
2.0,100.0,50.0,56.1,0.25,1.0,0.0,0.0,8,-6,False,False,False,False,False,True,False,False,False,False,True
36.0,36.11111111,5.555555556,52.58,0.0,1.0,0.0,0.0,0,-144,True,False,False,False,False,False,False,False,False,False,True
0.0,0.0,0.0,67.32,0.051898734,0.0,0.0,0.0,790,-72,False,True,False,False,False,False,False,False,False,True,False
43.0,25.58139535,4.651162791,49.93,0.010204082,0.0,0.0,0.0,392,0,False,True,False,False,False,False,False,False,False,True,False
34.0,2.941176471,2.941176471,96.13,0.0,1.0,0.0,0.0,0,0,False,False,True,False,False,False,False,False,False,False,True
5.0,80.0,20.0,57.74,0.0,0.0,0.0,0.0,0,0,False,False,False,False,False,False,True,False,False,True,False
0.0,0.0,0.0,16.95,0.0,0.0,0.0,0.0,0,0,False,False,False,False,False,True,False,False,False,True,False
16.0,0.0,0.0,14.8,0.0,0.0,0.0,0.0,0,-1,True,False,False,False,False,False,False,False,False,True,False
0.0,0.0,0.0,66.7,0.0,0.0,0.0,0.0,0,35,False,False,False,False,True,False,False,False,False,False,True
0.0,0.0,0.0,45.21,0.0,1.0,0.0,0.0,0,-1,False,False,False,False,False,True,False,False,False,False,True
40.0,60.0,0.0,124.48,0.285714286,0.0,0.0,0.0,14,-429,False,False,False,False,False,False,True,False,False,True,False
41.0,36.58536585,2.43902439,58.91,0.008163265,1.0,0.0,0.0,490,-204,False,True,False,False,False,False,False,False,False,True,False
40.0,2.5,0.0,42.6,0.0,1.0,0.0,0.0,0,-51,True,False,False,False,False,False,False,False,True,False,False
51.0,15.68627451,1.960784314,75.63,0.02006689,1.0,0.0,0.0,299,0,False,False,False,False,True,False,False,True,False,False,False
16.0,0.0,0.0,128.98,0.142857143,0.0,0.0,0.0,21,-35,True,False,False,False,False,False,False,False,True,False,False
45.0,0.0,0.0,17.97,0.0,0.0,0.0,0.0,0,-26,False,False,False,False,False,False,True,False,False,False,True
13.0,38.46153846,7.692307692,35.0,0.0,1.0,0.0,0.0,0,0,False,False,False,False,False,False,True,False,False,False,True
0.0,0.0,0.0,25.75,0.048672566,0.0,0.0,0.0,226,0,False,False,False,False,True,False,False,False,False,True,False
45.0,6.666666667,4.444444444,76.61,0.071428571,1.0,0.0,0.0,42,-1,False,False,False,False,False,False,True,False,False,True,False
15.0,80.0,20.0,39.94,0.061320755,0.0,1.0,0.0,212,-24,True,False,False,False,False,False,False,False,True,False,False
12.0,83.33333333,16.66666667,26.26,0.030107527,1.0,0.0,0.0,930,-79,True,False,False,False,False,False,False,False,False,False,True
35.0,22.85714286,5.714285714,52.77,0.0,1.0,0.0,0.0,0,-14,False,True,False,False,False,False,False,False,False,True,False
0.0,0.0,0.0,34.67,0.0,0.0,0.0,0.0,0,-32,False,False,False,False,False,False,True,False,True,False,False
39.0,17.94871795,5.128205128,81.23,0.0,1.0,0.0,0.0,0,-23,False,True,False,False,False,False,False,False,False,True,False
37.0,21.62162162,2.702702703,86.52,0.093023256,1.0,0.0,0.0,43,0,False,True,False,False,False,False,False,False,False,True,False
0.0,0.0,0.0,51.51,0.0,1.0,0.0,0.0,0,-179,False,False,False,False,True,False,False,False,True,False,False
32.0,3.125,3.125,50.87,0.0,1.0,0.0,0.0,0,-2,False,False,False,False,False,True,False,False,False,False,True
37.0,43.24324324,16.21621622,33.31,0.102040816,1.0,1.0,0.0,49,-7,False,False,False,False,False,True,False,False,False,False,True
3.0,100.0,0.0,50.3,0.0,0.0,0.0,0.0,0,-9,False,True,False,False,False,False,False,False,True,False,False
11.0,63.63636364,9.090909091,40.02,0.0,1.0,1.0,1.0,0,0,False,True,False,False,False,False,False,False,True,False,False
45.0,4.444444444,2.222222222,51.5,0.0,0.0,0.0,0.0,0,-3,False,False,False,False,False,False,True,False,False,True,False
16.0,0.0,0.0,54.23,0.0,0.0,0.0,0.0,0,-3,False,False,False,False,False,False,True,False,True,False,False
38.0,0.0,0.0,85.01,0.0540540540540541,1.0,0.0,0.0,37,0,False,False,False,False,False,False,True,False,False,False,True
40.0,47.5,7.5,35.59,0.0,1.0,0.0,0.0,0,-32,False,False,False,False,True,False,False,False,False,False,True
35.0,8.571428571,2.857142857,72.89,0.027027027,0.0,0.0,0.0,111,0,False,False,False,True,False,False,False,False,False,False,True
45.0,0.0,0.0,130.75,0.0,0.0,0.0,0.0,0,-12,False,False,False,False,False,True,False,False,False,False,True
19.0,94.73684211,21.05263158,40.02,0.0,1.0,0.0,0.0,0,0,False,False,False,False,True,False,False,False,False,True,False
45.0,8.888888889,4.444444444,50.87,0.0,1.0,0.0,0.0,0,0,False,False,False,False,False,True,False,False,False,False,True
22.0,72.72727273,4.545454545,40.02,0.0,1.0,0.0,0.0,0,0,False,False,False,False,True,False,False,False,False,True,False
40.0,2.5,0.0,40.0,0.0,1.0,0.0,0.0,0,0,False,False,True,False,False,False,False,False,False,False,True
5.0,20.0,0.0,105.9,0.057692308,1.0,0.0,0.0,52,-52,False,False,False,False,False,True,False,False,True,False,False
43.0,13.95348837,4.651162791,85.25,0.0,1.0,0.0,0.0,0,-32,False,False,False,False,False,True,False,False,False,False,True
31.0,74.19354839,0.0,50.39,0.0,1.0,0.0,0.0,0,-71,False,False,False,False,True,False,False,False,True,False,False
0.0,0.0,0.0,23.72,0.0,0.0,0.0,0.0,0,0,False,False,False,False,True,False,False,False,False,True,False
37.0,75.67567568,8.108108108,94.88,0.087591241,1.0,0.0,1.0,548,39,False,False,False,True,False,False,False,False,False,False,True
45.0,11.11111111,2.222222222,50.64,0.0,0.0,0.0,0.0,0,-17,False,True,False,False,False,False,False,False,True,False,False
45.0,0.0,0.0,50.12,0.0,0.0,0.0,0.0,0,-7,False,False,False,False,True,False,False,False,True,False,False
40.0,17.5,5.0,29.43,0.0,0.0,0.0,0.0,0,-337,True,False,False,False,False,False,False,False,True,False,False
17.0,94.11764706,5.882352941,40.12,0.133333333,1.0,0.0,0.0,15,0,False,True,False,False,False,False,False,False,True,False,False
44.0,4.545454545,0.0,40.02,0.0,1.0,0.0,0.0,0,0,True,False,False,False,False,False,False,False,True,False,False
41.0,31.70731707,0.0,115.23,0.0,0.0,0.0,0.0,0,-17,False,True,False,False,False,False,False,False,True,False,False
0.0,0.0,0.0,50.52,0.0,0.0,0.0,0.0,0,-6,False,False,False,False,False,True,False,False,False,True,False
43.0,6.976744186,4.651162791,52.55,0.117647059,0.0,0.0,0.0,17,-47,False,False,False,False,False,True,False,False,False,True,False
23.0,13.04347826,0.0,10.4,0.0,0.0,0.0,0.0,0,0,False,False,False,False,True,False,False,False,False,True,False
36.0,5.555555556,2.777777778,40.02,0.0,1.0,0.0,0.0,0,0,False,False,False,False,False,False,True,False,True,False,False
27.0,0.0,0.0,30.78,0.0,1.0,0.0,0.0,0,-3,False,False,False,False,False,False,True,False,False,False,True
45.0,20.0,0.0,80.61,0.0,0.0,0.0,0.0,0,-91,False,True,False,False,False,False,False,False,True,False,False
16.0,0.0,0.0,57.37,0.050847458,0.0,0.0,0.0,59,0,False,False,False,False,True,False,False,False,True,False,False
0.0,0.0,0.0,29.68,0.0,0.0,0.0,0.0,0,-27,False,False,False,False,False,False,True,False,True,False,False
43.0,6.976744186,0.0,40.0,0.0,1.0,0.0,0.0,0,0,False,False,False,False,False,True,False,False,False,False,True
40.0,15.0,0.0,40.02,0.0,1.0,0.0,0.0,0,0,False,False,False,False,True,False,False,False,True,False,False
42.0,14.28571429,7.142857143,7.6,0.008196721,0.0,0.0,0.0,244,0,False,False,False,False,True,False,False,False,True,False,False
32.0,40.625,6.25,74.85,0.0,1.0,0.0,0.0,0,0,False,False,False,False,False,True,False,False,False,False,True
33.0,21.21212121,9.090909091,31.5,0.103448275862069,1.0,0.0,0.0,29,-9,False,False,False,False,False,False,True,False,False,False,True
8.0,50.0,37.5,35.0,0.0,1.0,0.0,0.0,0,0,True,False,False,False,False,False,False,False,False,False,True
0.0,0.0,0.0,40.0,0.0,0.0,0.0,0.0,0,0,False,False,True,False,False,False,False,False,False,False,True
43.0,39.53488372,0.0,109.37,0.047244094,0.0,0.0,0.0,762,0,False,False,False,False,True,False,False,False,True,False,False
26.0,15.38461538,11.53846154,54.67,0.0,1.0,0.0,0.0,0,-22,False,False,False,False,True,False,False,False,True,False,False
13.0,76.92307692,30.76923077,48.43,0.0174216027874564,1.0,1.0,0.0,574,-510,True,False,False,False,False,False,False,False,True,False,False
42.0,4.761904762,2.380952381,44.55,0.1,1.0,0.0,0.0,50,0,False,False,False,False,True,False,False,False,False,False,True
21.0,9.523809524,4.761904762,69.65,0.0,1.0,0.0,0.0,0,-13,False,True,False,False,False,False,False,False,False,False,True
30.0,6.666666667,3.333333333,55.3,0.0,1.0,0.0,0.0,0,0,False,False,False,False,False,False,True,True,False,False,False
34.0,67.64705882,38.23529412,45.79,0.011331445,1.0,0.0,0.0,706,0,False,False,False,False,True,False,False,False,True,False,False
30.0,10.0,3.333333333,34.78,0.0,1.0,0.0,0.0,0,-3,False,False,False,False,False,True,False,False,False,False,True
24.0,41.66666667,0.0,40.02,0.0,1.0,0.0,0.0,0,0,False,False,False,False,False,False,True,False,False,False,True
44.0,4.545454545,0.0,83.13,0.0,0.0,0.0,0.0,0,-6,False,True,False,False,False,False,False,False,True,False,False
43.0,30.23255814,2.325581395,75.79,0.0,0.0,0.0,0.0,0,-152,False,False,False,False,False,False,True,False,False,False,True
0.0,0.0,0.0,174.98,0.388888889,0.0,0.0,0.0,180,-315,False,False,False,False,False,True,False,False,False,True,False
31.0,32.25806452,9.677419355,40.02,0.0,1.0,0.0,0.0,0,0,False,True,False,False,False,False,False,False,True,False,False
8.0,87.5,12.5,53.03,0.0,0.0,0.0,0.0,0,-8,False,False,True,False,False,False,False,False,False,False,True
3.0,33.33333333,33.33333333,43.89,0.0,1.0,0.0,0.0,0,0,False,True,False,False,False,False,False,False,True,False,False
9.0,33.33333333,22.22222222,40.0,0.0,1.0,0.0,1.0,0,0,False,False,False,False,True,False,False,False,False,False,True
7.0,71.42857143,28.57142857,55.61,0.0,1.0,0.0,0.0,0,0,False,False,False,False,False,False,True,False,False,False,True
34.0,0.0,0.0,40.02,0.0,1.0,1.0,0.0,0,0,True,False,False,False,False,False,False,False,False,True,False
0.0,0.0,0.0,84.69,0.0,1.0,0.0,0.0,0,-15,False,False,False,False,False,True,False,False,False,False,True
1.0,100.0,0.0,77.72,0.013651877,0.0,0.0,0.0,293,-4,False,False,False,False,False,True,False,False,True,False,False
27.0,40.74074074,11.11111111,50.54,0.0,1.0,0.0,0.0,0,-53,False,False,False,False,False,False,True,False,False,True,False
16.0,0.0,0.0,50.61,0.0,1.0,0.0,0.0,0,-32,False,False,False,False,True,False,False,False,True,False,False
0.0,0.0,0.0,50.65,0.0,0.0,0.0,0.0,0,-1,False,False,False,False,False,True,False,False,True,False,False
35.0,5.714285714,0.0,171.27,0.0,0.0,0.0,0.0,0,-184,False,True,False,False,False,False,False,False,False,True,False
37.0,62.16216216,2.702702703,48.76,0.0,0.0,0.0,0.0,0,-8,False,False,False,False,False,True,False,False,False,True,False
0.0,0.0,0.0,84.45,0.0,0.0,0.0,0.0,0,0,False,False,False,False,False,False,True,False,False,True,False
33.0,75.75757576,18.18181818,71.15,0.004158004,0.0,0.0,0.0,481,33,False,False,False,True,False,False,False,False,False,False,True
15.0,66.66666667,13.33333333,40.02,0.0,1.0,1.0,0.0,0,0,False,False,False,False,False,False,True,False,False,True,False
21.0,47.61904762,23.80952381,59.14,0.4,1.0,0.0,0.0,5,0,True,False,False,False,False,False,False,False,False,True,False
34.0,8.823529412,5.882352941,30.94,0.0,1.0,0.0,0.0,0,-15,False,False,False,False,False,True,False,False,False,False,True
53.0,13.20754717,1.886792453,143.56,0.055393586,0.0,1.0,0.0,343,-1,False,True,False,False,False,False,False,False,True,False,False
1.0,100.0,0.0,40.02,0.0,1.0,0.0,0.0,0,0,True,False,False,False,False,False,False,False,True,False,False
49.0,8.163265306,0.0,44.64,0.0041237113402061,0.0,0.0,0.0,485,-412,True,False,False,False,False,False,False,False,True,False,False
2.0,0.0,0.0,44.24,0.0,1.0,0.0,0.0,0,0,False,False,False,False,False,False,True,False,True,False,False
32.0,3.125,0.0,40.02,0.0,1.0,0.0,0.0,0,-3,False,True,False,False,False,False,False,False,True,False,False
16.0,0.0,0.0,47.6,0.009677419,1.0,0.0,0.0,310,-107,True,False,False,False,False,False,False,False,False,True,False
16.0,0.0,0.0,59.93,0.0,0.0,0.0,0.0,0,-18,False,True,False,False,False,False,False,False,False,True,False
40.0,35.0,5.0,50.67,0.0,0.0,0.0,0.0,0,-169,False,False,False,False,False,True,False,False,False,True,False
31.0,16.12903226,6.451612903,26.32,0.0,1.0,0.0,0.0,0,0,False,True,False,False,False,False,False,False,True,False,False
22.0,22.72727273,13.63636364,52.92,0.047619048,1.0,0.0,0.0,42,0,False,False,False,False,True,False,False,False,False,False,True
7.0,42.85714286,14.28571429,69.71,0.0,1.0,0.0,0.0,0,0,False,False,False,False,False,False,True,False,True,False,False
59.0,64.40677966,30.50847458,80.71,0.174603175,1.0,0.0,1.0,126,-14,False,False,False,False,True,False,False,False,False,False,True
20.0,20.0,0.0,56.87,0.102272727,1.0,0.0,1.0,176,0,False,False,False,False,False,True,False,False,False,False,True
0.0,0.0,0.0,53.68,0.0,0.0,0.0,0.0,0,-9,False,True,False,False,False,False,False,False,True,False,False
48.0,12.5,2.083333333,96.5,0.013755158,0.0,0.0,0.0,727,-1,False,True,False,False,False,False,False,False,False,True,False
40.0,17.5,7.5,89.03,0.0,0.0,0.0,0.0,0,-72,False,True,False,False,False,False,False,False,False,True,False
22.0,36.36363636,0.0,35.02,0.0,1.0,0.0,0.0,0,0,False,True,False,False,False,False,False,False,False,False,True
48.0,6.25,0.0,64.9,0.0133333333333333,0.0,0.0,0.0,375,0,False,True,False,False,False,False,False,False,False,True,False
45.0,13.33333333,4.444444444,51.86,0.0,1.0,0.0,0.0,0,0,False,False,False,False,False,False,True,False,True,False,False
45.0,2.222222222,0.0,52.07,0.0,1.0,0.0,0.0,0,0,False,False,False,False,False,True,False,False,True,False,False
9.0,66.66666667,22.22222222,86.76,0.0,1.0,0.0,0.0,0,0,True,False,False,False,False,False,False,False,False,False,True
39.0,30.76923077,0.0,92.51,0.083333333,1.0,0.0,0.0,36,0,True,False,False,False,False,False,False,False,True,False,False
38.0,13.15789474,0.0,78.53,0.042553191,0.0,0.0,0.0,47,-25,False,False,False,False,True,False,False,False,True,False,False
0.0,0.0,0.0,29.03,0.0,0.0,0.0,0.0,0,0,False,False,False,False,True,False,False,False,False,True,False
29.0,24.13793103,0.0,40.02,0.0,1.0,0.0,0.0,0,-46,False,False,False,False,True,False,False,False,False,True,False
48.0,2.083333333,0.0,163.04,0.016317016,0.0,0.0,0.0,858,0,False,False,False,False,True,False,False,False,False,True,False
36.0,19.44444444,0.0,69.24,0.0625,1.0,0.0,0.0,32,-2,False,False,True,False,False,False,False,False,False,False,True
11.0,36.36363636,9.090909091,67.27,0.0,1.0,0.0,0.0,0,0,False,False,True,False,False,False,False,True,False,False,False
28.0,85.71428571,42.85714286,127.27,0.0645161290322581,1.0,0.0,0.0,31,-4,False,True,False,False,False,False,False,False,False,True,False
44.0,4.545454545,0.0,54.26,0.0,0.0,0.0,0.0,0,0,False,False,False,False,False,False,True,False,False,True,False
44.0,18.18181818,0.0,66.08,0.142857143,0.0,0.0,0.0,84,0,False,True,False,False,False,False,False,False,False,True,False
50.0,22.0,6.0,37.11,0.148514851,1.0,1.0,0.0,101,0,False,True,False,False,False,False,False,False,False,False,True
3.0,66.66666667,0.0,52.81,0.0,1.0,0.0,0.0,0,0,True,False,False,False,False,False,False,False,True,False,False
0.0,0.0,0.0,91.34,0.160714286,0.0,1.0,0.0,56,-1390,True,False,False,False,False,False,False,False,False,True,False
46.0,13.04347826,0.0,74.4,0.0,0.0,0.0,0.0,0,-1,False,False,False,False,True,False,False,False,True,False,False
0.0,0.0,0.0,105.63,0.153846154,0.0,0.0,0.0,26,-299,False,False,False,False,False,False,True,False,False,True,False
34.0,0.0,0.0,40.25,0.0,1.0,1.0,0.0,0,-5,False,False,False,False,False,False,True,False,True,False,False
32.0,62.5,31.25,49.23,0.0,1.0,0.0,0.0,0,-34,True,False,False,False,False,False,False,False,False,True,False
16.0,0.0,0.0,6.43,0.0,0.0,0.0,0.0,0,0,True,False,False,False,False,False,False,False,False,True,False
48.0,0.0,0.0,59.81,0.006923838,0.0,0.0,0.0,1011,-42,False,False,False,False,False,True,False,False,False,True,False
28.0,35.71428571,0.0,40.02,0.0,1.0,0.0,0.0,0,0,True,False,False,False,False,False,False,False,False,True,False
33.0,3.03030303,3.03030303,40.02,0.0,1.0,0.0,0.0,0,0,True,False,False,False,False,False,False,False,True,False,False
33.0,0.0,0.0,50.88,0.0,1.0,0.0,0.0,0,0,False,False,False,False,True,False,False,False,False,False,True
0.0,0.0,0.0,40.02,0.0,1.0,0.0,0.0,0,0,False,False,False,False,False,True,False,False,False,False,True
44.0,20.45454545,4.545454545,50.73,0.0,1.0,0.0,0.0,0,-33,True,False,False,False,False,False,False,False,True,False,False
24.0,62.5,20.83333333,47.6,0.0454545454545455,1.0,0.0,0.0,66,-2,False,False,False,False,False,False,True,False,False,False,True
37.0,56.75675676,18.91891892,75.36,0.058823529,1.0,0.0,0.0,51,0,False,True,False,False,False,False,False,False,False,True,False
43.0,25.58139535,4.651162791,57.38,0.0714285714285714,0.0,0.0,0.0,154,5,False,False,False,False,True,False,False,False,False,False,True
59.0,10.16949153,1.694915254,23.86,0.054794521,1.0,0.0,0.0,584,-389,False,False,False,False,False,True,False,False,True,False,False
22.0,27.27272727,4.545454545,40.02,0.0,1.0,0.0,0.0,0,0,False,False,False,False,False,True,False,False,True,False,False
33.0,84.84848485,12.12121212,50.43,0.0229007633587786,1.0,0.0,0.0,131,-4,True,False,False,False,False,False,False,False,True,False,False
40.0,7.5,5.0,81.77,0.0,1.0,0.0,0.0,0,-34,False,False,False,False,True,False,False,True,False,False,False
46.0,6.52173913,0.0,51.0,0.0,0.0,0.0,0.0,0,-1,False,False,False,False,True,False,False,False,False,True,False
43.0,20.93023256,6.976744186,81.15,0.0,1.0,0.0,0.0,0,-34,False,True,False,False,False,False,False,False,False,False,True
31.0,22.58064516,0.0,40.02,0.0,1.0,0.0,0.0,0,0,True,False,False,False,False,False,False,False,True,False,False
34.0,85.29411765,35.29411765,66.52,0.5,0.0,0.0,0.0,4,-300,False,False,False,False,True,False,False,False,False,False,True
22.0,95.45454545,9.090909091,40.02,0.0,1.0,1.0,0.0,0,0,False,False,False,False,False,False,True,False,True,False,False
41.0,4.87804878,2.43902439,81.66,0.0,1.0,0.0,0.0,0,-29,True,False,False,False,False,False,False,False,False,False,True
39.0,53.84615385,0.0,82.24,0.0909090909090909,0.0,0.0,0.0,55,-48,False,False,False,False,False,True,False,False,False,True,False
11.0,36.36363636,0.0,157.02,0.103448276,0.0,0.0,0.0,29,-1,True,False,False,False,False,False,False,True,False,False,False
32.0,15.625,3.125,89.83,0.0,0.0,0.0,0.0,0,39,False,False,False,True,False,False,False,False,False,False,True
24.0,12.5,8.333333333,35.02,0.0,1.0,0.0,0.0,0,0,False,False,False,False,True,False,False,False,False,False,True
26.0,34.61538462,15.38461538,44.04,0.046875,1.0,0.0,0.0,64,-8,False,False,False,False,True,False,False,False,False,False,True
34.0,5.882352941,0.0,40.02,0.0,1.0,0.0,0.0,0,0,False,True,False,False,False,False,False,False,True,False,False
25.0,36.0,16.0,52.07,0.285714286,1.0,0.0,0.0,7,-10,False,False,False,False,False,False,True,False,False,False,True
31.0,74.19354839,9.677419355,40.0,0.0,1.0,1.0,0.0,0,-8,False,False,False,False,False,False,True,False,False,False,True
42.0,38.0952381,2.380952381,55.22,0.0,0.0,0.0,0.0,0,0,False,False,False,False,True,False,False,False,False,False,True
36.0,47.22222222,11.11111111,48.9,0.0,1.0,0.0,0.0,0,-19,False,False,False,False,False,True,False,False,False,True,False
0.0,0.0,0.0,50.51,0.0,1.0,0.0,0.0,0,-3,False,False,False,False,True,False,False,False,True,False,False
45.0,17.77777778,0.0,51.62,0.036144578,1.0,0.0,0.0,83,-29,False,False,False,False,True,False,False,False,True,False,False
43.0,23.25581395,18.60465116,63.76,0.027027027027027,1.0,0.0,0.0,111,-6,False,False,False,False,True,False,False,False,True,False,False
38.0,5.263157895,0.0,66.31,0.06,1.0,0.0,0.0,50,0,False,False,False,False,False,True,False,False,True,False,False
33.0,57.57575758,42.42424242,51.84,0.002902758,0.0,0.0,0.0,689,-23,False,False,False,False,False,True,False,False,False,True,False
16.0,0.0,0.0,30.56,0.024691358,0.0,0.0,0.0,81,-7,True,False,False,False,False,False,False,False,False,True,False
18.0,33.33333333,5.555555556,40.02,0.0,1.0,0.0,0.0,0,-1,False,False,False,False,True,False,False,False,True,False,False
44.0,9.090909091,2.272727273,40.02,0.0,1.0,0.0,0.0,0,0,False,False,False,False,True,False,False,False,False,True,False
10.0,20.0,10.0,62.31,0.222222222,1.0,0.0,0.0,9,0,False,False,False,False,False,True,False,True,False,False,False
15.0,13.33333333,13.33333333,40.02,0.0,1.0,0.0,0.0,0,0,True,False,False,False,False,False,False,False,False,False,True
40.0,27.5,2.5,67.93,0.0,1.0,0.0,0.0,0,-34,False,False,False,False,False,False,True,False,True,False,False
35.0,22.85714286,0.0,40.02,0.0,0.0,0.0,0.0,0,-675,False,True,False,False,False,False,False,False,False,True,False
45.0,0.0,0.0,50.29,0.0,0.0,0.0,0.0,0,-8,True,False,False,False,False,False,False,False,False,True,False
11.0,72.72727273,9.090909091,57.44,0.0,0.0,0.0,0.0,0,-157,False,False,True,False,False,False,False,False,False,False,True
23.0,86.95652174,13.04347826,121.7,0.0952380952380952,0.0,0.0,0.0,21,26,False,False,False,True,False,False,False,False,False,False,True
8.0,75.0,62.5,46.49,0.0,1.0,0.0,0.0,0,0,True,False,False,False,False,False,False,False,True,False,False
32.0,34.375,18.75,66.81,0.142857143,0.0,0.0,1.0,126,-376,False,True,False,False,False,False,False,False,False,False,True
22.0,27.27272727,0.0,29.02,0.0,1.0,0.0,0.0,0,0,True,False,False,False,False,False,False,False,False,True,False
34.0,58.82352941,8.823529412,42.57,0.0,0.0,0.0,0.0,0,-940,True,False,False,False,False,False,False,False,False,True,False
33.0,15.15151515,0.0,69.33,0.0,1.0,0.0,0.0,0,-4,False,False,False,False,False,True,False,False,False,True,False
39.0,30.76923077,2.564102564,98.86,0.0,1.0,0.0,0.0,0,-25,False,True,False,False,False,False,False,False,False,False,True
0.0,0.0,0.0,28.62,0.090909091,0.0,0.0,0.0,22,-84,False,True,False,False,False,False,False,False,False,True,False
44.0,9.090909091,2.272727273,40.02,0.0,1.0,0.0,0.0,0,0,True,False,False,False,False,False,False,False,True,False,False
6.0,33.33333333,33.33333333,40.02,0.0,1.0,0.0,0.0,0,0,False,False,False,False,True,False,False,False,True,False,False
39.0,38.46153846,7.692307692,90.1,0.0,0.0,0.0,0.0,0,0,False,False,False,False,False,False,True,False,True,False,False
27.0,0.0,0.0,31.02,0.0,1.0,0.0,0.0,0,0,True,False,False,False,False,False,False,False,False,False,True
45.0,20.0,6.666666667,72.88,0.026143791,0.0,0.0,0.0,306,0,False,False,False,False,False,False,True,False,True,False,False
33.0,93.93939394,18.18181818,75.8,0.0,1.0,1.0,1.0,0,-28,False,False,True,False,False,False,False,False,False,False,True
45.0,4.444444444,0.0,51.1,0.0,0.0,0.0,0.0,0,0,False,False,False,False,True,False,False,False,False,True,False
47.0,17.0212766,6.382978723,44.38,0.021276596,0.0,0.0,0.0,188,0,True,False,False,False,False,False,False,False,False,False,True
0.0,0.0,0.0,21.3,0.214285714285714,0.0,0.0,0.0,14,-10,False,False,False,False,False,False,True,False,False,True,False
43.0,9.302325581,0.0,78.6,0.0,1.0,0.0,0.0,0,-1,False,True,False,False,False,False,False,False,True,False,False
23.0,43.47826087,17.39130435,26.19,0.08,1.0,0.0,0.0,25,0,False,False,False,False,False,True,False,True,False,False,False
16.0,0.0,0.0,77.09,0.0,0.0,0.0,0.0,0,-10,False,False,False,False,False,False,True,False,True,False,False
6.0,50.0,16.66666667,103.73,0.0,1.0,0.0,0.0,0,0,True,False,False,False,False,False,False,False,False,False,True
44.0,2.272727273,0.0,46.57,0.081081081,0.0,0.0,0.0,37,-22,False,False,False,False,False,True,False,False,False,True,False
36.0,0.0,0.0,56.74,0.036144578313253,0.0,0.0,0.0,83,-22,False,False,False,True,False,False,False,False,False,False,True
40.0,65.0,17.5,47.74,0.071942446,1.0,1.0,0.0,139,-8,False,False,False,False,False,True,False,False,False,True,False
21.0,80.95238095,0.0,40.02,0.0,1.0,0.0,0.0,0,-1,True,False,False,False,False,False,False,False,False,True,False
0.0,0.0,0.0,55.35,0.333333333333333,1.0,0.0,0.0,6,-4,False,False,False,False,True,False,False,False,False,False,True
29.0,20.68965517,6.896551724,51.29,0.0,1.0,0.0,0.0,0,0,False,False,False,False,False,False,True,False,False,False,True
48.0,29.16666667,2.083333333,70.63,0.025210084,0.0,0.0,0.0,238,-390,False,True,False,False,False,False,False,False,True,False,False
43.0,6.976744186,0.0,43.01,0.4,0.0,0.0,0.0,5,-2,False,False,False,False,False,False,True,False,False,True,False
0.0,0.0,0.0,70.74,0.0,0.0,0.0,0.0,0,-12,False,False,False,False,True,False,False,False,True,False,False
46.0,19.56521739,10.86956522,108.88,0.0892857142857143,1.0,0.0,0.0,56,-11,False,False,False,False,False,True,False,True,False,False,False
0.0,0.0,0.0,53.07,0.130434782608696,0.0,0.0,0.0,23,0,False,False,False,False,True,False,False,False,False,True,False
8.0,100.0,0.0,29.0,0.0,1.0,0.0,0.0,0,0,False,False,False,False,False,True,False,False,False,False,True
38.0,5.263157895,2.631578947,62.88,0.0701754385964912,1.0,0.0,0.0,57,-1,False,False,False,True,False,False,False,False,False,False,True
0.0,0.0,0.0,1.0,0.0,0.0,0.0,0.0,0,0,False,False,False,False,False,True,False,False,False,True,False
54.0,11.11111111,1.851851852,84.13,0.008443908,0.0,0.0,0.0,829,-115,True,False,False,False,False,False,False,False,False,True,False
43.0,9.302325581,2.325581395,33.6,0.0,1.0,0.0,0.0,0,-43,False,False,False,False,False,False,True,True,False,False,False
0.0,0.0,0.0,37.31,0.0,0.0,0.0,0.0,0,-1,False,False,False,False,True,False,False,False,False,True,False
34.0,29.41176471,8.823529412,59.75,0.107142857,1.0,1.0,0.0,28,0,False,False,False,False,False,False,True,False,False,True,False
6.0,83.33333333,33.33333333,81.39,0.03,1.0,0.0,0.0,100,-11,False,False,False,False,False,False,True,False,False,False,True
0.0,0.0,0.0,143.88,0.057692308,0.0,0.0,0.0,104,-441,False,True,False,False,False,False,False,False,True,False,False
0.0,0.0,0.0,80.33,0.0,0.0,0.0,0.0,0,-3,False,False,False,False,False,False,True,False,True,False,False
11.0,9.090909091,9.090909091,178.0,0.105691057,0.0,0.0,0.0,123,-6,False,False,False,False,True,False,False,False,False,False,True
21.0,100.0,9.523809524,40.0,0.0,1.0,0.0,0.0,0,0,False,False,False,False,False,True,False,False,False,False,True
40.0,27.5,0.0,118.06,0.0,1.0,0.0,0.0,0,-4,False,False,False,False,False,True,False,False,True,False,False
45.0,88.88888889,13.33333333,105.17,0.042253521,1.0,0.0,1.0,284,-9,False,False,False,False,False,True,False,False,False,False,True
30.0,0.0,0.0,40.02,0.0,1.0,1.0,0.0,0,0,False,True,False,False,False,False,False,False,True,False,False
36.0,0.0,0.0,39.83,0.0,0.0,0.0,0.0,0,-30,False,False,False,True,False,False,False,False,False,False,True
30.0,3.333333333,3.333333333,58.97,0.208333333,1.0,0.0,0.0,24,-10,False,False,False,False,False,True,False,False,False,True,False
30.0,3.333333333,0.0,97.27,0.068965517,1.0,0.0,0.0,29,-30,False,False,False,False,False,False,True,False,False,False,True
56.0,3.571428571,0.0,61.93,0.030696576,1.0,0.0,0.0,847,-10,False,True,False,False,False,False,False,False,True,False,False
45.0,8.888888889,0.0,39.34,0.067961165,1.0,1.0,0.0,103,0,False,False,False,False,False,True,False,False,False,True,False
36.0,0.0,0.0,102.5,0.0,0.0,0.0,0.0,0,-63,False,False,False,True,False,False,False,False,False,False,True
0.0,0.0,0.0,47.46,0.005785921,1.0,0.0,0.0,1037,-57,False,True,False,False,False,False,False,False,False,True,False
30.0,36.66666667,3.333333333,39.97,0.0,1.0,1.0,0.0,0,-29,False,True,False,False,False,False,False,False,True,False,False
29.0,24.13793103,0.0,40.02,0.0,1.0,0.0,0.0,0,0,False,False,False,False,False,True,False,False,False,True,False
2.0,50.0,0.0,40.02,0.0,1.0,0.0,0.0,0,0,False,False,False,False,False,False,True,False,False,True,False
47.0,12.76595745,2.127659574,73.36,0.012195122,0.0,0.0,0.0,820,-8,False,True,False,False,False,False,False,False,True,False,False
41.0,4.87804878,2.43902439,50.58,0.0,1.0,0.0,0.0,0,0,False,False,False,False,True,False,False,False,False,True,False
0.0,0.0,0.0,64.51,0.022222222,0.0,0.0,0.0,1080,0,False,True,False,False,False,False,False,False,False,True,False
47.0,6.382978723,2.127659574,179.06,0.017857143,1.0,0.0,0.0,280,-363,False,False,False,False,False,True,False,False,False,True,False
0.0,0.0,0.0,99.9,0.0,0.0,0.0,0.0,0,0,False,False,False,False,False,True,False,False,False,True,False
26.0,34.61538462,11.53846154,40.2,0.0,1.0,1.0,0.0,0,0,False,True,False,False,False,False,False,False,True,False,False
32.0,6.25,0.0,40.0,0.0,1.0,1.0,0.0,0,-1,False,False,False,False,False,True,False,False,False,False,True
35.0,77.14285714,2.857142857,167.29,0.033826638,1.0,0.0,0.0,473,0,False,True,False,False,False,False,False,False,False,False,True
16.0,0.0,0.0,57.18,0.040816327,0.0,0.0,0.0,49,-3,False,False,False,False,False,False,True,False,False,True,False
31.0,6.451612903,0.0,40.2,0.0,1.0,0.0,0.0,0,0,True,False,False,False,False,False,False,False,True,False,False
38.0,92.10526316,42.10526316,32.6,0.2,1.0,1.0,0.0,45,0,False,True,False,False,False,False,False,False,True,False,False
40.0,60.0,12.5,78.34,0.0392156862745098,0.0,1.0,0.0,51,-591,False,False,False,False,True,False,False,False,True,False,False
0.0,0.0,0.0,93.47,0.105263158,0.0,0.0,0.0,19,0,False,False,False,False,False,False,True,False,False,True,False
0.0,0.0,0.0,52.36,0.0,0.0,0.0,0.0,0,-38,False,True,False,False,False,False,False,False,False,True,False
44.0,6.818181818,4.545454545,60.15,0.0,0.0,0.0,0.0,0,-1,False,False,False,False,False,True,False,False,True,False,False
45.0,0.0,0.0,23.87,0.0,0.0,0.0,0.0,0,1,False,True,False,False,False,False,False,False,True,False,False
25.0,96.0,24.0,65.37,0.0,1.0,0.0,0.0,0,-41,False,False,False,False,False,False,True,False,False,True,False
32.0,12.5,3.125,40.65,0.0,1.0,0.0,0.0,0,-1,False,False,False,False,True,False,False,True,False,False,False
39.0,23.07692308,17.94871795,67.96,0.06,0.0,0.0,0.0,50,-10,True,False,False,False,False,False,False,False,True,False,False
2.0,0.0,0.0,40.0,0.0,1.0,0.0,0.0,0,0,False,True,False,False,False,False,False,False,False,False,True
37.0,59.45945946,2.702702703,53.14,0.0882352941176471,0.0,0.0,0.0,34,-3,False,False,False,False,False,True,False,False,False,True,False
2.0,50.0,0.0,40.02,0.0,0.0,0.0,0.0,0,0,True,False,False,False,False,False,False,False,True,False,False
31.0,38.70967742,0.0,40.25,0.0,1.0,0.0,0.0,0,0,False,False,False,False,False,True,False,False,True,False,False
49.0,16.32653061,2.040816327,67.71,0.015810277,0.0,0.0,0.0,506,-3,False,True,False,False,False,False,False,False,False,True,False
39.0,35.8974359,10.25641026,38.01,0.181818182,1.0,0.0,0.0,11,0,False,False,False,False,False,True,False,False,True,False,False
0.0,0.0,0.0,40.02,0.0,0.0,0.0,0.0,0,-847,False,False,False,False,False,True,False,False,True,False,False
34.0,5.882352941,0.0,40.02,0.0,1.0,0.0,0.0,0,0,False,False,False,False,False,True,False,False,True,False,False
22.0,59.09090909,13.63636364,185.86,0.0,1.0,0.0,0.0,0,-9,False,True,False,False,False,False,False,False,False,True,False
43.0,18.60465116,0.0,106.77,0.024767802,0.0,0.0,0.0,323,-24,True,False,False,False,False,False,False,False,False,True,False
42.0,19.04761905,2.380952381,50.53,0.08,1.0,0.0,0.0,25,-2,False,False,False,False,False,True,False,False,True,False,False
31.0,6.451612903,3.225806452,55.85,0.0,1.0,0.0,0.0,0,-2,False,False,False,False,True,False,False,False,False,False,True
36.0,22.22222222,11.11111111,89.06,0.0,1.0,0.0,0.0,0,-21,False,False,False,False,True,False,False,False,False,True,False
37.0,13.51351351,8.108108108,97.13,0.0,1.0,0.0,0.0,0,-20,False,False,False,False,False,True,False,True,False,False,False
37.0,86.48648649,56.75675676,88.48,0.05,1.0,0.0,0.0,80,-12,False,False,False,False,True,False,False,False,False,True,False
39.0,20.51282051,5.128205128,68.1,0.0,1.0,0.0,0.0,0,0,False,False,False,False,True,False,False,True,False,False,False
47.0,4.255319149,0.0,64.13,0.00982801,0.0,0.0,0.0,407,0,False,False,False,False,False,True,False,False,True,False,False
47.0,0.0,0.0,66.38,0.05,0.0,0.0,0.0,140,-12,True,False,False,False,False,False,False,False,False,True,False
42.0,19.04761905,2.380952381,54.02,0.0,0.0,0.0,0.0,0,0,False,False,False,False,False,False,True,False,True,False,False
7.0,57.14285714,28.57142857,35.0,0.0,1.0,0.0,0.0,0,0,False,False,False,False,True,False,False,False,False,False,True
23.0,47.82608696,0.0,40.02,0.0,1.0,0.0,0.0,0,0,False,False,False,False,False,True,False,False,False,True,False
34.0,5.882352941,2.941176471,40.02,0.0,1.0,1.0,0.0,0,0,False,True,False,False,False,False,False,False,True,False,False
20.0,65.0,40.0,31.0,0.0,1.0,0.0,0.0,0,0,True,False,False,False,False,False,False,True,False,False,False
47.0,10.63829787,0.0,88.59,0.103448275862069,1.0,1.0,0.0,29,-7,False,False,False,False,True,False,False,True,False,False,False
0.0,0.0,0.0,44.75,0.0,1.0,0.0,0.0,0,-419,True,False,False,False,False,False,False,False,False,False,True
31.0,41.93548387,19.35483871,40.02,0.0,1.0,0.0,0.0,0,0,True,False,False,False,False,False,False,False,True,False,False
43.0,32.55813953,9.302325581,23.75,0.133333333,1.0,1.0,1.0,15,-76,False,False,False,False,True,False,False,True,False,False,False
34.0,11.76470588,8.823529412,39.97,0.0,1.0,0.0,0.0,0,0,True,False,False,False,False,False,False,False,True,False,False
31.0,64.51612903,0.0,35.39,0.0280373831775701,0.0,0.0,0.0,107,-441,True,False,False,False,False,False,False,False,True,False,False
42.0,50.0,9.523809524,115.14,0.14893617,1.0,0.0,0.0,47,-3,False,True,False,False,False,False,False,False,False,True,False
10.0,90.0,20.0,57.64,0.071428571,1.0,1.0,0.0,28,-10,False,False,False,False,True,False,False,False,False,True,False
25.0,12.0,0.0,86.89,0.0,0.0,0.0,0.0,0,-14,False,True,False,False,False,False,False,False,False,False,True
38.0,2.631578947,2.631578947,113.68,0.0,1.0,0.0,0.0,0,-13,False,True,False,False,False,False,False,False,False,True,False
9.0,0.0,0.0,52.2,0.0,1.0,0.0,0.0,0,0,False,False,False,False,False,True,False,False,True,False,False
0.0,0.0,0.0,49.55,0.0,0.0,0.0,0.0,0,0,False,False,False,False,False,False,True,False,False,True,False
42.0,11.9047619,9.523809524,40.02,0.0,1.0,1.0,0.0,0,0,False,False,False,False,True,False,False,False,False,True,False
0.0,0.0,0.0,74.58,0.0,0.0,0.0,0.0,0,-621,False,False,False,False,False,True,False,False,False,True,False
28.0,28.57142857,7.142857143,207.81,0.0,1.0,0.0,0.0,0,0,False,True,False,False,False,False,False,True,False,False,False
40.0,12.5,5.0,94.17,0.0,1.0,0.0,0.0,0,-14,False,False,False,False,False,True,False,False,True,False,False
24.0,87.5,12.5,35.0,0.0,1.0,0.0,0.0,0,0,False,False,False,False,False,True,False,False,False,False,True
0.0,0.0,0.0,64.79,0.109090909,0.0,0.0,0.0,55,-66,False,False,False,False,False,True,False,False,False,True,False
0.0,0.0,0.0,50.87,0.0,0.0,0.0,0.0,0,-22,False,False,False,False,False,True,False,False,True,False,False
34.0,0.0,0.0,39.97,0.0,1.0,0.0,0.0,0,-54,False,False,False,False,False,True,False,False,True,False,False
16.0,0.0,0.0,65.34,0.0,0.0,0.0,0.0,0,0,True,False,False,False,False,False,False,False,False,True,False
42.0,54.76190476,9.523809524,95.55,0.0,1.0,0.0,0.0,0,-255,True,False,False,False,False,False,False,False,True,False,False
11.0,36.36363636,18.18181818,40.02,0.0,1.0,1.0,0.0,0,0,False,False,False,False,True,False,False,False,False,True,False
7.0,85.71428571,28.57142857,55.6,0.0,1.0,0.0,0.0,0,-6,False,False,False,False,False,True,False,False,False,False,True
29.0,0.0,0.0,40.02,0.0,1.0,0.0,0.0,0,0,False,True,False,False,False,False,False,False,False,False,True
12.0,66.66666667,0.0,40.0,0.0,1.0,0.0,0.0,0,0,False,True,False,False,False,False,False,False,False,False,True
28.0,10.71428571,0.0,69.69,0.0,0.0,0.0,0.0,0,-14,False,False,False,False,False,False,True,False,False,True,False
0.0,0.0,0.0,59.66,0.176470588235294,0.0,0.0,0.0,17,0,False,False,False,False,True,False,False,False,False,False,True
23.0,21.73913043,4.347826087,40.02,0.0,1.0,0.0,0.0,0,0,False,False,False,False,False,True,False,False,True,False,False
0.0,0.0,0.0,3.58,0.0,0.0,0.0,0.0,0,0,False,False,False,False,False,False,True,False,True,False,False
42.0,19.04761905,2.380952381,40.02,0.0,1.0,0.0,0.0,0,-6,False,False,False,False,False,False,True,False,False,False,True
38.0,28.94736842,7.894736842,104.42,0.020408163,0.0,0.0,0.0,98,0,True,False,False,False,False,False,False,False,True,False,False
24.0,8.333333333,0.0,51.0,0.0,1.0,0.0,0.0,0,0,False,False,False,False,False,False,True,False,False,False,True
7.0,57.14285714,28.57142857,45.78,1.0,0.0,1.0,0.0,2,0,True,False,False,False,False,False,False,False,False,True,False
49.0,16.32653061,14.28571429,36.48,0.14893617,1.0,1.0,0.0,94,0,False,False,False,False,False,True,False,False,True,False,False
0.0,0.0,0.0,74.4,0.0,0.0,0.0,0.0,0,-17,True,False,False,False,False,False,False,False,False,True,False
0.0,0.0,0.0,29.68,0.0,0.0,0.0,0.0,0,-5,False,False,False,False,False,True,False,False,False,True,False
51.0,31.37254902,5.882352941,134.24,0.05027933,1.0,0.0,0.0,179,-1,False,False,False,False,False,False,True,False,False,False,True
48.0,4.166666667,0.0,61.18,0.007738607,0.0,0.0,0.0,1163,-49,False,False,False,False,False,False,True,False,False,True,False
36.0,0.0,0.0,57.0,0.0,0.0,0.0,0.0,0,0,False,False,False,True,False,False,False,False,False,False,True
38.0,0.0,0.0,40.02,0.0,1.0,0.0,0.0,0,0,False,False,False,False,False,True,False,False,True,False,False
23.0,0.0,0.0,40.02,0.0,1.0,0.0,0.0,0,0,False,False,False,False,False,True,False,False,True,False,False
18.0,22.22222222,5.555555556,35.02,0.0,1.0,0.0,0.0,0,0,False,False,False,False,True,False,False,False,False,True,False
16.0,0.0,0.0,53.04,0.0,0.0,0.0,0.0,0,-1,False,False,False,False,False,True,False,False,True,False,False
0.0,0.0,0.0,39.16,0.0,0.0,0.0,0.0,0,-12,False,False,False,False,False,True,False,False,False,True,False
0.0,0.0,0.0,75.05,0.008403361,0.0,0.0,0.0,357,-13,False,False,False,False,True,False,False,False,False,True,False
0.0,0.0,0.0,201.93,0.052631579,0.0,0.0,0.0,38,-27,False,True,False,False,False,False,False,False,False,True,False
37.0,48.64864865,24.32432432,134.46,0.052631579,1.0,0.0,0.0,95,-5,False,False,False,False,False,True,False,False,False,True,False
0.0,0.0,0.0,82.84,0.0,1.0,0.0,0.0,0,0,False,False,False,False,True,False,False,True,False,False,False
36.0,0.0,0.0,38.43,0.105263158,0.0,0.0,0.0,19,0,False,False,False,True,False,False,False,False,False,False,True
16.0,0.0,0.0,53.13,0.0,0.0,0.0,0.0,0,-5,True,False,False,False,False,False,False,False,False,True,False
32.0,90.625,3.125,160.98,0.0,1.0,0.0,0.0,0,-79,False,False,True,False,False,False,False,False,False,False,True
42.0,26.19047619,0.0,55.83,0.04109589,0.0,0.0,0.0,73,0,False,False,False,False,False,True,False,False,True,False,False
8.0,75.0,37.5,31.02,0.0,1.0,0.0,0.0,0,0,True,False,False,False,False,False,False,False,False,False,True
0.0,0.0,0.0,218.86,0.0,0.0,0.0,0.0,0,-3,False,True,False,False,False,False,False,False,True,False,False
12.0,83.33333333,50.0,54.05,0.222222222,1.0,0.0,1.0,9,0,True,False,False,False,False,False,False,True,False,False,False
43.0,0.0,0.0,102.57,0.0,0.0,0.0,0.0,0,0,False,False,False,False,True,False,False,False,False,True,False
53.0,13.20754717,7.547169811,67.99,0.0,1.0,1.0,0.0,0,-86,False,False,False,False,True,False,False,False,False,True,False
28.0,17.85714286,10.71428571,45.02,0.0,1.0,1.0,0.0,0,0,True,False,False,False,False,False,False,False,True,False,False
45.0,2.222222222,0.0,73.67,0.030927835,0.0,0.0,0.0,97,-3,False,False,False,False,True,False,False,False,False,True,False
43.0,9.302325581,6.976744186,46.5,0.666666667,1.0,0.0,0.0,3,-138,False,True,False,False,False,False,False,True,False,False,False
16.0,0.0,0.0,25.0,0.0,0.0,0.0,0.0,0,0,False,False,False,False,True,False,False,False,False,True,False
0.0,0.0,0.0,132.56,0.0,1.0,0.0,0.0,0,-57,False,False,False,False,False,True,False,True,False,False,False
0.0,0.0,0.0,46.5,0.214285714285714,1.0,0.0,0.0,14,-2,False,False,False,False,True,False,False,False,False,False,True
6.0,50.0,0.0,40.02,0.0,1.0,0.0,0.0,0,0,True,False,False,False,False,False,False,False,True,False,False
47.0,6.382978723,4.255319149,94.82,0.0323886639676113,0.0,0.0,0.0,247,-139,True,False,False,False,False,False,False,False,True,False,False
28.0,0.0,0.0,31.87,0.068965517,1.0,0.0,0.0,29,0,False,False,False,False,True,False,False,False,True,False,False
46.0,21.73913043,13.04347826,50.82,0.023904382,0.0,0.0,0.0,502,0,False,False,False,True,False,False,False,True,False,False,False
51.0,5.882352941,1.960784314,141.4,0.014084507,0.0,0.0,0.0,284,-1,False,False,False,False,False,True,False,True,False,False,False
44.0,20.45454545,0.0,40.02,0.0,1.0,0.0,0.0,0,0,False,False,False,False,True,False,False,False,False,False,True
13.0,92.30769231,23.07692308,33.0,0.0714285714285714,1.0,0.0,0.0,28,0,True,False,False,False,False,False,False,False,False,False,True
45.0,2.222222222,0.0,23.85,0.0,0.0,0.0,0.0,0,0,False,True,False,False,False,False,False,False,False,True,False
36.0,0.0,0.0,35.54,0.0,0.0,0.0,0.0,0,5,False,False,False,True,False,False,False,False,False,False,True
45.0,2.222222222,2.222222222,94.42,0.0,1.0,0.0,0.0,0,0,False,False,True,False,False,False,False,False,False,False,True
0.0,0.0,0.0,32.69,0.0,0.0,0.0,0.0,0,-274,False,False,False,False,False,False,True,False,True,False,False
48.0,10.41666667,6.25,78.39,0.052238806,1.0,0.0,0.0,134,0,False,True,False,False,False,False,False,False,False,False,True
44.0,9.090909091,0.0,91.81,0.285714286,0.0,0.0,0.0,7,-538,True,False,False,False,False,False,False,False,False,True,False
37.0,13.51351351,10.81081081,45.52,0.0,1.0,0.0,0.0,0,-34,False,False,False,False,False,False,True,False,True,False,False
47.0,10.63829787,0.0,43.77,0.019230769,0.0,0.0,0.0,208,-2,False,False,False,False,False,False,True,False,False,False,True
28.0,21.42857143,0.0,40.02,0.0,1.0,0.0,0.0,0,0,False,True,False,False,False,False,False,False,True,False,False
18.0,0.0,0.0,92.25,0.049429658,0.0,0.0,0.0,263,-295,False,False,False,False,False,False,True,False,False,True,False
6.0,66.66666667,33.33333333,40.02,0.0,1.0,1.0,0.0,0,0,False,False,False,False,False,False,True,False,True,False,False
44.0,15.90909091,0.0,105.57,0.034246575,0.0,0.0,0.0,146,-7,False,True,False,False,False,False,False,False,True,False,False
42.0,64.28571429,0.0,45.02,0.0,1.0,0.0,0.0,0,-125,False,False,False,False,False,True,False,False,True,False,False
0.0,0.0,0.0,50.09,0.0,0.0,0.0,0.0,0,-2,False,False,False,False,False,False,True,False,True,False,False
50.0,10.0,0.0,80.85,0.0666666666666667,0.0,0.0,1.0,105,-341,False,False,False,False,False,False,True,False,False,False,True
46.0,2.173913043,0.0,65.56,0.013175231,0.0,0.0,0.0,759,-1,False,False,False,False,True,False,False,False,True,False,False
43.0,16.27906977,2.325581395,26.86,0.130434783,1.0,0.0,0.0,23,0,False,False,False,False,True,False,False,False,True,False,False
0.0,0.0,0.0,30.27,0.0,0.0,0.0,0.0,0,-1,False,False,False,False,False,False,True,False,True,False,False
0.0,0.0,0.0,181.58,0.06779661,0.0,0.0,0.0,59,0,False,False,False,False,False,False,True,False,False,True,False
48.0,8.333333333,0.0,86.49,0.016697588,0.0,0.0,0.0,539,-4,False,False,False,False,False,True,False,False,False,True,False
34.0,17.64705882,2.941176471,51.0,0.0,1.0,0.0,0.0,0,-8,False,False,False,False,False,True,False,False,True,False,False
21.0,4.761904762,0.0,40.02,0.0,1.0,0.0,0.0,0,0,False,False,False,False,False,False,True,False,True,False,False
37.0,54.05405405,0.0,58.6,0.0,0.0,0.0,0.0,0,-61,False,False,False,False,False,False,True,False,False,True,False
47.0,0.0,0.0,40.02,0.0,1.0,0.0,0.0,0,0,False,False,False,False,False,True,False,False,False,False,True
30.0,90.0,26.66666667,50.56,0.285714286,1.0,0.0,0.0,14,-25,False,False,False,False,False,True,False,True,False,False,False
36.0,27.77777778,11.11111111,57.88,0.107142857,1.0,0.0,0.0,28,0,True,False,False,False,False,False,False,False,False,False,True
0.0,0.0,0.0,39.15,0.0,1.0,0.0,0.0,0,-66,False,False,False,False,False,False,True,False,False,False,True
45.0,6.666666667,2.222222222,35.88,0.0,0.0,0.0,0.0,0,-1083,False,False,False,False,False,False,True,False,False,True,False
6.0,0.0,0.0,40.02,0.0,1.0,0.0,0.0,0,0,False,False,False,False,False,True,False,False,True,False,False
12.0,83.33333333,16.66666667,38.0,0.111111111111111,1.0,1.0,1.0,18,0,False,True,False,False,False,False,False,False,False,False,True
44.0,11.36363636,2.272727273,80.18,0.0,1.0,0.0,0.0,0,-1,False,False,False,False,False,False,True,False,False,False,True
18.0,27.77777778,5.555555556,40.02,0.0,1.0,0.0,0.0,0,0,False,False,False,False,True,False,False,False,True,False,False
37.0,37.83783784,2.702702703,95.47,0.0,1.0,0.0,0.0,0,-121,False,True,False,False,False,False,False,False,False,False,True
33.0,9.090909091,6.060606061,40.02,0.0,1.0,0.0,0.0,0,0,False,False,False,False,False,False,True,False,False,True,False
9.0,22.22222222,0.0,29.02,0.0,1.0,0.0,0.0,0,0,False,False,False,False,True,False,False,False,False,True,False
38.0,5.263157895,0.0,65.44,0.0,1.0,0.0,0.0,0,-21,False,False,False,False,False,True,False,False,False,False,True
23.0,39.13043478,13.04347826,40.02,0.0,1.0,0.0,0.0,0,-47,False,False,False,False,False,False,True,False,False,True,False
20.0,60.0,10.0,53.76,0.0,1.0,0.0,0.0,0,0,False,False,False,False,False,False,True,False,False,False,True
32.0,18.75,3.125,40.02,0.0,1.0,0.0,0.0,0,0,False,True,False,False,False,False,False,False,True,False,False
49.0,6.12244898,2.040816327,54.14,0.142857143,1.0,1.0,0.0,14,-15,False,True,False,False,False,False,False,False,False,False,True
19.0,73.68421053,21.05263158,48.86,0.08,1.0,0.0,0.0,50,-4,False,False,False,False,True,False,False,False,False,False,True
0.0,0.0,0.0,85.25,0.0,0.0,0.0,0.0,0,-12,True,False,False,False,False,False,False,False,False,True,False
0.0,0.0,0.0,62.04,0.12,0.0,0.0,0.0,25,-1,False,False,False,False,False,False,True,False,False,False,True
16.0,37.5,6.25,71.2,0.0,1.0,0.0,0.0,0,-1,False,False,False,False,True,False,False,False,True,False,False
40.0,20.0,0.0,50.22,0.3,1.0,0.0,0.0,10,-47,False,False,False,False,False,True,False,False,False,True,False
42.0,14.28571429,0.0,84.58,0.136363636,1.0,0.0,0.0,22,-5,False,False,False,False,True,False,False,False,True,False,False
36.0,16.66666667,5.555555556,40.0,0.0,1.0,0.0,0.0,0,0,False,True,False,False,False,False,False,False,False,False,True
33.0,90.90909091,9.090909091,157.24,0.055555556,0.0,1.0,0.0,90,-213,False,False,False,False,False,True,False,False,True,False,False
0.0,0.0,0.0,48.81,0.0,0.0,0.0,0.0,0,0,False,True,False,False,False,False,False,False,True,False,False
7.0,100.0,42.85714286,29.06,0.0,1.0,0.0,0.0,0,-38,False,False,False,False,True,False,False,False,False,True,False
19.0,5.263157895,5.263157895,186.86,0.0,1.0,0.0,0.0,0,0,True,False,False,False,False,False,False,False,False,True,False
0.0,0.0,0.0,51.33,0.02739726,0.0,0.0,0.0,73,-5,True,False,False,False,False,False,False,False,True,False,False
39.0,2.564102564,0.0,40.02,0.0,1.0,0.0,0.0,0,0,True,False,False,False,False,False,False,False,True,False,False
45.0,0.0,0.0,159.44,0.0,0.0,0.0,0.0,0,-6,False,False,False,False,True,False,False,False,False,False,True
32.0,18.75,6.25,40.02,0.0,1.0,0.0,0.0,0,0,False,False,False,False,False,False,True,False,True,False,False
30.0,10.0,0.0,45.22,0.0,1.0,0.0,0.0,0,-2,True,False,False,False,False,False,False,False,False,False,True
24.0,12.5,12.5,35.0,0.0,1.0,0.0,0.0,0,0,False,True,False,False,False,False,False,False,False,False,True
0.0,0.0,0.0,90.59,0.023195876,0.0,0.0,0.0,388,-7,False,True,False,False,False,False,False,False,True,False,False
47.0,10.63829787,4.255319149,78.62,0.006006006,0.0,0.0,0.0,999,-267,False,False,False,False,True,False,False,False,False,True,False
34.0,79.41176471,8.823529412,63.29,0.04,1.0,0.0,0.0,100,-20,True,False,False,False,False,False,False,False,False,False,True
8.0,50.0,0.0,106.66,0.02360515,0.0,0.0,0.0,932,-8,True,False,False,False,False,False,False,False,True,False,False
42.0,11.9047619,7.142857143,40.02,0.0,1.0,0.0,0.0,0,0,False,True,False,False,False,False,False,False,True,False,False
0.0,0.0,0.0,33.19,0.0,0.0,0.0,0.0,0,0,True,False,False,False,False,False,False,False,False,True,False
0.0,0.0,0.0,106.88,1.0,0.0,0.0,0.0,2,0,False,False,False,False,False,False,True,False,True,False,False
0.0,0.0,0.0,53.01,0.0,0.0,0.0,0.0,0,-14,False,True,False,False,False,False,False,False,False,False,True
31.0,12.90322581,3.225806452,40.02,0.0,1.0,0.0,0.0,0,-1,True,False,False,False,False,False,False,False,True,False,False
31.0,12.90322581,3.225806452,30.22,0.333333333,1.0,0.0,0.0,6,-8,False,False,False,False,False,True,False,False,False,False,True
32.0,3.125,0.0,40.02,0.0,1.0,1.0,0.0,0,0,False,False,False,False,False,True,False,False,True,False,False
16.0,75.0,12.5,40.02,0.0,1.0,1.0,1.0,0,0,False,True,False,False,False,False,False,False,False,False,True
32.0,3.125,0.0,80.5,0.0,0.0,0.0,0.0,0,-16,False,False,False,False,True,False,False,False,False,True,False
27.0,44.44444444,14.81481481,52.78,0.0,1.0,0.0,0.0,0,-11,False,False,False,False,False,True,False,False,False,True,False
3.0,66.66666667,33.33333333,69.53,0.0,1.0,0.0,0.0,0,-12,False,False,False,False,False,False,True,False,False,False,True
32.0,3.125,0.0,40.02,0.0,1.0,0.0,0.0,0,0,False,False,False,False,False,True,False,False,False,True,False
50.0,52.0,16.0,114.45,0.121951219512195,1.0,0.0,0.0,41,-580,False,False,False,False,False,True,False,False,True,False,False
47.0,2.127659574,2.127659574,37.73,0.006153846,0.0,0.0,0.0,650,-98,False,True,False,False,False,False,False,False,True,False,False
0.0,0.0,0.0,53.1,0.038167939,1.0,0.0,0.0,262,-131,False,True,False,False,False,False,False,False,True,False,False
47.0,21.27659574,6.382978723,29.53,0.020547945,0.0,0.0,0.0,292,0,False,False,False,False,False,False,True,False,True,False,False
47.0,0.0,0.0,29.55,0.038461538,0.0,0.0,0.0,182,-24,False,False,False,False,False,True,False,False,True,False,False
21.0,38.0952381,33.33333333,38.57,0.12,1.0,0.0,0.0,25,0,False,False,False,False,True,False,False,True,False,False,False
28.0,21.42857143,7.142857143,40.02,0.0,1.0,0.0,0.0,0,0,True,False,False,False,False,False,False,False,True,False,False
0.0,0.0,0.0,112.01,0.0,0.0,0.0,0.0,0,-1,False,False,False,False,False,True,False,False,True,False,False
33.0,60.60606061,6.060606061,40.0,0.0,0.0,0.0,0.0,0,-379,False,True,False,False,False,False,False,False,False,False,True
28.0,100.0,3.571428571,40.0,0.0,1.0,0.0,0.0,0,-21,False,False,True,False,False,False,False,False,False,False,True
0.0,0.0,0.0,75.54,0.007072136,0.0,0.0,0.0,1414,-7,False,True,False,False,False,False,False,False,False,True,False
43.0,34.88372093,11.62790698,61.87,0.222222222,1.0,0.0,0.0,9,0,False,True,False,False,False,False,False,False,True,False,False
39.0,0.0,0.0,74.49,0.108695652,1.0,0.0,0.0,46,0,False,False,False,False,True,False,False,False,False,True,False
35.0,8.571428571,5.714285714,40.95,0.0,1.0,0.0,1.0,0,-2,False,False,False,False,False,False,True,False,False,False,True
30.0,6.666666667,0.0,52.61,0.0,1.0,0.0,0.0,0,-14,True,False,False,False,False,False,False,False,True,False,False
4.0,100.0,25.0,36.98,0.082352941,1.0,1.0,0.0,85,-21,False,False,False,False,False,False,True,False,False,False,True
41.0,19.51219512,2.43902439,50.86,0.125,1.0,0.0,0.0,32,-7,True,False,False,False,False,False,False,False,True,False,False
32.0,37.5,3.125,78.2,0.0,1.0,0.0,0.0,0,-67,False,False,False,False,False,False,True,False,False,False,True
48.0,16.66666667,2.083333333,59.37,0.051191527,1.0,0.0,0.0,1133,-137,False,False,False,False,False,True,False,False,False,True,False
0.0,0.0,0.0,61.08,0.0,0.0,0.0,0.0,0,0,False,False,False,False,False,True,False,False,False,True,False
33.0,18.18181818,0.0,58.83,0.071428571,1.0,0.0,0.0,42,0,True,False,False,False,False,False,False,False,False,False,True
34.0,100.0,8.823529412,58.27,0.090909091,1.0,0.0,0.0,198,-1,False,False,False,False,False,True,False,False,False,True,False
0.0,0.0,0.0,5.13,0.0,0.0,0.0,0.0,0,0,False,False,False,False,False,True,False,False,True,False,False
35.0,0.0,0.0,40.02,0.0,1.0,0.0,0.0,0,-2,True,False,False,False,False,False,False,False,False,False,True
2.0,100.0,0.0,40.25,0.0,1.0,1.0,0.0,0,0,False,False,False,False,False,True,False,False,True,False,False
23.0,82.60869565,47.82608696,40.02,0.0,1.0,1.0,0.0,0,-9,False,False,False,False,False,False,True,False,True,False,False
7.0,100.0,14.28571429,29.02,0.0,1.0,0.0,0.0,0,0,True,False,False,False,False,False,False,False,False,True,False
31.0,3.225806452,0.0,40.02,0.0,1.0,1.0,0.0,0,0,False,True,False,False,False,False,False,False,True,False,False
22.0,40.90909091,27.27272727,49.93,0.0,1.0,0.0,0.0,0,0,False,True,False,False,False,False,False,True,False,False,False
50.0,46.0,10.0,97.06,0.117063492,1.0,1.0,1.0,504,-1,False,False,False,False,True,False,False,False,False,False,True
7.0,71.42857143,57.14285714,40.02,0.0,1.0,0.0,0.0,0,0,False,False,False,False,False,False,True,False,False,True,False
43.0,18.60465116,0.0,23.9,1.0,0.0,0.0,0.0,2,-1,False,False,False,False,False,True,False,False,False,True,False
16.0,0.0,0.0,39.05,0.0,0.0,0.0,0.0,0,-8,False,False,False,False,False,False,True,False,True,False,False
36.0,5.555555556,0.0,45.19,0.086956522,1.0,0.0,0.0,23,0,False,True,False,False,False,False,False,False,False,False,True
45.0,2.222222222,0.0,38.0,0.047619048,1.0,0.0,0.0,42,-5,True,False,False,False,False,False,False,False,False,False,True
51.0,54.90196078,0.0,174.83,0.108108108108108,1.0,0.0,1.0,444,-93,False,False,False,False,False,True,False,False,False,False,True
23.0,82.60869565,30.43478261,31.78,0.054054054,1.0,0.0,0.0,37,-1,False,False,False,False,True,False,False,False,False,False,True
45.0,4.444444444,0.0,20.99,0.0,0.0,0.0,0.0,0,0,False,False,False,False,False,False,True,False,False,True,False
32.0,15.625,3.125,73.43,0.0,1.0,0.0,0.0,0,0,False,False,False,False,False,False,True,False,True,False,False
44.0,75.0,2.272727273,50.94,0.050167224,1.0,1.0,0.0,299,0,False,False,False,False,False,False,True,False,True,False,False
42.0,35.71428571,11.9047619,45.88,0.0,0.0,0.0,0.0,0,-205,False,False,False,False,False,True,False,False,True,False,False
0.0,0.0,0.0,60.75,0.0,0.0,0.0,0.0,0,0,False,False,False,False,True,False,False,False,True,False,False
39.0,0.0,0.0,49.29,0.0,0.0,0.0,0.0,0,-74,True,False,False,False,False,False,False,False,False,True,False
45.0,8.888888889,4.444444444,51.76,0.0,1.0,0.0,0.0,0,0,False,False,False,False,False,True,False,False,True,False,False
39.0,74.35897436,2.564102564,70.88,0.002275313,1.0,0.0,0.0,879,-133,False,False,False,False,True,False,False,False,True,False,False
45.0,0.0,0.0,48.4,0.285714286,0.0,0.0,0.0,7,0,False,False,False,False,False,False,True,False,False,True,False
21.0,9.523809524,0.0,40.02,0.0,1.0,1.0,0.0,0,-29,False,False,False,False,True,False,False,False,False,False,True
36.0,50.0,0.0,62.5,0.0,0.0,0.0,0.0,0,0,False,False,False,False,True,False,False,False,True,False,False
44.0,2.272727273,0.0,30.0,0.0,1.0,0.0,0.0,0,14,False,False,False,False,True,False,False,False,False,False,True
46.0,2.173913043,0.0,40.0,0.0,1.0,0.0,0.0,0,0,False,False,False,False,False,True,False,False,False,False,True
42.0,2.380952381,0.0,99.61,0.0,1.0,0.0,0.0,0,0,False,False,False,False,False,True,False,False,False,False,True
0.0,0.0,0.0,57.04,0.078571429,0.0,0.0,0.0,140,-6,False,False,False,False,False,True,False,False,True,False,False
41.0,4.87804878,0.0,99.77,0.0,1.0,1.0,0.0,0,0,False,True,False,False,False,False,False,False,True,False,False
0.0,0.0,0.0,36.9,0.038043478,1.0,0.0,0.0,184,-76,True,False,False,False,False,False,False,False,False,True,False
44.0,9.090909091,4.545454545,95.94,0.0,0.0,0.0,0.0,0,0,False,False,True,False,False,False,False,False,False,False,True
14.0,71.42857143,28.57142857,40.0,0.0,1.0,0.0,0.0,0,0,True,False,False,False,False,False,False,False,False,False,True
0.0,0.0,0.0,54.7,0.096209913,0.0,0.0,0.0,343,-210,False,False,False,False,False,False,True,False,False,True,False
29.0,27.5862069,3.448275862,88.58,0.0,1.0,0.0,0.0,0,0,True,False,False,False,False,False,False,False,False,False,True
28.0,50.0,14.28571429,40.0,0.0,1.0,0.0,1.0,0,0,False,False,False,False,False,False,True,False,False,False,True
43.0,9.302325581,4.651162791,20.88,0.0,1.0,0.0,0.0,0,-68,False,False,False,False,False,True,False,False,False,False,True
36.0,0.0,0.0,40.02,0.0,1.0,0.0,0.0,0,-2,False,False,False,False,False,True,False,False,True,False,False
22.0,86.36363636,18.18181818,59.28,0.333333333333333,1.0,0.0,0.0,6,-39,False,False,False,False,False,True,False,True,False,False,False
24.0,45.83333333,12.5,78.01,0.285714286,1.0,0.0,0.0,7,-11,False,False,False,False,True,False,False,True,False,False,False
33.0,18.18181818,3.03030303,39.95,0.0,1.0,0.0,0.0,0,0,True,False,False,False,False,False,False,False,True,False,False
45.0,4.444444444,0.0,32.71,0.0,0.0,0.0,0.0,0,0,False,False,False,False,False,False,True,False,True,False,False
48.0,22.91666667,2.083333333,72.96,0.155339806,1.0,1.0,0.0,103,-5,False,True,False,False,False,False,False,False,False,False,True
43.0,13.95348837,0.0,56.14,0.0,1.0,0.0,0.0,0,0,False,False,False,False,False,True,False,False,True,False,False
32.0,18.75,9.375,75.13,0.0,1.0,0.0,0.0,0,-45,False,False,False,False,False,True,False,False,True,False,False
37.0,51.35135135,5.405405405,53.86,0.0,1.0,0.0,0.0,0,-51,False,False,False,False,False,True,False,False,False,False,True
29.0,37.93103448,10.34482759,44.27,0.047619048,1.0,0.0,0.0,42,0,False,False,False,False,False,False,True,False,False,False,True
40.0,10.0,2.5,30.57,0.0,1.0,0.0,0.0,0,-14,False,False,False,False,False,True,False,True,False,False,False
33.0,6.060606061,3.03030303,72.64,0.0,1.0,0.0,0.0,0,-1253,False,False,False,False,False,False,True,False,False,True,False
22.0,18.18181818,0.0,40.0,0.0,1.0,0.0,1.0,0,0,False,True,False,False,False,False,False,False,False,False,True
0.0,0.0,0.0,50.76,0.0,0.0,0.0,0.0,0,0,False,True,False,False,False,False,False,False,True,False,False
7.0,57.14285714,42.85714286,83.28,0.0,0.0,0.0,0.0,0,-44,False,True,False,False,False,False,False,False,True,False,False
26.0,3.846153846,0.0,45.02,0.0,1.0,0.0,0.0,0,0,False,True,False,False,False,False,False,False,True,False,False
26.0,7.692307692,3.846153846,35.02,0.0,1.0,0.0,0.0,0,0,False,True,False,False,False,False,False,False,False,False,True
28.0,7.142857143,3.571428571,31.02,0.0,1.0,0.0,0.0,0,0,False,False,False,False,True,False,False,False,False,False,True
46.0,4.347826087,2.173913043,40.0,0.0,1.0,1.0,0.0,0,0,False,False,False,False,False,True,False,False,False,False,True
36.0,69.44444444,27.77777778,63.52,0.126984126984127,1.0,0.0,0.0,126,-2,False,False,False,False,False,True,False,False,True,False,False
36.0,16.66666667,8.333333333,29.43,0.0,1.0,0.0,0.0,0,-34,False,False,False,False,True,False,False,False,False,False,True
6.0,0.0,0.0,40.02,0.0,1.0,0.0,0.0,0,-6,False,True,False,False,False,False,False,False,True,False,False
41.0,0.0,0.0,40.02,0.0,1.0,0.0,0.0,0,0,True,False,False,False,False,False,False,False,True,False,False
60.0,51.66666667,3.333333333,163.96,0.141496599,1.0,0.0,1.0,735,-1,False,True,False,False,False,False,False,False,True,False,False
45.0,0.0,0.0,23.65,0.0,0.0,0.0,0.0,0,0,False,True,False,False,False,False,False,False,False,True,False
48.0,4.166666667,4.166666667,22.53,0.113636364,0.0,0.0,0.0,44,0,False,False,False,False,False,True,False,False,True,False,False
0.0,0.0,0.0,52.71,0.0,1.0,0.0,0.0,0,-11,False,True,False,False,False,False,False,False,False,True,False
36.0,0.0,0.0,40.02,0.0,0.0,0.0,0.0,0,-378,False,False,False,False,False,False,True,False,True,False,False
44.0,13.63636364,0.0,114.58,0.0,1.0,0.0,0.0,0,-800,True,False,False,False,False,False,False,False,True,False,False
30.0,13.33333333,0.0,78.01,0.0,1.0,0.0,0.0,0,-1,False,True,False,False,False,False,False,False,True,False,False
50.0,0.0,0.0,182.45,0.076086957,1.0,0.0,0.0,644,0,False,False,False,False,False,False,True,False,False,True,False
36.0,44.44444444,2.777777778,89.6,0.0,0.0,0.0,0.0,0,-5,True,False,False,False,False,False,False,False,True,False,False
0.0,0.0,0.0,54.01,0.0,1.0,0.0,0.0,0,0,False,False,False,False,False,False,True,False,True,False,False
0.0,0.0,0.0,42.31,0.0,0.0,0.0,0.0,0,-275,False,False,False,False,False,True,False,False,False,True,False
36.0,8.333333333,0.0,40.02,0.0,1.0,0.0,0.0,0,-12,True,False,False,False,False,False,False,False,True,False,False
33.0,69.6969697,0.0,106.94,0.0,1.0,0.0,0.0,0,-35,False,False,True,False,False,False,False,False,False,False,True
33.0,78.78787879,36.36363636,67.4,0.023529412,1.0,0.0,0.0,85,-22,False,False,True,False,False,False,False,False,False,False,True
45.0,0.0,0.0,58.18,0.0,0.0,0.0,0.0,0,0,True,False,False,False,False,False,False,False,False,True,False
26.0,3.846153846,0.0,59.4,0.153846154,1.0,0.0,0.0,26,-5,False,False,False,False,False,False,True,False,True,False,False
34.0,58.82352941,8.823529412,29.4,0.0,1.0,0.0,0.0,0,-22,False,True,False,False,False,False,False,False,False,False,True
18.0,38.88888889,5.555555556,43.54,0.095238095,1.0,0.0,0.0,21,-8,False,True,False,False,False,False,False,False,False,False,True
36.0,0.0,0.0,72.7,0.0,0.0,0.0,0.0,0,26,False,False,False,True,False,False,False,False,False,False,True
0.0,0.0,0.0,56.46,0.0,0.0,0.0,0.0,0,-11,False,True,False,False,False,False,False,False,False,True,False
11.0,63.63636364,9.090909091,49.16,0.0,1.0,0.0,0.0,0,0,False,True,False,False,False,False,False,False,False,False,True
44.0,15.90909091,4.545454545,69.75,0.085714286,0.0,0.0,0.0,175,-627,False,True,False,False,False,False,False,False,False,True,False
42.0,4.761904762,0.0,40.02,0.0,1.0,1.0,0.0,0,-22,True,False,False,False,False,False,False,False,True,False,False
50.0,2.0,2.0,50.27,0.037073171,1.0,0.0,0.0,1025,-177,False,False,False,False,False,False,True,False,False,True,False
45.0,2.222222222,2.222222222,36.59,0.0,0.0,0.0,0.0,0,0,True,False,False,False,False,False,False,False,False,True,False
35.0,25.71428571,0.0,101.17,0.0,1.0,0.0,0.0,0,-18,False,False,False,False,False,False,True,False,True,False,False
48.0,25.0,6.25,87.66,0.166666667,1.0,0.0,0.0,18,-78,False,False,False,False,False,False,True,False,False,False,True
33.0,33.33333333,3.03030303,65.34,0.0,1.0,0.0,0.0,0,0,True,False,False,False,False,False,False,False,False,False,True
34.0,14.70588235,0.0,50.92,0.130434783,0.0,0.0,0.0,23,-3,False,False,False,False,False,False,True,False,False,False,True
25.0,76.0,4.0,46.6,0.125,0.0,1.0,0.0,16,0,False,True,False,False,False,False,False,False,False,True,False
16.0,0.0,0.0,91.9,0.0,0.0,0.0,0.0,0,-5,False,True,False,False,False,False,False,False,False,True,False
39.0,5.128205128,5.128205128,59.51,0.125,1.0,0.0,0.0,16,-10,False,False,False,False,False,True,False,False,False,False,True
35.0,2.857142857,2.857142857,97.48,0.0,0.0,0.0,0.0,0,0,False,False,False,True,False,False,False,False,False,False,True
43.0,11.62790698,4.651162791,100.0,0.0,0.0,0.0,0.0,0,-154,True,False,False,False,False,False,False,False,False,False,True
10.0,10.0,10.0,38.0,0.0,1.0,0.0,0.0,0,0,False,False,False,False,False,False,True,False,False,False,True
16.0,31.25,6.25,38.75,0.0,1.0,0.0,0.0,0,-45,False,False,False,False,True,False,False,False,False,False,True
36.0,0.0,0.0,40.02,0.0,1.0,1.0,0.0,0,0,False,False,False,False,True,False,False,False,True,False,False
43.0,4.651162791,0.0,68.97,0.0,0.0,0.0,0.0,0,-16,True,False,False,False,False,False,False,False,False,False,True
43.0,25.58139535,6.976744186,75.72,0.107142857,1.0,1.0,0.0,28,-52,False,False,False,False,False,True,False,False,True,False,False
29.0,37.93103448,3.448275862,40.02,0.0,1.0,1.0,0.0,0,0,False,True,False,False,False,False,False,False,True,False,False
32.0,6.25,3.125,40.42,0.0,1.0,0.0,0.0,0,0,False,False,False,False,False,False,True,False,True,False,False
41.0,21.95121951,14.63414634,72.66,0.01863354,0.0,0.0,0.0,161,0,False,False,False,False,False,False,True,False,False,True,False
40.0,2.5,2.5,107.04,0.0,0.0,0.0,0.0,0,-172,True,False,False,False,False,False,False,False,False,True,False
47.0,0.0,0.0,53.25,0.06372549,0.0,0.0,0.0,204,0,False,False,False,False,False,False,True,False,False,True,False
30.0,43.33333333,3.333333333,40.02,0.0,1.0,0.0,0.0,0,0,False,True,False,False,False,False,False,False,True,False,False
44.0,29.54545455,0.0,188.12,0.114285714,1.0,0.0,0.0,35,-3,False,False,True,False,False,False,False,True,False,False,False
25.0,68.0,0.0,40.02,0.0,1.0,0.0,0.0,0,0,False,False,False,False,False,True,False,False,False,True,False
7.0,0.0,0.0,50.39,0.0,1.0,0.0,0.0,0,-3,False,False,False,False,False,True,False,False,False,True,False
19.0,36.84210526,15.78947368,29.0,0.0,1.0,0.0,0.0,0,0,False,False,False,False,False,True,False,False,False,False,True
45.0,0.0,0.0,73.42,0.046511628,0.0,0.0,0.0,43,-68,False,False,False,False,False,True,False,False,True,False,False
16.0,6.25,0.0,40.02,0.0,1.0,0.0,0.0,0,-49,True,False,False,False,False,False,False,False,True,False,False
31.0,19.35483871,9.677419355,40.02,0.0,1.0,0.0,0.0,0,0,True,False,False,False,False,False,False,False,True,False,False
35.0,14.28571429,5.714285714,40.02,0.0,1.0,0.0,0.0,0,0,False,True,False,False,False,False,False,False,True,False,False
45.0,2.222222222,2.222222222,52.39,0.0526315789473684,1.0,0.0,0.0,38,-1,False,False,True,False,False,False,False,True,False,False,False
0.0,0.0,0.0,42.13,0.018181818,1.0,0.0,0.0,110,-1,False,False,False,False,True,False,False,False,True,False,False
39.0,30.76923077,10.25641026,37.64,0.214285714285714,1.0,0.0,0.0,14,-8,False,False,False,False,False,False,True,False,False,True,False
44.0,2.272727273,0.0,87.18,0.0,0.0,0.0,0.0,0,0,False,True,False,False,False,False,False,False,True,False,False
39.0,10.25641026,2.564102564,78.84,0.0,1.0,0.0,0.0,0,-34,False,False,False,False,False,True,False,False,False,False,True
47.0,2.127659574,2.127659574,74.23,0.0571428571428571,0.0,0.0,0.0,35,-204,True,False,False,False,False,False,False,False,True,False,False
34.0,52.94117647,5.882352941,130.19,0.133333333,1.0,0.0,1.0,15,-34,False,True,False,False,False,False,False,False,False,False,True
36.0,2.777777778,0.0,52.13,0.0,0.0,0.0,0.0,0,-479,True,False,False,False,False,False,False,False,False,True,False
28.0,42.85714286,14.28571429,39.98,0.0909090909090909,1.0,0.0,0.0,22,0,False,False,False,False,False,True,False,False,False,True,False
0.0,0.0,0.0,71.65,0.011970534,0.0,0.0,0.0,1086,-6,False,False,False,False,True,False,False,False,False,True,False
59.0,50.84745763,5.084745763,74.29,0.108882521,1.0,1.0,1.0,349,-12,False,False,True,False,False,False,False,False,False,False,True
35.0,25.71428571,2.857142857,40.02,0.0,1.0,1.0,0.0,0,0,False,False,False,False,False,True,False,False,True,False,False
0.0,0.0,0.0,41.94,0.155555556,0.0,0.0,0.0,45,-3,False,False,False,False,False,True,False,False,True,False,False
10.0,50.0,30.0,49.95,0.0,1.0,1.0,0.0,0,0,True,False,False,False,False,False,False,False,True,False,False
44.0,2.272727273,2.272727273,51.9,0.0,0.0,0.0,0.0,0,0,False,False,False,False,True,False,False,False,True,False,False
16.0,0.0,0.0,52.75,0.0,0.0,0.0,0.0,0,-161,False,False,False,False,False,True,False,False,True,False,False
45.0,2.222222222,0.0,50.79,0.0,0.0,0.0,0.0,0,-7,True,False,False,False,False,False,False,False,True,False,False
0.0,0.0,0.0,63.16,0.0660377358490566,1.0,0.0,0.0,106,-6,False,False,False,False,False,False,True,False,True,False,False
35.0,77.14285714,0.0,199.79,0.0,1.0,0.0,0.0,0,-2,False,False,False,False,True,False,False,False,True,False,False
34.0,11.76470588,0.0,76.55,0.0,0.0,0.0,0.0,0,0,False,False,False,True,False,False,False,False,False,False,True
16.0,68.75,6.25,40.0,0.0,1.0,0.0,1.0,0,0,False,False,False,False,True,False,False,False,False,False,True
42.0,0.0,0.0,31.25,0.0,1.0,0.0,0.0,0,-31,False,False,False,False,False,True,False,False,False,True,False
41.0,36.58536585,0.0,43.99,0.0,1.0,0.0,0.0,0,-43,False,False,False,False,False,True,False,False,False,False,True
21.0,38.0952381,19.04761905,35.02,0.0,1.0,0.0,0.0,0,0,True,False,False,False,False,False,False,False,False,True,False
47.0,12.76595745,4.255319149,62.17,0.0246305418719212,1.0,0.0,0.0,406,-734,False,False,False,False,True,False,False,False,False,True,False
50.0,30.0,8.0,77.21,0.022243714,0.0,0.0,0.0,1034,-122,False,False,False,False,False,True,False,False,False,True,False
37.0,5.405405405,5.405405405,57.22,0.00655308,1.0,0.0,0.0,763,-599,False,False,False,False,False,False,True,False,False,True,False
35.0,5.714285714,5.714285714,97.25,0.0,1.0,0.0,0.0,0,-7,False,False,False,False,False,False,True,False,True,False,False
50.0,10.0,4.0,83.26,0.00536193,0.0,0.0,0.0,373,-6,False,False,False,False,False,True,False,False,True,False,False
0.0,0.0,0.0,55.1,0.1875,0.0,0.0,0.0,16,-1358,False,True,False,False,False,False,False,False,False,True,False
31.0,6.451612903,3.225806452,40.02,0.0,1.0,0.0,0.0,0,-1,True,False,False,False,False,False,False,False,True,False,False
37.0,43.24324324,10.81081081,72.63,0.0231660231660232,1.0,0.0,0.0,777,-1,False,False,False,False,False,False,True,False,False,True,False
30.0,3.333333333,0.0,35.0,0.0,1.0,0.0,0.0,0,0,False,True,False,False,False,False,False,False,False,False,True
24.0,75.0,0.0,105.88,0.0,1.0,0.0,0.0,0,0,True,False,False,False,False,False,False,False,True,False,False
0.0,0.0,0.0,53.14,0.0,0.0,0.0,0.0,0,0,False,False,False,False,False,False,True,False,True,False,False
26.0,15.38461538,7.692307692,45.01,0.0,1.0,1.0,0.0,0,0,False,True,False,False,False,False,False,False,True,False,False
6.0,83.33333333,16.66666667,40.02,0.0,1.0,0.0,1.0,0,0,False,True,False,False,False,False,False,False,False,False,True
38.0,97.36842105,2.631578947,45.77,0.070422535,1.0,1.0,0.0,71,-515,False,False,False,False,False,False,True,False,False,True,False
42.0,0.0,0.0,40.02,0.0,1.0,0.0,0.0,0,0,True,False,False,False,False,False,False,False,False,False,True
41.0,58.53658537,4.87804878,91.5,0.0109489051094891,0.0,0.0,0.0,274,-1,False,False,False,False,True,False,False,False,True,False,False
3.0,0.0,0.0,40.02,0.0,1.0,0.0,0.0,0,0,True,False,False,False,False,False,False,False,True,False,False
23.0,4.347826087,0.0,38.24,0.0,1.0,0.0,0.0,0,-3,False,False,False,False,False,True,False,False,False,False,True
43.0,4.651162791,0.0,51.16,0.0,0.0,0.0,0.0,0,0,True,False,False,False,False,False,False,False,True,False,False
16.0,0.0,0.0,66.77,0.019047619,0.0,0.0,0.0,105,-24,False,False,False,False,False,True,False,False,True,False,False
3.0,33.33333333,33.33333333,40.77,0.1,1.0,1.0,0.0,20,-19,False,False,True,False,False,False,False,False,False,False,True
45.0,0.0,0.0,49.25,0.0,0.0,0.0,0.0,0,-77,False,False,False,False,False,True,False,False,False,False,True
9.0,66.66666667,11.11111111,102.45,0.0,1.0,0.0,0.0,0,-19,False,False,False,False,True,False,False,False,True,False,False
8.0,12.5,0.0,54.04,0.0,1.0,0.0,0.0,0,-49,False,False,False,False,True,False,False,False,False,True,False
7.0,42.85714286,0.0,40.02,0.0,1.0,0.0,0.0,0,0,False,False,False,False,False,True,False,False,False,True,False
24.0,41.66666667,8.333333333,51.54,0.230769231,1.0,0.0,0.0,13,0,False,False,False,False,False,True,False,False,True,False,False
32.0,21.875,0.0,52.97,0.0,1.0,0.0,0.0,0,0,False,False,False,False,False,True,False,False,True,False,False
50.0,32.0,14.0,70.95,0.011904762,1.0,0.0,0.0,168,-20,True,False,False,False,False,False,False,False,False,False,True
9.0,100.0,11.11111111,35.0,0.0,1.0,0.0,0.0,0,0,False,False,True,False,False,False,False,False,False,False,True
20.0,30.0,20.0,105.54,0.124521073,1.0,0.0,0.0,1044,-157,False,False,False,False,False,True,False,False,False,True,False
30.0,20.0,3.333333333,47.4,0.166666667,1.0,0.0,0.0,18,-2,False,True,False,False,False,False,False,False,False,True,False
36.0,38.88888889,5.555555556,40.02,0.0,1.0,0.0,0.0,0,0,False,False,False,False,False,False,True,False,True,False,False
45.0,15.55555556,6.666666667,51.16,0.0,0.0,0.0,0.0,0,0,False,False,False,False,False,True,False,False,False,True,False
38.0,5.263157895,2.631578947,87.12,0.0,1.0,0.0,0.0,0,-17,False,False,False,False,False,True,False,False,False,False,True
26.0,61.53846154,0.0,89.36,0.0,1.0,0.0,0.0,0,-128,False,True,False,False,False,False,False,False,False,False,True
6.0,100.0,16.66666667,40.0,0.0,1.0,0.0,0.0,0,0,False,False,True,False,False,False,False,False,False,False,True
34.0,5.882352941,5.882352941,39.97,0.0,1.0,1.0,0.0,0,0,False,True,False,False,False,False,False,False,True,False,False
37.0,10.81081081,0.0,38.0,0.133333333,1.0,0.0,0.0,15,0,True,False,False,False,False,False,False,False,False,False,True
45.0,13.33333333,0.0,40.02,0.0,1.0,0.0,0.0,0,-3,False,True,False,False,False,False,False,False,False,False,True
0.0,0.0,0.0,51.73,0.02020202,0.0,0.0,0.0,99,-63,False,False,False,False,False,True,False,False,False,False,True
38.0,7.894736842,5.263157895,25.71,0.095238095,1.0,0.0,0.0,21,-5,False,False,False,False,False,True,False,False,False,False,True
47.0,0.0,0.0,139.19,0.043859649,1.0,0.0,0.0,114,0,False,False,True,False,False,False,False,True,False,False,False
30.0,6.666666667,0.0,40.02,0.0,1.0,0.0,0.0,0,-1,False,False,False,False,False,True,False,False,True,False,False
2.0,0.0,0.0,40.02,0.0,1.0,0.0,0.0,0,0,False,False,False,False,True,False,False,False,True,False,False
23.0,17.39130435,0.0,31.0,0.0,1.0,0.0,0.0,0,0,False,False,False,False,False,False,True,False,False,False,True
12.0,58.33333333,8.333333333,54.37,0.0,1.0,0.0,0.0,0,-1,True,False,False,False,False,False,False,False,False,False,True
36.0,13.88888889,5.555555556,40.25,0.0,1.0,0.0,0.0,0,-5,False,False,False,False,True,False,False,False,False,True,False
33.0,9.090909091,6.060606061,76.12,0.0,0.0,0.0,0.0,0,-332,False,False,False,False,True,False,False,False,False,False,True
1.0,0.0,0.0,40.02,0.0,1.0,1.0,0.0,0,-5,True,False,False,False,False,False,False,False,True,False,False
0.0,0.0,0.0,44.72,0.0,0.0,0.0,0.0,0,-379,True,False,False,False,False,False,False,False,True,False,False
45.0,0.0,0.0,124.87,0.0,0.0,0.0,0.0,0,-128,False,False,False,False,False,True,False,False,True,False,False
44.0,2.272727273,2.272727273,42.4,0.012552301,1.0,0.0,0.0,239,-18,True,False,False,False,False,False,False,False,True,False,False
31.0,90.32258065,0.0,50.64,0.0,0.0,0.0,0.0,0,-42,False,False,False,False,False,True,False,False,True,False,False
34.0,88.23529412,23.52941176,33.39,0.0,0.0,0.0,0.0,0,0,False,True,False,False,False,False,False,False,False,True,False
30.0,13.33333333,6.666666667,56.58,0.00812065,0.0,0.0,0.0,862,-13,False,True,False,False,False,False,False,False,False,True,False
24.0,4.166666667,4.166666667,76.01,0.0,0.0,0.0,0.0,0,-1,False,False,False,False,False,False,True,False,True,False,False
29.0,20.68965517,13.79310345,35.0,0.0,1.0,0.0,0.0,0,0,False,True,False,False,False,False,False,False,False,False,True
31.0,96.77419355,0.0,49.54,0.068181818,0.0,0.0,0.0,44,-74,False,False,False,False,True,False,False,False,False,False,True
45.0,0.0,0.0,59.49,0.153846154,1.0,0.0,0.0,13,-8,False,False,False,False,True,False,False,True,False,False,False
31.0,9.677419355,6.451612903,40.58,0.142857143,1.0,1.0,0.0,14,-2,False,False,False,False,True,False,False,False,True,False,False
42.0,23.80952381,4.761904762,59.77,0.0786516853932584,1.0,1.0,0.0,89,-14,False,True,False,False,False,False,False,False,False,True,False
31.0,9.677419355,0.0,40.2,0.0,1.0,1.0,0.0,0,0,False,True,False,False,False,False,False,False,False,True,False
4.0,100.0,50.0,40.02,0.0,1.0,0.0,0.0,0,0,True,False,False,False,False,False,False,False,True,False,False
37.0,18.91891892,10.81081081,80.8,0.0,1.0,0.0,0.0,0,-35,False,False,False,False,False,True,False,True,False,False,False
40.0,10.0,5.0,29.97,0.0,1.0,0.0,0.0,0,-26,True,False,False,False,False,False,False,False,False,False,True
37.0,56.75675676,2.702702703,40.0,0.0,1.0,0.0,0.0,0,-2,False,False,True,False,False,False,False,True,False,False,False
34.0,52.94117647,14.70588235,29.61,0.0,1.0,0.0,0.0,0,-31,False,False,True,False,False,False,False,True,False,False,False
8.0,100.0,37.5,35.02,0.0,1.0,0.0,0.0,0,0,False,True,False,False,False,False,False,False,False,True,False
24.0,12.5,0.0,31.19,0.0,1.0,0.0,0.0,0,0,False,True,False,False,False,False,False,False,False,True,False
30.0,90.0,6.666666667,81.89,0.0,1.0,0.0,0.0,0,-29,False,False,False,False,False,False,True,False,False,False,True
16.0,0.0,0.0,26.4,0.0,0.0,0.0,0.0,0,0,False,False,False,False,True,False,False,False,False,True,False
18.0,22.22222222,5.555555556,35.0,0.0,1.0,0.0,0.0,0,0,False,False,False,False,False,True,False,False,False,False,True
16.0,0.0,0.0,24.94,0.0,0.0,0.0,0.0,0,0,False,False,False,False,True,False,False,False,True,False,False
44.0,4.545454545,0.0,42.77,0.125,1.0,0.0,0.0,16,0,False,True,False,False,False,False,False,False,False,True,False
45.0,2.222222222,0.0,53.42,0.022222222,0.0,0.0,0.0,90,-87,False,False,False,False,False,False,True,False,True,False,False
13.0,38.46153846,7.692307692,69.44,0.0,1.0,0.0,0.0,0,0,True,False,False,False,False,False,False,False,False,False,True
56.0,25.0,10.71428571,60.99,0.024336283,1.0,0.0,0.0,452,-27,False,False,False,False,True,False,False,False,False,False,True
31.0,77.41935484,16.12903226,272.38,0.121951219512195,1.0,0.0,1.0,41,0,False,True,False,False,False,False,False,False,False,False,True
12.0,58.33333333,25.0,90.92,0.0,1.0,0.0,0.0,0,0,True,False,False,False,False,False,False,False,False,True,False
46.0,2.173913043,0.0,53.86,0.008426966,0.0,0.0,0.0,356,-27,True,False,False,False,False,False,False,False,True,False,False
1.0,0.0,0.0,121.24,0.082423039,1.0,0.0,0.0,1007,-295,False,True,False,False,False,False,False,False,False,True,False
4.0,75.0,0.0,40.25,0.0,1.0,0.0,0.0,0,0,True,False,False,False,False,False,False,False,True,False,False
26.0,80.76923077,0.0,40.02,0.0,1.0,0.0,0.0,0,0,True,False,False,False,False,False,False,False,True,False,False
58.0,56.89655172,1.724137931,73.24,0.094132029,1.0,0.0,0.0,818,-22,True,False,False,False,False,False,False,False,False,True,False
46.0,19.56521739,8.695652174,35.77,0.006925208,0.0,0.0,0.0,722,-264,False,False,False,False,False,True,False,False,True,False,False
44.0,18.18181818,11.36363636,79.99,0.031746032,1.0,0.0,0.0,126,0,False,False,False,False,False,False,True,False,False,True,False
26.0,11.53846154,7.692307692,29.0,0.0,1.0,0.0,0.0,0,0,False,False,False,False,False,True,False,False,False,False,True
40.0,22.5,2.5,131.46,0.005504587,0.0,0.0,0.0,545,-146,False,False,False,False,False,False,True,False,True,False,False
0.0,0.0,0.0,71.17,0.0,0.0,0.0,0.0,0,-6,False,False,False,False,False,True,False,False,False,True,False
3.0,66.66666667,0.0,102.28,0.0,1.0,0.0,0.0,0,-29,False,False,True,False,False,False,False,False,False,False,True
2.0,100.0,0.0,40.02,0.0,1.0,0.0,0.0,0,-21,True,False,False,False,False,False,False,False,True,False,False
36.0,0.0,0.0,37.14,0.0487804878048781,0.0,0.0,0.0,41,39,False,False,False,True,False,False,False,False,False,False,True
29.0,20.68965517,6.896551724,60.88,0.0,1.0,0.0,0.0,0,-6,False,False,False,False,False,True,False,False,False,False,True
33.0,0.0,0.0,81.47,0.0,1.0,0.0,0.0,0,0,False,False,False,False,False,False,True,False,False,False,True
18.0,22.22222222,5.555555556,31.0,0.0,1.0,0.0,0.0,0,0,False,True,False,False,False,False,False,False,False,False,True
35.0,80.0,0.0,40.25,0.0,1.0,0.0,0.0,0,0,True,False,False,False,False,False,False,False,True,False,False
25.0,8.0,0.0,45.02,0.0,1.0,1.0,0.0,0,0,False,True,False,False,False,False,False,False,True,False,False
45.0,0.0,0.0,89.23,0.0,0.0,0.0,0.0,0,-2,False,False,False,False,True,False,False,False,False,False,True
34.0,14.70588235,0.0,57.49,0.0,0.0,0.0,0.0,0,-18,False,False,False,True,False,False,False,False,False,False,True
25.0,36.0,12.0,40.58,0.066666667,1.0,1.0,0.0,30,0,True,False,False,False,False,False,False,False,True,False,False
0.0,0.0,0.0,33.42,0.0,1.0,0.0,0.0,0,-19,False,True,False,False,False,False,False,False,True,False,False
45.0,0.0,0.0,17.79,0.029850746,1.0,0.0,0.0,67,0,False,True,False,False,False,False,False,False,True,False,False
0.0,0.0,0.0,82.5,0.222222222,0.0,0.0,0.0,9,-103,False,False,False,False,False,True,False,False,False,False,True
38.0,0.0,0.0,81.76,0.0,1.0,0.0,0.0,0,-13,False,False,False,False,False,False,True,False,False,True,False
6.0,16.66666667,16.66666667,50.31,0.0,1.0,1.0,0.0,0,0,False,False,False,False,False,False,True,False,True,False,False
27.0,3.703703704,0.0,51.14,0.0,0.0,0.0,0.0,0,-103,True,False,False,False,False,False,False,False,True,False,False
44.0,38.63636364,0.0,50.57,0.142857143,1.0,0.0,0.0,49,-1,False,False,False,False,False,True,False,False,True,False,False
36.0,94.44444444,36.11111111,161.1,0.086419753,1.0,1.0,1.0,81,0,True,False,False,False,False,False,False,False,False,False,True
16.0,0.0,0.0,52.41,0.0,0.0,0.0,0.0,0,-203,False,True,False,False,False,False,False,False,False,True,False
38.0,10.52631579,5.263157895,40.0,0.0,1.0,0.0,0.0,0,-1,False,True,False,False,False,False,False,False,False,False,True
29.0,37.93103448,0.0,46.99,0.021505376344086,1.0,0.0,0.0,93,-37,False,False,False,True,False,False,False,False,False,False,True
16.0,0.0,0.0,127.8,0.2,0.0,0.0,0.0,10,0,False,True,False,False,False,False,False,False,False,True,False
48.0,0.0,0.0,71.65,0.018229167,0.0,0.0,0.0,768,-8,False,False,False,False,False,True,False,False,False,True,False
46.0,2.173913043,2.173913043,48.81,0.017857143,0.0,0.0,0.0,112,-95,False,False,True,False,False,False,False,False,False,False,True
17.0,0.0,0.0,35.02,0.0,1.0,0.0,0.0,0,0,False,False,False,False,True,False,False,False,False,True,False
32.0,15.625,0.0,50.74,0.0,1.0,0.0,0.0,0,0,False,False,False,False,False,False,True,False,True,False,False
36.0,58.33333333,5.555555556,40.0,0.0,1.0,0.0,0.0,0,-191,False,False,False,False,True,False,False,False,False,False,True
37.0,0.0,0.0,40.02,0.0,1.0,0.0,0.0,0,0,True,False,False,False,False,False,False,False,False,True,False
8.0,37.5,12.5,1.0,0.0,1.0,0.0,0.0,0,0,False,False,False,False,False,True,False,False,False,False,True
3.0,100.0,33.33333333,30.12,0.0,1.0,0.0,0.0,0,-17,False,True,False,False,False,False,False,False,False,False,True
32.0,3.125,0.0,60.44,0.0,1.0,0.0,0.0,0,0,True,False,False,False,False,False,False,False,True,False,False
0.0,0.0,0.0,26.66,0.024691358,1.0,0.0,0.0,81,-22,False,False,False,False,True,False,False,False,False,True,False
2.0,0.0,0.0,40.02,0.0,1.0,0.0,0.0,0,0,False,False,False,False,False,True,False,False,True,False,False
49.0,6.12244898,6.12244898,105.04,0.015748031,1.0,0.0,0.0,127,-3,False,False,False,False,True,False,False,False,False,True,False
12.0,33.33333333,16.66666667,40.02,0.0,1.0,0.0,0.0,0,0,False,False,False,False,False,False,True,False,True,False,False
40.0,0.0,0.0,40.02,0.0,1.0,1.0,0.0,0,0,False,False,False,False,True,False,False,False,False,True,False
22.0,27.27272727,9.090909091,40.02,0.0,1.0,1.0,1.0,0,0,False,False,False,False,False,False,True,False,False,False,True
26.0,7.692307692,3.846153846,40.02,0.0,1.0,0.0,0.0,0,0,False,False,False,False,False,True,False,False,True,False,False
28.0,0.0,0.0,45.02,0.0,1.0,0.0,0.0,0,0,False,False,False,False,False,True,False,False,True,False,False
33.0,93.93939394,15.15151515,50.31,0.028985507,1.0,0.0,0.0,138,-5,False,False,False,False,False,True,False,False,False,True,False
39.0,2.564102564,0.0,40.02,0.0,1.0,0.0,0.0,0,0,True,False,False,False,False,False,False,False,True,False,False
11.0,0.0,0.0,31.0,0.0,1.0,0.0,0.0,0,0,False,False,False,False,False,True,False,False,False,False,True
36.0,0.0,0.0,41.12,0.285714286,0.0,0.0,0.0,7,26,False,False,False,True,False,False,False,True,False,False,False
51.0,64.70588235,25.49019608,81.15,0.151515151515152,1.0,0.0,0.0,990,-223,False,True,False,False,False,False,False,False,True,False,False
0.0,0.0,0.0,34.59,0.0,0.0,0.0,0.0,0,-226,False,True,False,False,False,False,False,False,True,False,False
40.0,2.5,0.0,51.28,0.0,0.0,0.0,0.0,0,-302,False,False,False,False,False,False,True,False,False,True,False
34.0,0.0,0.0,40.02,0.0,1.0,0.0,0.0,0,0,True,False,False,False,False,False,False,False,True,False,False
43.0,25.58139535,2.325581395,289.28,0.072289157,1.0,0.0,1.0,83,-413,False,True,False,False,False,False,False,False,False,False,True
16.0,0.0,0.0,45.61,0.0,0.0,0.0,0.0,0,-182,False,True,False,False,False,False,False,False,True,False,False
12.0,66.66666667,25.0,35.0,0.0,1.0,0.0,0.0,0,0,False,True,False,False,False,False,False,False,False,False,True
45.0,0.0,0.0,22.08,0.25,0.0,0.0,0.0,8,-210,False,False,False,False,True,False,False,False,True,False,False
44.0,27.27272727,0.0,78.81,0.0095044127630685,0.0,0.0,0.0,1473,-328,True,False,False,False,False,False,False,False,False,True,False
54.0,3.703703704,0.0,139.13,0.0344827586206897,0.0,0.0,0.0,232,-13,False,False,False,False,True,False,False,False,True,False,False
44.0,4.545454545,0.0,36.13,0.0,0.0,0.0,0.0,0,0,False,False,False,False,True,False,False,False,False,True,False
34.0,0.0,0.0,40.02,0.0,1.0,0.0,0.0,0,0,False,True,False,False,False,False,False,False,True,False,False
41.0,29.26829268,4.87804878,91.33,0.0,1.0,0.0,0.0,0,-34,False,False,False,False,False,True,False,False,True,False,False
0.0,0.0,0.0,45.17,0.038997214,1.0,0.0,0.0,718,-300,False,False,False,False,False,True,False,False,True,False,False
27.0,44.44444444,29.62962963,40.02,0.0,1.0,1.0,0.0,0,0,True,False,False,False,False,False,False,False,False,True,False
16.0,0.0,0.0,118.35,0.25,0.0,0.0,0.0,8,0,False,False,False,False,False,True,False,False,True,False,False
33.0,36.36363636,3.03030303,84.84,0.0,1.0,0.0,0.0,0,-2,False,False,False,False,True,False,False,False,False,False,True
34.0,73.52941176,2.941176471,40.02,0.0,1.0,0.0,0.0,0,0,False,False,False,False,True,False,False,False,True,False,False
20.0,15.0,10.0,31.0,0.0,1.0,0.0,0.0,0,0,False,False,False,False,True,False,False,False,False,False,True
26.0,7.692307692,0.0,39.95,2.0,1.0,0.0,0.0,1,-1,True,False,False,False,False,False,False,False,False,False,True
8.0,25.0,0.0,40.02,0.0,1.0,0.0,0.0,0,0,False,True,False,False,False,False,False,False,True,False,False
7.0,14.28571429,0.0,35.0,0.0,1.0,0.0,0.0,0,0,False,False,False,False,False,True,False,False,False,False,True
31.0,3.225806452,0.0,40.02,0.0,1.0,0.0,0.0,0,0,False,False,False,False,True,False,False,False,False,True,False
45.0,0.0,0.0,52.79,0.0,0.0,0.0,0.0,0,-82,False,False,False,False,False,False,True,False,False,True,False
44.0,4.545454545,0.0,116.92,0.142857143,1.0,0.0,0.0,14,-3,False,False,False,False,False,True,False,False,True,False,False
16.0,0.0,0.0,53.61,0.015873016,0.0,0.0,0.0,126,0,False,False,False,False,False,True,False,False,False,True,False
46.0,2.173913043,0.0,73.32,0.031626506,0.0,0.0,0.0,664,-150,False,False,False,False,False,True,False,False,False,True,False
37.0,56.75675676,0.0,139.03,0.015384615,1.0,0.0,0.0,130,0,True,False,False,False,False,False,False,False,False,False,True
0.0,0.0,0.0,57.27,0.023255814,0.0,0.0,0.0,688,-2,False,False,False,False,False,False,True,False,False,True,False
0.0,0.0,0.0,80.72,0.0375,1.0,0.0,0.0,1440,0,False,True,False,False,False,False,False,False,False,True,False
31.0,6.451612903,0.0,41.12,0.0,1.0,0.0,0.0,0,-2,False,True,False,False,False,False,False,False,False,False,True
45.0,0.0,0.0,55.78,0.0,0.0,0.0,0.0,0,-57,False,True,False,False,False,False,False,False,True,False,False
33.0,15.15151515,0.0,40.0,0.0,1.0,0.0,1.0,0,-14,False,True,False,False,False,False,False,False,False,False,True
8.0,62.5,12.5,45.0,0.0,1.0,1.0,1.0,0,0,True,False,False,False,False,False,False,False,False,False,True
44.0,2.272727273,0.0,71.75,0.0,0.0,0.0,0.0,0,0,False,False,False,False,False,False,True,False,True,False,False
16.0,0.0,0.0,29.12,0.0,0.0,0.0,0.0,0,0,False,False,False,False,False,False,True,False,False,True,False
44.0,15.90909091,2.272727273,57.11,0.0,0.0,0.0,0.0,0,-58,False,False,False,False,True,False,False,False,False,True,False
29.0,62.06896552,20.68965517,53.65,0.0,1.0,0.0,0.0,0,-25,True,False,False,False,False,False,False,False,True,False,False
31.0,6.451612903,0.0,40.2,0.0,1.0,0.0,0.0,0,0,True,False,False,False,False,False,False,False,True,False,False
38.0,34.21052632,2.631578947,40.02,0.0,1.0,0.0,0.0,0,0,False,False,False,False,False,True,False,False,True,False,False
45.0,11.11111111,2.222222222,40.02,0.0,1.0,0.0,0.0,0,0,True,False,False,False,False,False,False,False,True,False,False
46.0,13.04347826,6.52173913,51.98,0.047413793,0.0,0.0,0.0,232,-1,False,True,False,False,False,False,False,False,True,False,False
48.0,16.66666667,14.58333333,55.02,0.107660455,0.0,0.0,0.0,966,-341,False,True,False,False,False,False,False,False,False,True,False
36.0,8.333333333,2.777777778,40.25,0.0,1.0,0.0,0.0,0,0,False,False,False,False,False,False,True,False,True,False,False
36.0,8.333333333,2.777777778,53.6,0.0,1.0,0.0,0.0,0,0,True,False,False,False,False,False,False,False,True,False,False
11.0,90.90909091,54.54545455,59.51,0.0,1.0,1.0,0.0,0,-8,False,True,False,False,False,False,False,True,False,False,False
0.0,0.0,0.0,38.47,0.0,0.0,0.0,0.0,0,0,False,False,False,False,True,False,False,False,True,False,False
43.0,2.325581395,0.0,79.41,0.285714285714286,1.0,0.0,0.0,7,-33,False,False,False,False,False,False,True,False,False,True,False
46.0,28.26086957,8.695652174,88.28,0.015873016,1.0,0.0,0.0,189,-13,False,False,False,False,False,True,False,False,True,False,False
39.0,58.97435897,10.25641026,40.02,0.0,1.0,0.0,0.0,0,0,True,False,False,False,False,False,False,False,False,True,False
27.0,7.407407407,0.0,52.51,0.0,1.0,0.0,0.0,0,-7,False,False,False,False,False,True,False,False,False,True,False
47.0,4.255319149,2.127659574,125.15,0.044280442804428,0.0,0.0,0.0,271,-71,False,False,False,False,False,True,False,False,False,True,False
43.0,6.976744186,4.651162791,45.31,0.0,1.0,0.0,0.0,0,0,False,False,False,False,False,True,False,False,False,True,False
0.0,0.0,0.0,73.87,0.0,0.0,0.0,0.0,0,-42,False,False,False,False,False,True,False,False,False,True,False
0.0,0.0,0.0,46.88,0.06088993,1.0,0.0,0.0,427,0,False,True,False,False,False,False,False,False,False,True,False
41.0,29.26829268,0.0,56.91,0.0,0.0,0.0,0.0,0,-99,False,False,False,False,False,True,False,False,False,True,False
23.0,34.7826087,0.0,40.02,0.0,1.0,0.0,0.0,0,-14,True,False,False,False,False,False,False,False,True,False,False
0.0,0.0,0.0,54.47,0.0,0.0,0.0,0.0,0,0,False,False,False,False,True,False,False,False,True,False,False
28.0,39.28571429,14.28571429,56.92,0.0,1.0,0.0,0.0,0,0,True,False,False,False,False,False,False,False,True,False,False
46.0,10.86956522,6.52173913,69.17,0.5,1.0,0.0,0.0,4,-11,False,False,False,False,False,True,False,False,False,False,True
7.0,57.14285714,14.28571429,53.28,0.0,1.0,0.0,0.0,0,-15,False,True,False,False,False,False,False,False,True,False,False
7.0,28.57142857,14.28571429,100.94,0.02016129,0.0,0.0,0.0,248,-2,False,False,False,False,True,False,False,False,False,False,True
32.0,9.375,0.0,74.41,0.0,1.0,0.0,0.0,0,0,False,True,False,False,False,False,False,False,True,False,False
18.0,0.0,0.0,54.86,0.047619048,0.0,0.0,0.0,84,0,False,False,False,False,False,False,True,False,False,True,False
41.0,41.46341463,14.63414634,51.58,0.0,1.0,0.0,0.0,0,-7,False,False,False,False,True,False,False,False,False,False,True
42.0,26.19047619,11.9047619,48.45,0.010989011,0.0,0.0,0.0,364,-18,True,False,False,False,False,False,False,False,False,True,False
42.0,0.0,0.0,19.4,0.0,0.0,0.0,0.0,0,-168,False,False,False,False,False,True,False,True,False,False,False
53.0,49.05660377,24.52830189,49.86,0.061728395,1.0,1.0,0.0,405,-834,False,True,False,False,False,False,False,False,True,False,False
38.0,34.21052632,7.894736842,42.09,0.0,1.0,0.0,0.0,0,-34,True,False,False,False,False,False,False,False,False,False,True
7.0,71.42857143,14.28571429,56.0,0.0,1.0,0.0,0.0,0,0,False,True,False,False,False,False,False,False,False,False,True
29.0,10.34482759,0.0,40.02,0.0,1.0,0.0,0.0,0,0,False,False,False,False,False,True,False,False,True,False,False
48.0,12.5,2.083333333,40.36,0.002331002,0.0,0.0,0.0,858,0,False,False,False,False,True,False,False,False,False,True,False
48.0,31.25,4.166666667,106.34,0.044776119,1.0,0.0,0.0,134,0,False,True,False,False,False,False,False,False,False,True,False
32.0,90.625,3.125,70.44,0.0,0.0,0.0,0.0,0,0,False,False,False,False,True,False,False,False,False,True,False
0.0,0.0,0.0,27.53,0.285714286,0.0,0.0,0.0,7,-126,False,True,False,False,False,False,False,False,False,True,False
36.0,0.0,0.0,32.8,0.285714285714286,1.0,1.0,0.0,7,-1,False,False,False,False,True,False,False,False,False,True,False
28.0,96.42857143,17.85714286,99.59,0.0,0.0,0.0,0.0,0,-164,False,False,False,False,True,False,False,True,False,False,False
36.0,5.555555556,0.0,45.0,0.0,1.0,1.0,1.0,0,0,False,False,False,False,False,False,True,False,False,False,True
46.0,4.347826087,2.173913043,29.75,0.017271157,0.0,0.0,0.0,579,-1,False,True,False,False,False,False,False,False,False,True,False
18.0,0.0,0.0,60.55,0.072072072,0.0,0.0,0.0,333,-121,False,False,False,False,False,False,True,False,False,True,False
45.0,2.222222222,2.222222222,236.58,0.0,0.0,0.0,0.0,0,-868,True,False,False,False,False,False,False,False,False,True,False
22.0,36.36363636,9.090909091,81.15,0.0,1.0,0.0,0.0,0,0,False,False,False,False,False,False,True,False,False,False,True
52.0,9.615384615,3.846153846,48.07,0.015306122,0.0,0.0,0.0,196,-3,True,False,False,False,False,False,False,False,False,False,True
43.0,39.53488372,6.976744186,106.98,0.010607522,0.0,0.0,0.0,1037,-24,False,False,False,False,False,True,False,False,False,True,False
30.0,46.66666667,20.0,40.0,0.0,1.0,0.0,0.0,0,-6,False,False,False,False,False,True,False,False,False,False,True
46.0,6.52173913,2.173913043,89.96,0.0,1.0,0.0,0.0,0,0,False,False,True,False,False,False,False,False,False,False,True
29.0,13.79310345,3.448275862,82.29,0.0,1.0,0.0,0.0,0,-2,False,True,False,False,False,False,False,False,False,False,True
5.0,60.0,40.0,77.01,0.0,0.0,0.0,0.0,0,-2,False,True,False,False,False,False,False,False,False,True,False
47.0,27.65957447,4.255319149,75.72,0.101045296,1.0,0.0,0.0,861,0,False,True,False,False,False,False,False,False,True,False,False
20.0,25.0,20.0,35.0,0.0,1.0,0.0,0.0,0,0,False,False,True,False,False,False,False,True,False,False,False
40.0,22.5,12.5,49.72,0.2,1.0,0.0,0.0,15,-40,False,False,False,False,False,True,False,False,False,False,True
7.0,0.0,0.0,40.02,0.0,1.0,0.0,0.0,0,0,True,False,False,False,False,False,False,False,True,False,False
34.0,20.58823529,0.0,102.64,0.0,1.0,1.0,0.0,0,-1,False,False,False,False,False,False,True,False,True,False,False
0.0,0.0,0.0,63.5,0.0,0.0,0.0,0.0,0,-194,False,False,False,False,False,False,True,False,False,True,False
16.0,0.0,0.0,49.09,0.0,0.0,0.0,0.0,0,-1,False,False,False,False,False,False,True,False,False,True,False
31.0,16.12903226,6.451612903,28.75,0.0,1.0,0.0,0.0,0,0,False,True,False,False,False,False,False,False,False,False,True
44.0,11.36363636,2.272727273,83.13,0.009852217,0.0,0.0,0.0,203,-2,False,False,False,False,False,True,False,False,False,True,False
16.0,0.0,0.0,72.44,0.034883721,0.0,0.0,0.0,86,-1,False,False,False,False,False,False,True,False,True,False,False
44.0,20.45454545,4.545454545,192.22,0.0176544766708701,0.0,0.0,0.0,793,-2,False,False,False,False,False,True,False,False,True,False,False
41.0,2.43902439,2.43902439,38.01,0.133333333,1.0,0.0,0.0,15,0,False,False,False,False,False,True,False,False,True,False,False
6.0,83.33333333,33.33333333,35.0,0.0,1.0,0.0,0.0,0,0,False,False,False,False,True,False,False,False,True,False,False
52.0,51.92307692,5.769230769,21.58,0.071428571,1.0,0.0,0.0,910,-6,False,False,False,False,False,True,False,False,True,False,False
64.0,90.625,23.4375,82.86,0.137787056367432,0.0,1.0,0.0,958,-22,True,False,False,False,False,False,False,False,True,False,False
37.0,0.0,0.0,40.02,0.0,1.0,0.0,0.0,0,0,False,True,False,False,False,False,False,False,True,False,False
42.0,14.28571429,0.0,33.5,0.086956522,1.0,0.0,0.0,23,-19,False,False,False,False,False,False,True,False,False,True,False
45.0,53.33333333,33.33333333,61.16,0.033783784,1.0,0.0,0.0,148,-8,False,True,False,False,False,False,False,False,False,True,False
33.0,3.03030303,3.03030303,53.86,0.0,1.0,0.0,0.0,0,0,False,False,False,False,False,False,True,False,False,False,True
31.0,9.677419355,9.677419355,39.95,0.0,1.0,1.0,0.0,0,0,False,False,False,False,True,False,False,False,True,False,False
9.0,22.22222222,0.0,40.02,0.0,1.0,0.0,0.0,0,0,True,False,False,False,False,False,False,False,False,False,True
22.0,86.36363636,31.81818182,94.84,0.1,1.0,0.0,1.0,30,0,False,True,False,False,False,False,False,False,False,False,True
48.0,6.25,2.083333333,85.1,0.075258702,1.0,0.0,0.0,1063,-10,True,False,False,False,False,False,False,False,False,True,False
28.0,25.0,10.71428571,71.62,0.068965517,1.0,0.0,0.0,29,0,False,False,False,False,False,True,False,False,False,True,False
3.0,66.66666667,0.0,40.02,0.0,1.0,0.0,0.0,0,0,False,False,False,False,False,True,False,False,True,False,False
5.0,60.0,0.0,40.02,0.0,1.0,0.0,0.0,0,0,False,True,False,False,False,False,False,False,True,False,False
0.0,0.0,0.0,29.16,0.034722222,0.0,0.0,0.0,144,-3,False,False,False,False,True,False,False,False,False,False,True
29.0,10.34482759,10.34482759,51.62,0.125,1.0,0.0,1.0,24,-7,False,False,False,False,False,True,False,False,False,False,True
15.0,6.666666667,0.0,53.44,0.0,1.0,0.0,0.0,0,0,True,False,False,False,False,False,False,False,False,False,True
0.0,0.0,0.0,46.99,0.024793388,1.0,0.0,0.0,363,39,False,False,False,True,False,False,False,True,False,False,False
14.0,35.71428571,28.57142857,31.0,0.0,1.0,0.0,0.0,0,0,False,False,False,False,False,True,False,False,False,False,True
0.0,0.0,0.0,56.21,0.040229885,0.0,0.0,0.0,174,-37,False,True,False,False,False,False,False,False,False,True,False
30.0,10.0,10.0,54.37,0.0,1.0,0.0,0.0,0,0,False,False,False,False,False,False,True,False,True,False,False
45.0,4.444444444,2.222222222,128.42,0.083086053,0.0,0.0,0.0,337,-12,False,False,False,False,False,True,False,False,True,False,False
23.0,30.43478261,17.39130435,40.19,0.0,1.0,0.0,0.0,0,0,True,False,False,False,False,False,False,False,False,True,False
0.0,0.0,0.0,77.47,0.0,1.0,0.0,0.0,0,0,True,False,False,False,False,False,False,False,False,True,False
24.0,12.5,0.0,40.2,0.0,1.0,0.0,0.0,0,0,False,True,False,False,False,False,False,False,True,False,False
45.0,37.77777778,22.22222222,36.58,0.053097345,1.0,0.0,0.0,113,-6,False,True,False,False,False,False,False,False,False,False,True
48.0,0.0,0.0,40.47,0.133333333,1.0,0.0,0.0,15,0,False,True,False,False,False,False,False,False,True,False,False
0.0,0.0,0.0,66.07,0.0,0.0,0.0,0.0,0,-1,True,False,False,False,False,False,False,False,False,True,False
43.0,9.302325581,0.0,40.02,0.0,1.0,0.0,0.0,0,0,False,True,False,False,False,False,False,False,True,False,False
30.0,60.0,0.0,63.37,0.0,0.0,0.0,0.0,0,-14,False,False,False,False,False,True,False,False,False,False,True
13.0,92.30769231,15.38461538,35.02,0.0,1.0,0.0,0.0,0,0,False,False,False,False,False,False,True,False,False,True,False
42.0,11.9047619,7.142857143,73.01,0.032258065,1.0,0.0,0.0,93,-39,True,False,False,False,False,False,False,False,True,False,False
31.0,32.25806452,9.677419355,50.66,0.0,1.0,0.0,0.0,0,-1,False,False,False,False,False,True,False,False,True,False,False
36.0,2.777777778,0.0,40.02,0.0,1.0,0.0,0.0,0,0,False,False,False,False,True,False,False,False,True,False,False
38.0,2.631578947,2.631578947,123.1,0.047826087,1.0,0.0,0.0,230,-1,False,False,False,False,False,True,False,False,True,False,False
31.0,12.90322581,6.451612903,25.0,0.0,1.0,0.0,0.0,0,0,False,False,False,False,False,True,False,True,False,False,False
1.0,100.0,100.0,41.35,0.0,1.0,0.0,0.0,0,-9,False,False,False,False,False,True,False,False,True,False,False
40.0,32.5,5.0,48.14,0.0,0.0,0.0,0.0,0,-425,False,False,False,False,False,False,True,False,True,False,False
45.0,0.0,0.0,247.54,0.0350877192982456,1.0,0.0,0.0,57,-105,False,False,True,False,False,False,False,False,False,False,True
33.0,78.78787879,3.03030303,53.85,0.0,0.0,0.0,0.0,0,0,False,True,False,False,False,False,False,False,True,False,False
12.0,58.33333333,16.66666667,16.34,0.0,1.0,0.0,0.0,0,-9,False,False,False,False,False,False,True,False,False,True,False
45.0,0.0,0.0,95.66,0.0,1.0,0.0,0.0,0,-59,False,False,False,False,False,False,True,False,True,False,False
43.0,11.62790698,2.325581395,38.87,0.133333333,1.0,0.0,0.0,45,-1,False,False,False,False,False,True,False,False,True,False,False
6.0,66.66666667,16.66666667,35.02,0.0,1.0,0.0,0.0,0,0,False,False,False,False,False,False,True,False,False,True,False
35.0,62.85714286,8.571428571,60.09,0.018518519,1.0,0.0,0.0,108,-42,False,False,False,False,False,True,False,False,False,False,True
36.0,83.33333333,36.11111111,44.94,0.077419355,0.0,1.0,0.0,155,-11,False,False,False,False,True,False,False,False,False,True,False
43.0,13.95348837,6.976744186,50.77,0.0,0.0,0.0,0.0,0,0,False,True,False,False,False,False,False,False,True,False,False
41.0,2.43902439,0.0,100.16,0.0,1.0,0.0,0.0,0,-2,False,False,False,False,False,True,False,False,False,True,False
27.0,51.85185185,3.703703704,40.02,0.0,1.0,0.0,0.0,0,0,False,True,False,False,False,False,False,False,False,True,False
13.0,69.23076923,7.692307692,40.02,0.0,1.0,0.0,0.0,0,0,True,False,False,False,False,False,False,False,True,False,False
38.0,5.263157895,2.631578947,76.52,0.0,0.0,0.0,0.0,0,-367,False,True,False,False,False,False,False,False,True,False,False
33.0,27.27272727,0.0,40.02,0.0,1.0,0.0,0.0,0,0,True,False,False,False,False,False,False,False,True,False,False
45.0,0.0,0.0,123.16,0.0,1.0,0.0,0.0,0,0,False,True,False,False,False,False,False,False,True,False,False
41.0,39.02439024,9.756097561,54.35,0.25,1.0,0.0,0.0,8,-12,False,False,False,False,False,False,True,False,False,False,True
21.0,52.38095238,4.761904762,159.27,0.0695652173913043,1.0,0.0,0.0,230,-2,False,False,True,False,False,False,False,True,False,False,False
7.0,14.28571429,14.28571429,35.0,0.0,0.0,0.0,0.0,0,0,False,False,True,False,False,False,False,False,False,False,True
13.0,100.0,53.84615385,42.37,0.181818182,1.0,0.0,0.0,11,0,True,False,False,False,False,False,False,False,True,False,False
34.0,26.47058824,8.823529412,137.49,0.0,1.0,0.0,0.0,0,-51,False,False,True,False,False,False,False,True,False,False,False
43.0,11.62790698,0.0,25.7,0.0,0.0,0.0,0.0,0,-29,False,False,False,False,False,False,True,False,True,False,False
45.0,0.0,0.0,90.32,0.0,0.0,0.0,0.0,0,0,False,False,False,False,False,True,False,False,False,True,False
9.0,100.0,11.11111111,40.2,0.0,1.0,0.0,0.0,0,0,True,False,False,False,False,False,False,False,False,True,False
24.0,0.0,0.0,43.84,0.0491803278688525,1.0,0.0,0.0,61,-1,False,False,False,False,False,True,False,True,False,False,False
26.0,42.30769231,3.846153846,73.36,0.0,1.0,0.0,0.0,0,0,False,False,False,False,False,True,False,False,False,False,True
46.0,4.347826087,4.347826087,56.53,0.142857143,1.0,0.0,0.0,28,-14,False,False,False,False,False,False,True,False,False,False,True
34.0,14.70588235,5.882352941,40.0,0.0,1.0,0.0,0.0,0,-1,False,False,False,False,False,False,True,False,False,False,True
16.0,0.0,0.0,71.93,0.0,0.0,0.0,0.0,0,-35,True,False,False,False,False,False,False,False,False,True,False
34.0,32.35294118,2.941176471,34.07,0.0,1.0,0.0,0.0,0,-11,True,False,False,False,False,False,False,False,False,False,True
31.0,25.80645161,0.0,40.02,0.0,1.0,1.0,0.0,0,0,True,False,False,False,False,False,False,False,False,True,False
45.0,0.0,0.0,46.6,0.0,0.0,0.0,0.0,0,-52,False,False,False,False,False,False,True,False,False,True,False
45.0,6.666666667,0.0,52.57,0.25,0.0,0.0,0.0,8,0,False,False,False,False,True,False,False,False,True,False,False
7.0,85.71428571,42.85714286,35.02,0.0,1.0,0.0,0.0,0,0,False,False,False,False,False,False,True,False,False,True,False
21.0,52.38095238,14.28571429,80.05,0.0,1.0,0.0,0.0,0,-12,False,False,False,False,False,True,False,True,False,False,False
10.0,90.0,20.0,99.16,0.0,1.0,0.0,0.0,0,0,True,False,False,False,False,False,False,False,True,False,False
40.0,7.5,0.0,35.13,0.035714286,1.0,0.0,0.0,56,0,False,False,False,False,True,False,False,False,False,True,False
30.0,46.66666667,23.33333333,53.25,0.053571429,1.0,0.0,0.0,56,-5,False,True,False,False,False,False,False,False,False,False,True
45.0,4.444444444,0.0,81.61,0.033707865,0.0,0.0,0.0,89,0,False,True,False,False,False,False,False,False,False,True,False
35.0,17.14285714,0.0,49.55,0.095238095,1.0,0.0,0.0,21,-1,False,False,False,False,True,False,False,False,False,False,True
24.0,0.0,0.0,36.95,0.0,1.0,0.0,0.0,0,-4,False,True,False,False,False,False,False,True,False,False,False
45.0,17.77777778,2.222222222,47.61,0.023255814,0.0,0.0,0.0,129,-50,False,True,False,False,False,False,False,False,False,True,False
48.0,16.66666667,2.083333333,35.5,0.068965517,1.0,1.0,0.0,29,-2,False,False,False,False,False,True,False,False,False,True,False
45.0,2.222222222,0.0,119.64,0.0,0.0,0.0,0.0,0,-14,False,False,False,False,True,False,False,False,True,False,False
42.0,38.0952381,7.142857143,59.16,0.0156555772994129,1.0,0.0,0.0,511,-1,True,False,False,False,False,False,False,False,True,False,False
36.0,75.0,5.555555556,45.02,0.051020408,1.0,0.0,0.0,98,-10,False,False,False,False,False,True,False,True,False,False,False
30.0,16.66666667,6.666666667,30.27,0.0,1.0,0.0,0.0,0,-2,False,False,False,False,True,False,False,False,False,False,True
6.0,83.33333333,0.0,40.02,0.0,0.0,0.0,0.0,0,0,True,False,False,False,False,False,False,False,True,False,False
60.0,21.66666667,6.666666667,116.85,0.133333333,0.0,1.0,1.0,540,35,False,False,False,False,True,False,False,False,False,False,True
36.0,11.11111111,2.777777778,89.39,0.0,1.0,0.0,0.0,0,0,False,True,False,False,False,False,False,False,False,True,False
4.0,75.0,25.0,109.22,0.016460905,1.0,0.0,0.0,243,0,False,False,False,False,False,True,False,False,False,True,False
25.0,0.0,0.0,40.25,0.0,1.0,0.0,0.0,0,0,True,False,False,False,False,False,False,False,False,True,False
34.0,91.17647059,0.0,56.8,0.0,0.0,0.0,0.0,0,-2,False,False,False,False,True,False,False,True,False,False,False
19.0,5.263157895,0.0,35.39,0.066666667,1.0,0.0,0.0,30,-3,False,False,False,False,True,False,False,False,True,False,False
18.0,0.0,0.0,133.89,0.074074074,0.0,0.0,0.0,54,0,False,False,False,False,False,True,False,False,True,False,False
29.0,10.34482759,0.0,53.16,0.0,1.0,0.0,0.0,0,-1,False,True,False,False,False,False,False,False,False,True,False
45.0,0.0,0.0,138.49,0.2,0.0,0.0,0.0,10,0,False,False,True,False,False,False,False,False,False,False,True
42.0,16.66666667,0.0,28.51,0.0,1.0,0.0,0.0,0,-6,False,False,True,False,False,False,False,False,False,False,True
35.0,34.28571429,8.571428571,62.95,0.0,1.0,0.0,0.0,0,-3,False,False,False,False,False,True,False,False,False,True,False
0.0,0.0,0.0,50.94,0.0,1.0,0.0,0.0,0,-8,False,False,False,False,True,False,False,False,False,False,True
64.0,1.5625,1.5625,44.6,0.141762452,1.0,1.0,1.0,261,-11,False,False,True,False,False,False,False,True,False,False,False
47.0,4.255319149,0.0,141.61,0.095238095,0.0,0.0,0.0,21,0,False,False,True,False,False,False,False,True,False,False,False
14.0,42.85714286,14.28571429,92.84,0.0,1.0,0.0,0.0,0,-8,False,True,False,False,False,False,False,False,True,False,False
50.0,4.0,2.0,57.6,0.0082417582417582,0.0,0.0,0.0,728,0,False,False,False,False,True,False,False,False,False,True,False
42.0,33.33333333,7.142857143,85.4,0.031104199,1.0,0.0,0.0,643,-13,False,False,False,False,True,False,False,False,False,True,False
34.0,32.35294118,11.76470588,51.89,0.03030303,1.0,0.0,0.0,66,-1,True,False,False,False,False,False,False,False,False,False,True
39.0,56.41025641,0.0,116.0,0.142857143,1.0,0.0,0.0,14,-23,False,True,False,False,False,False,False,False,True,False,False
44.0,34.09090909,6.818181818,50.8,0.0,1.0,0.0,0.0,0,-78,False,True,False,False,False,False,False,False,False,False,True
2.0,50.0,0.0,81.72,0.076923077,1.0,0.0,0.0,91,0,True,False,False,False,False,False,False,False,False,False,True
29.0,24.13793103,13.79310345,40.25,0.0,1.0,0.0,0.0,0,0,False,True,False,False,False,False,False,False,False,True,False
27.0,3.703703704,0.0,92.36,0.015452539,0.0,0.0,0.0,453,-40,True,False,False,False,False,False,False,False,False,True,False
26.0,3.846153846,0.0,40.02,0.0,1.0,0.0,0.0,0,0,False,False,False,False,False,False,True,False,True,False,False
43.0,18.60465116,0.0,30.42,0.0,1.0,0.0,0.0,0,-1,False,False,False,False,False,True,False,False,True,False,False
36.0,0.0,0.0,50.12,0.0,1.0,0.0,0.0,0,0,False,False,False,False,False,True,False,False,False,False,True
7.0,0.0,0.0,58.48,0.0,1.0,0.0,0.0,0,0,False,True,False,False,False,False,False,False,True,False,False
2.0,0.0,0.0,138.86,0.070422535,0.0,0.0,0.0,71,0,False,False,False,False,False,False,True,False,True,False,False
0.0,0.0,0.0,37.25,0.0,0.0,0.0,0.0,0,0,False,False,False,False,False,False,True,False,False,True,False
45.0,11.11111111,2.222222222,22.84,0.0,0.0,0.0,0.0,0,-1,True,False,False,False,False,False,False,False,False,True,False
34.0,0.0,0.0,54.17,0.0,1.0,0.0,0.0,0,-2,True,False,False,False,False,False,False,False,False,False,True
47.0,2.127659574,2.127659574,30.6,0.0,1.0,0.0,0.0,0,-30,False,False,True,False,False,False,False,True,False,False,False
28.0,10.71428571,3.571428571,40.0,0.0,1.0,0.0,0.0,0,-7,False,False,False,False,False,True,False,False,False,False,True
38.0,0.0,0.0,29.98,0.045454545,0.0,0.0,0.0,44,-461,False,True,False,False,False,False,False,False,False,True,False
43.0,18.60465116,6.976744186,86.26,0.028571429,1.0,0.0,0.0,70,-2,False,False,False,False,False,False,True,False,False,False,True
46.0,45.65217391,6.52173913,80.97,0.012931034,1.0,0.0,0.0,232,-1,False,False,False,False,False,False,True,False,False,False,True
45.0,8.888888889,0.0,40.0,0.0,1.0,0.0,0.0,0,0,False,False,False,False,True,False,False,True,False,False,False
42.0,11.9047619,0.0,37.33,0.115384615384615,1.0,1.0,1.0,26,0,False,False,True,False,False,False,False,False,False,False,True
0.0,0.0,0.0,50.39,0.111111111111111,1.0,0.0,0.0,18,-170,False,False,False,False,False,False,True,False,False,False,True
16.0,0.0,0.0,44.25,0.0210526315789474,0.0,0.0,0.0,95,-3,True,False,False,False,False,False,False,False,False,True,False
36.0,75.0,22.22222222,55.57,0.038461538,1.0,0.0,0.0,104,-1,False,True,False,False,False,False,False,False,True,False,False
0.0,0.0,0.0,84.14,0.00286533,0.0,0.0,0.0,1047,0,False,False,False,False,False,True,False,False,True,False,False
31.0,58.06451613,22.58064516,40.0,0.0,1.0,0.0,0.0,0,-16,False,False,False,False,False,True,False,False,False,False,True
44.0,4.545454545,2.272727273,80.71,0.095238095,0.0,0.0,0.0,21,-12,True,False,False,False,False,False,False,False,True,False,False
39.0,33.33333333,5.128205128,59.35,0.0,0.0,0.0,0.0,0,0,True,False,False,False,False,False,False,False,True,False,False
34.0,58.82352941,5.882352941,120.21,0.0,1.0,0.0,0.0,0,-149,False,False,False,False,False,True,False,True,False,False,False
33.0,39.39393939,0.0,100.0,0.0,0.0,0.0,0.0,0,-2,False,False,True,False,False,False,False,False,False,False,True
34.0,5.882352941,0.0,49.92,0.0,1.0,1.0,0.0,0,0,False,False,False,False,False,False,True,False,False,True,False
39.0,5.128205128,0.0,76.29,0.104395604,0.0,0.0,0.0,182,-42,False,True,False,False,False,False,False,False,False,True,False
45.0,6.666666667,0.0,51.97,0.076923077,0.0,0.0,0.0,39,-4,False,True,False,False,False,False,False,False,True,False,False
23.0,86.95652174,26.08695652,45.57,0.058823529,1.0,0.0,0.0,34,0,False,False,False,False,False,True,False,False,False,False,True
7.0,57.14285714,42.85714286,40.25,0.0,1.0,1.0,0.0,0,0,False,False,False,False,True,False,False,False,True,False,False
16.0,0.0,0.0,79.25,0.333333333,0.0,0.0,0.0,6,-59,False,True,False,False,False,False,False,False,False,True,False
28.0,67.85714286,14.28571429,73.82,0.055555556,1.0,0.0,0.0,36,0,False,False,False,False,True,False,False,False,False,True,False
6.0,83.33333333,0.0,29.02,0.0,1.0,0.0,0.0,0,0,False,False,False,False,False,False,True,False,False,True,False
36.0,16.66666667,2.777777778,45.8,0.043243243,1.0,0.0,0.0,185,33,False,False,False,True,False,False,False,False,False,False,True
42.0,14.28571429,7.142857143,40.02,0.0,1.0,0.0,0.0,0,-100,False,False,True,False,False,False,False,False,False,False,True
29.0,13.79310345,6.896551724,51.57,0.0,1.0,0.0,0.0,0,0,False,False,False,False,True,False,False,False,False,False,True
45.0,6.666666667,0.0,96.23,0.0,0.0,0.0,0.0,0,-21,False,False,False,False,False,True,False,True,False,False,False
20.0,30.0,0.0,80.0,0.0,1.0,0.0,0.0,0,0,True,False,False,False,False,False,False,False,False,False,True
14.0,50.0,14.28571429,201.42,0.0,1.0,0.0,0.0,0,0,False,True,False,False,False,False,False,False,True,False,False
32.0,0.0,0.0,40.02,0.0,1.0,0.0,0.0,0,-7,True,False,False,False,False,False,False,False,True,False,False
45.0,0.0,0.0,66.06,0.0,0.0,0.0,0.0,0,-5,False,False,False,False,False,False,True,False,True,False,False
20.0,75.0,20.0,29.0,0.0,1.0,0.0,0.0,0,0,False,True,False,False,False,False,False,True,False,False,False
21.0,4.761904762,0.0,177.5,0.0,0.0,0.0,0.0,0,0,False,False,True,False,False,False,False,False,False,False,True
45.0,4.444444444,0.0,200.63,0.0,0.0,0.0,0.0,0,0,False,False,False,False,True,False,False,False,True,False,False
1.0,100.0,0.0,40.0,0.0,1.0,0.0,0.0,0,-1,False,False,True,False,False,False,False,True,False,False,False
22.0,81.81818182,0.0,40.02,0.0,1.0,1.0,0.0,0,0,False,True,False,False,False,False,False,False,True,False,False
36.0,83.33333333,0.0,81.79,0.016806723,0.0,0.0,0.0,119,0,False,False,False,False,False,True,False,False,True,False,False
33.0,3.03030303,3.03030303,30.95,0.0,1.0,0.0,0.0,0,-31,False,True,False,False,False,False,False,False,True,False,False
36.0,8.333333333,0.0,90.84,0.0,1.0,0.0,0.0,0,0,True,False,False,False,False,False,False,False,False,True,False
38.0,2.631578947,2.631578947,94.38,0.0,1.0,0.0,0.0,0,-17,False,True,False,False,False,False,False,False,False,False,True
33.0,69.6969697,9.090909091,54.64,0.071428571,0.0,0.0,0.0,28,-159,False,False,False,False,True,False,False,False,True,False,False
36.0,2.777777778,2.777777778,40.02,0.0,0.0,0.0,0.0,0,-320,False,False,False,False,False,True,False,False,True,False,False
41.0,12.19512195,7.317073171,108.0,0.008510638,0.0,0.0,0.0,235,0,False,True,False,False,False,False,False,False,True,False,False
43.0,11.62790698,0.0,49.21,0.0,0.0,0.0,0.0,0,-179,False,False,False,False,False,False,True,False,False,True,False
39.0,46.15384615,10.25641026,26.99,0.0,1.0,0.0,0.0,0,-36,False,False,True,False,False,False,False,False,False,False,True
16.0,0.0,0.0,3.68,0.0,0.0,0.0,0.0,0,0,False,False,False,False,False,True,False,False,False,True,False
38.0,31.57894737,7.894736842,69.19,0.107142857,0.0,0.0,0.0,28,0,False,False,True,False,False,False,False,False,False,False,True
45.0,0.0,0.0,80.35,0.023809524,0.0,0.0,0.0,84,0,True,False,False,False,False,False,False,False,True,False,False
16.0,12.5,0.0,40.25,0.0,1.0,0.0,0.0,0,0,False,False,False,False,False,True,False,False,False,True,False
18.0,0.0,0.0,110.05,0.111111111,0.0,0.0,0.0,333,-45,False,True,False,False,False,False,False,False,False,True,False
56.0,8.928571429,1.785714286,136.4,0.100123609,1.0,0.0,0.0,809,-1,False,True,False,False,False,False,False,False,False,True,False
0.0,0.0,0.0,60.11,0.014858841,0.0,0.0,0.0,673,0,False,False,False,False,True,False,False,False,False,True,False
36.0,50.0,19.44444444,55.23,0.18,1.0,0.0,0.0,50,-8,False,True,False,False,False,False,False,False,True,False,False
11.0,9.090909091,0.0,55.3,0.0,0.0,0.0,0.0,0,0,False,True,False,False,False,False,False,False,True,False,False
80.0,43.75,16.25,45.38,0.029850746,1.0,0.0,1.0,268,-237,False,False,False,False,True,False,False,False,False,False,True
32.0,15.625,0.0,40.02,0.0,1.0,1.0,0.0,0,0,True,False,False,False,False,False,False,False,True,False,False
46.0,2.173913043,2.173913043,114.95,0.06122449,0.0,0.0,0.0,49,0,False,False,False,False,False,True,False,False,False,False,True
44.0,6.818181818,4.545454545,152.94,0.015730337,0.0,0.0,0.0,445,-2,False,False,False,True,False,False,False,False,False,False,True
24.0,50.0,8.333333333,43.31,0.0,1.0,0.0,0.0,0,-1,False,False,False,False,False,True,False,False,False,False,True
40.0,92.5,15.0,116.06,0.009104704,1.0,0.0,0.0,659,0,False,False,False,False,False,True,False,False,False,True,False
43.0,23.25581395,13.95348837,102.07,0.214285714,0.0,0.0,0.0,28,-92,False,False,False,False,False,True,False,False,True,False,False
41.0,4.87804878,4.87804878,117.09,0.19047619,1.0,0.0,0.0,21,-17,False,False,False,False,False,False,True,False,False,False,True
30.0,30.0,6.666666667,56.5,0.0,1.0,0.0,0.0,0,-3,False,True,False,False,False,False,False,False,True,False,False
34.0,20.58823529,5.882352941,39.1,0.0,1.0,0.0,0.0,0,-23,False,False,False,False,False,False,True,False,False,False,True
26.0,76.92307692,15.38461538,48.36,0.045454545,1.0,0.0,0.0,44,-3,False,False,False,False,True,False,False,False,False,False,True
51.0,11.76470588,0.0,93.57,0.072847682,0.0,0.0,0.0,151,0,False,False,True,False,False,False,False,True,False,False,False
42.0,9.523809524,4.761904762,95.68,0.0,1.0,0.0,0.0,0,-34,False,False,False,False,False,False,True,False,True,False,False
24.0,16.66666667,0.0,58.19,0.0,1.0,0.0,0.0,0,0,False,False,False,False,True,False,False,True,False,False,False
9.0,88.88888889,0.0,82.37,0.0714285714285714,1.0,0.0,0.0,28,-4,False,False,False,False,False,True,False,False,True,False,False
279.0,97.13261649,42.65232975,58.78,0.021001616,0.0,0.0,0.0,1238,0,True,False,False,False,False,False,False,False,True,False,False
33.0,72.72727273,12.12121212,35.55,0.1,1.0,1.0,1.0,50,-1,False,True,False,False,False,False,False,False,False,False,True
45.0,0.0,0.0,98.53,0.045454545,0.0,0.0,0.0,66,-7,True,False,False,False,False,False,False,False,True,False,False
2.0,100.0,100.0,29.39,0.0,1.0,0.0,0.0,0,-6,False,False,False,False,False,True,False,False,False,False,True
44.0,6.818181818,2.272727273,48.86,0.0625,1.0,0.0,0.0,32,0,False,False,False,False,True,False,False,False,True,False,False
0.0,0.0,0.0,18.02,0.0,0.0,0.0,0.0,0,-142,False,False,False,False,False,False,True,False,False,True,False
45.0,0.0,0.0,29.92,0.0,0.0,0.0,0.0,0,-76,False,False,False,False,False,False,True,False,True,False,False
45.0,4.444444444,0.0,167.12,0.0,0.0,0.0,0.0,0,-257,False,True,False,False,False,False,False,False,False,True,False
0.0,0.0,0.0,31.64,0.0,0.0,0.0,0.0,0,0,False,True,False,False,False,False,False,False,False,True,False
27.0,77.77777778,55.55555556,40.0,0.0,1.0,0.0,0.0,0,0,True,False,False,False,False,False,False,False,False,False,True
45.0,6.666666667,0.0,31.98,0.0,0.0,0.0,0.0,0,-3,True,False,False,False,False,False,False,False,True,False,False
33.0,6.060606061,3.03030303,41.14,0.0,1.0,0.0,0.0,0,-18,True,False,False,False,False,False,False,False,True,False,False
36.0,2.777777778,2.777777778,117.78,0.0,0.0,0.0,0.0,0,39,False,False,False,True,False,False,False,True,False,False,False
28.0,10.71428571,0.0,40.02,0.0,1.0,0.0,0.0,0,0,True,False,False,False,False,False,False,False,True,False,False
31.0,96.77419355,6.451612903,50.71,0.02173913,0.0,0.0,0.0,92,-134,False,False,False,False,False,False,True,False,True,False,False
38.0,0.0,0.0,29.31,0.043010753,1.0,1.0,0.0,93,0,False,False,False,False,True,False,False,False,False,False,True
43.0,18.60465116,6.976744186,53.34,0.111111111,1.0,0.0,0.0,18,-22,False,False,False,False,False,True,False,False,True,False,False
38.0,0.0,0.0,40.02,0.0,1.0,0.0,0.0,0,0,False,True,False,False,False,False,False,False,False,False,True
45.0,0.0,0.0,94.08,0.0,0.0,0.0,0.0,0,0,False,False,False,False,True,False,False,False,False,True,False
45.0,8.888888889,0.0,99.69,0.0,1.0,0.0,0.0,0,-25,False,False,False,False,False,False,True,False,False,False,True
37.0,2.702702703,0.0,49.43,0.0,1.0,0.0,0.0,0,-30,False,True,False,False,False,False,False,False,False,True,False
0.0,0.0,0.0,51.22,0.0,0.0,0.0,0.0,0,0,False,False,False,False,True,False,False,False,True,False,False
34.0,11.76470588,0.0,40.02,0.0,1.0,0.0,0.0,0,0,False,False,False,False,False,True,False,False,True,False,False
52.0,11.53846154,0.0,142.82,0.070054945,1.0,0.0,0.0,728,-70,False,False,False,False,False,True,False,False,True,False,False
39.0,58.97435897,28.20512821,26.78,0.0373134328358209,1.0,0.0,0.0,134,-5,False,False,False,False,False,True,False,True,False,False,False
46.0,2.173913043,0.0,63.21,0.142857143,0.0,0.0,0.0,14,-8,False,False,False,False,False,True,False,False,True,False,False
35.0,14.28571429,14.28571429,47.75,0.285714285714286,1.0,0.0,0.0,7,-3,True,False,False,False,False,False,False,False,False,False,True
25.0,88.0,12.0,49.33,0.0,1.0,0.0,0.0,0,-20,False,False,False,False,True,False,False,True,False,False,False
33.0,3.03030303,3.03030303,63.39,0.0,1.0,0.0,0.0,0,-10,True,False,False,False,False,False,False,False,False,True,False
23.0,65.2173913,4.347826087,23.78,0.0,1.0,0.0,0.0,0,-11,True,False,False,False,False,False,False,False,False,False,True
22.0,4.545454545,0.0,50.82,0.142857143,0.0,0.0,0.0,14,-9,False,False,False,False,False,False,True,False,False,False,True
34.0,58.82352941,11.76470588,55.61,0.083333333,1.0,0.0,0.0,36,-7,False,False,False,False,False,True,False,False,False,False,True
36.0,11.11111111,2.777777778,44.03,0.0,1.0,0.0,0.0,0,-13,False,False,False,False,False,False,True,False,False,True,False
37.0,18.91891892,5.405405405,38.46,0.285714286,1.0,1.0,0.0,7,-15,False,False,False,False,False,True,False,False,False,True,False
19.0,5.263157895,0.0,41.04,0.0,1.0,0.0,0.0,0,0,False,False,False,False,False,False,True,False,False,False,True
35.0,77.14285714,22.85714286,102.18,0.114285714,1.0,1.0,0.0,35,-585,False,True,False,False,False,False,False,False,True,False,False
31.0,19.35483871,6.451612903,46.16,0.0,1.0,1.0,0.0,0,-1,False,False,False,False,True,False,False,False,False,True,False
2.0,0.0,0.0,40.02,0.0,1.0,0.0,0.0,0,0,False,False,False,False,False,True,False,False,False,True,False
46.0,28.26086957,0.0,74.48,0.044711014176663,1.0,0.0,0.0,917,-1,True,False,False,False,False,False,False,False,False,True,False
45.0,48.88888889,17.77777778,69.89,0.08490566,0.0,0.0,0.0,212,-114,False,False,False,False,False,True,False,False,True,False,False
41.0,41.46341463,24.3902439,112.65,0.013550136,0.0,0.0,0.0,369,-247,True,False,False,False,False,False,False,False,False,True,False
45.0,11.11111111,0.0,99.82,0.0,0.0,0.0,0.0,0,-56,False,False,False,False,True,False,False,False,False,False,True
39.0,0.0,0.0,32.02,0.0,1.0,0.0,0.0,0,-24,False,True,False,False,False,False,False,False,False,False,True
67.0,25.37313433,8.955223881,85.66,0.11665005,1.0,1.0,0.0,1003,0,False,True,False,False,False,False,False,False,True,False,False
30.0,73.33333333,53.33333333,41.08,0.0035650623885918,0.0,0.0,0.0,561,-114,False,True,False,False,False,False,False,False,True,False,False
43.0,16.27906977,0.0,202.23,0.0,1.0,0.0,0.0,0,-19,False,True,False,False,False,False,False,False,False,True,False
48.0,14.58333333,8.333333333,112.4,0.042253521,1.0,0.0,0.0,71,-102,False,False,True,False,False,False,False,False,False,False,True
35.0,65.71428571,2.857142857,47.18,0.043583535,0.0,0.0,0.0,413,0,False,False,False,False,False,False,True,False,False,True,False
42.0,33.33333333,9.523809524,104.03,0.0307692307692308,0.0,0.0,0.0,130,-288,True,False,False,False,False,False,False,False,False,True,False
72.0,30.55555556,0.0,80.06,0.175473579,0.0,1.0,0.0,1003,-157,False,True,False,False,False,False,False,False,True,False,False
35.0,74.28571429,5.714285714,42.77,0.026666667,1.0,0.0,0.0,75,0,False,True,False,False,False,False,False,False,False,False,True
34.0,11.76470588,2.941176471,89.26,0.0,1.0,1.0,0.0,0,0,False,False,False,False,False,True,False,False,False,True,False
38.0,89.47368421,2.631578947,75.59,0.0,1.0,0.0,0.0,0,-2,False,False,False,False,False,True,False,True,False,False,False
46.0,0.0,0.0,52.18,0.057142857,0.0,0.0,0.0,35,0,False,False,False,False,False,True,False,False,False,False,True
46.0,2.173913043,2.173913043,45.08,0.0,0.0,0.0,0.0,0,0,False,True,False,False,False,False,False,False,False,True,False
33.0,6.060606061,0.0,89.58,0.0,1.0,0.0,0.0,0,-3,False,False,False,False,False,True,False,False,True,False,False
4.0,100.0,25.0,48.13,0.0,1.0,0.0,0.0,0,-1,False,True,False,False,False,False,False,False,False,True,False
41.0,17.07317073,2.43902439,40.39,0.029411765,1.0,0.0,0.0,68,-8,False,False,False,False,False,False,True,False,True,False,False
30.0,3.333333333,0.0,88.22,0.0,1.0,0.0,0.0,0,-38,False,False,False,False,True,False,False,False,False,True,False
0.0,0.0,0.0,50.1,0.0,0.0,0.0,0.0,0,-22,False,False,False,False,False,True,False,False,True,False,False
30.0,0.0,0.0,40.02,0.0,1.0,0.0,0.0,0,0,True,False,False,False,False,False,False,False,True,False,False
7.0,71.42857143,0.0,35.0,0.0,1.0,0.0,0.0,0,0,False,True,False,False,False,False,False,False,False,False,True
29.0,0.0,0.0,152.01,0.102040816,1.0,0.0,1.0,49,0,False,False,False,False,False,True,False,False,True,False,False
0.0,0.0,0.0,103.34,0.013888889,0.0,0.0,0.0,216,0,False,False,False,True,False,False,False,False,False,False,True
30.0,6.666666667,3.333333333,39.97,0.0,1.0,0.0,0.0,0,0,True,False,False,False,False,False,False,False,True,False,False
2.0,0.0,0.0,40.02,0.0,1.0,0.0,0.0,0,0,False,False,False,False,False,True,False,False,True,False,False
6.0,83.33333333,50.0,40.02,0.0,1.0,0.0,0.0,0,0,False,False,False,False,True,False,False,False,False,False,True
47.0,0.0,0.0,99.64,0.0383747178329571,0.0,0.0,0.0,443,-4,True,False,False,False,False,False,False,False,True,False,False
20.0,100.0,5.0,59.79,0.0,1.0,0.0,0.0,0,-6,False,False,False,False,False,False,True,False,False,True,False
0.0,0.0,0.0,52.99,0.03539823,1.0,0.0,0.0,791,-33,False,False,False,False,False,False,True,False,False,True,False
0.0,0.0,0.0,54.15,0.0,0.0,0.0,0.0,0,-7,False,False,False,False,False,False,True,False,False,True,False
0.0,0.0,0.0,24.9,0.0,1.0,0.0,0.0,0,0,False,False,False,False,False,True,False,False,False,True,False
45.0,4.444444444,0.0,122.4,0.0,0.0,0.0,0.0,0,-965,False,False,False,False,False,False,True,False,False,True,False
41.0,29.26829268,17.07317073,24.62,0.010159652,0.0,0.0,0.0,1378,-28,False,True,False,False,False,False,False,False,False,True,False
46.0,6.52173913,0.0,44.95,0.0,0.0,0.0,0.0,0,35,False,False,False,False,True,False,False,False,False,True,False
18.0,0.0,0.0,56.73,0.148148148,0.0,0.0,0.0,27,-6,False,True,False,False,False,False,False,False,False,True,False
8.0,100.0,25.0,30.58,0.0,1.0,0.0,0.0,0,-29,False,False,False,False,False,True,False,False,False,False,True
36.0,19.44444444,5.555555556,61.06,0.095238095,1.0,0.0,1.0,21,-7,False,False,False,False,True,False,False,False,False,False,True
0.0,0.0,0.0,80.97,0.0,0.0,0.0,0.0,0,-56,False,False,False,False,False,True,False,False,False,False,True
44.0,2.272727273,0.0,46.08,0.029940119760479,0.0,0.0,0.0,167,-17,True,False,False,False,False,False,False,False,True,False,False
46.0,10.86956522,6.52173913,53.86,0.023300971,0.0,0.0,0.0,1030,-57,False,False,False,False,False,False,True,False,False,True,False
28.0,0.0,0.0,45.1,0.0,1.0,0.0,0.0,0,0,False,False,False,False,False,False,True,False,True,False,False
33.0,36.36363636,9.090909091,50.64,0.056603774,1.0,0.0,1.0,53,-2,False,True,False,False,False,False,False,False,False,False,True
42.0,7.142857143,2.380952381,41.82,0.0,1.0,0.0,0.0,0,-1,False,True,False,False,False,False,False,False,False,True,False
24.0,33.33333333,4.166666667,40.02,0.0,1.0,0.0,0.0,0,0,False,False,False,False,True,False,False,False,False,True,False
44.0,4.545454545,2.272727273,61.53,0.0,0.0,0.0,0.0,0,-1,False,False,False,False,False,True,False,False,True,False,False
47.0,2.127659574,0.0,93.96,0.0058565153733528,0.0,0.0,0.0,683,-22,False,False,False,False,False,False,True,False,False,True,False
18.0,66.66666667,22.22222222,35.02,0.0,1.0,0.0,0.0,0,0,False,False,False,False,False,False,True,False,False,True,False
29.0,82.75862069,34.48275862,52.32,0.095238095,1.0,1.0,0.0,21,-22,False,False,False,False,True,False,False,False,False,True,False
42.0,4.761904762,0.0,121.82,1.0,0.0,0.0,0.0,6,-56,False,False,False,False,False,False,True,False,True,False,False
17.0,76.47058824,5.882352941,40.28,0.142857143,1.0,0.0,0.0,14,0,False,False,False,False,False,True,False,False,False,False,True
1.0,100.0,100.0,48.46,0.0,1.0,0.0,0.0,0,0,False,False,False,False,False,True,False,False,False,False,True
40.0,7.5,2.5,40.25,0.0,1.0,0.0,0.0,0,0,False,False,False,False,False,True,False,False,True,False,False
44.0,18.18181818,0.0,66.89,0.00965251,0.0,0.0,0.0,518,-2,False,False,False,False,False,False,True,False,False,True,False
1.0,100.0,0.0,40.2,0.0,1.0,0.0,0.0,0,0,True,False,False,False,False,False,False,False,True,False,False
40.0,35.0,2.5,21.25,0.0487804878048781,0.0,0.0,0.0,41,0,False,False,True,False,False,False,False,False,False,False,True
0.0,0.0,0.0,21.3,0.285714285714286,0.0,0.0,0.0,7,-54,False,False,False,False,True,False,False,False,False,True,False
28.0,46.42857143,10.71428571,47.92,0.142857143,1.0,0.0,0.0,14,-22,False,True,False,False,False,False,False,False,True,False,False
39.0,5.128205128,2.564102564,40.02,0.0,1.0,0.0,0.0,0,0,False,False,True,False,False,False,False,False,False,False,True
9.0,22.22222222,11.11111111,40.02,0.0,1.0,0.0,0.0,0,-28,False,True,False,False,False,False,False,False,True,False,False
34.0,97.05882353,2.941176471,54.86,0.133333333,0.0,1.0,0.0,15,-7,False,False,False,False,True,False,False,False,False,False,True
42.0,85.71428571,4.761904762,36.48,0.013824885,0.0,0.0,0.0,217,-16,False,False,False,False,False,True,False,False,True,False,False
31.0,25.80645161,6.451612903,95.85,0.0,1.0,0.0,0.0,0,-2,True,False,False,False,False,False,False,False,True,False,False
45.0,6.666666667,0.0,94.56,0.0,1.0,0.0,0.0,0,-1,False,True,False,False,False,False,False,False,True,False,False
25.0,24.0,12.0,40.0,0.0,1.0,0.0,0.0,0,0,True,False,False,False,False,False,False,True,False,False,False
40.0,32.5,10.0,151.62,0.0545454545454545,1.0,0.0,0.0,55,-37,False,False,False,False,True,False,False,False,True,False,False
45.0,6.666666667,2.222222222,40.02,0.0,1.0,0.0,0.0,0,-5,False,False,False,False,False,True,False,False,True,False,False
37.0,5.405405405,0.0,40.02,0.0,1.0,0.0,0.0,0,0,False,False,False,False,False,False,True,False,False,True,False
32.0,18.75,12.5,56.99,0.0,1.0,0.0,0.0,0,-103,False,False,False,False,True,False,False,False,True,False,False
34.0,8.823529412,0.0,23.75,0.142857143,1.0,0.0,0.0,14,-1,False,False,False,False,False,True,False,False,False,False,True
26.0,50.0,19.23076923,52.93,0.0,1.0,0.0,0.0,0,-3,False,False,False,False,True,False,False,False,False,False,True
16.0,0.0,0.0,105.93,0.044444444,0.0,0.0,0.0,45,0,False,False,False,False,False,False,True,False,False,True,False
47.0,51.06382979,6.382978723,24.92,0.008253095,0.0,0.0,0.0,727,-1,False,False,False,False,False,True,False,False,True,False,False
32.0,0.0,0.0,91.91,0.0,1.0,0.0,0.0,0,0,False,False,False,False,True,False,False,False,False,False,True
22.0,86.36363636,0.0,94.39,0.0,1.0,0.0,0.0,0,0,False,False,False,False,False,True,False,False,False,False,True
49.0,6.12244898,0.0,120.15,0.042488619,0.0,0.0,0.0,659,-218,False,False,False,False,True,False,False,False,True,False,False
11.0,18.18181818,9.090909091,40.02,0.0,1.0,0.0,0.0,0,0,False,False,False,False,False,False,True,False,False,False,True
18.0,72.22222222,11.11111111,35.0,0.0,1.0,0.0,0.0,0,0,False,True,False,False,False,False,False,False,False,False,True
32.0,31.25,0.0,128.23,0.0,1.0,0.0,0.0,0,0,False,False,False,False,True,False,False,False,True,False,False
9.0,11.11111111,0.0,40.02,0.0,1.0,1.0,0.0,0,0,False,True,False,False,False,False,False,False,True,False,False
38.0,10.52631579,0.0,40.02,0.0,1.0,0.0,0.0,0,-1,True,False,False,False,False,False,False,False,True,False,False
30.0,30.0,0.0,57.12,0.0,0.0,0.0,0.0,0,-375,False,False,True,False,False,False,False,False,False,False,True
35.0,2.857142857,2.857142857,40.02,0.0,1.0,0.0,0.0,0,0,False,True,False,False,False,False,False,False,True,False,False
25.0,40.0,4.0,40.88,0.0,0.0,0.0,0.0,0,-1,False,False,False,False,False,True,False,True,False,False,False
27.0,7.407407407,0.0,50.21,0.0,1.0,0.0,0.0,0,-29,False,False,True,False,False,False,False,True,False,False,False
47.0,10.63829787,10.63829787,89.56,0.0392156862745098,0.0,0.0,0.0,612,-143,True,False,False,False,False,False,False,False,True,False,False
23.0,21.73913043,4.347826087,45.27,0.0,1.0,0.0,0.0,0,-1,False,False,False,False,False,False,True,False,True,False,False
7.0,100.0,0.0,40.02,0.0,1.0,0.0,0.0,0,0,False,False,False,False,False,True,False,False,True,False,False
31.0,3.225806452,0.0,40.02,0.0,1.0,0.0,0.0,0,0,False,True,False,False,False,False,False,False,True,False,False
26.0,30.76923077,3.846153846,35.0,0.0,1.0,0.0,0.0,0,0,False,False,False,False,False,True,False,False,False,False,True
31.0,19.35483871,3.225806452,40.02,0.0,1.0,0.0,0.0,0,0,False,False,False,False,False,False,True,False,True,False,False
33.0,39.39393939,0.0,75.74,0.014851485,0.0,0.0,0.0,202,-1,False,True,False,False,False,False,False,False,True,False,False
45.0,17.77777778,2.222222222,56.84,0.098591549,1.0,0.0,0.0,142,-15,False,True,False,False,False,False,False,False,True,False,False
0.0,0.0,0.0,120.72,0.025806452,0.0,0.0,0.0,310,-7,False,False,False,False,False,True,False,False,True,False,False
0.0,0.0,0.0,42.94,0.0294117647058824,0.0,0.0,0.0,510,-9,False,False,False,False,True,False,False,False,False,True,False
44.0,22.72727273,0.0,99.99,0.0,1.0,0.0,0.0,0,0,False,False,False,False,False,False,True,False,False,False,True
0.0,0.0,0.0,92.2,0.0,0.0,0.0,0.0,0,-36,False,True,False,False,False,False,False,False,False,True,False
45.0,0.0,0.0,91.53,0.0,0.0,0.0,0.0,0,-67,False,False,True,False,False,False,False,False,False,False,True
48.0,25.0,2.083333333,98.46,0.005434783,0.0,0.0,0.0,368,-82,False,False,False,False,False,True,False,False,False,False,True
38.0,65.78947368,2.631578947,57.98,0.011299435,0.0,0.0,0.0,531,-21,False,False,False,False,False,False,True,False,False,True,False
0.0,0.0,0.0,50.55,0.0,0.0,0.0,0.0,0,-26,False,False,False,False,False,False,True,False,True,False,False
53.0,0.0,0.0,48.77,0.027522936,0.0,0.0,0.0,218,-60,False,False,False,False,False,False,True,False,True,False,False
43.0,60.46511628,25.58139535,118.48,0.025735294,0.0,0.0,0.0,272,0,False,True,False,False,False,False,False,False,True,False,False
7.0,57.14285714,0.0,35.02,0.0,1.0,0.0,0.0,0,0,False,False,False,False,False,False,True,False,False,True,False
13.0,53.84615385,15.38461538,31.0,0.0,1.0,0.0,0.0,0,0,True,False,False,False,False,False,False,False,False,False,True
34.0,14.70588235,5.882352941,25.82,0.0,1.0,0.0,0.0,0,-64,False,False,False,False,True,False,False,False,False,True,False
44.0,4.545454545,0.0,40.02,0.0,1.0,0.0,0.0,0,0,False,False,False,False,True,False,False,False,True,False,False
43.0,2.325581395,0.0,40.0,0.0,1.0,0.0,0.0,0,0,False,True,False,False,False,False,False,False,False,False,True
11.0,36.36363636,0.0,49.94,0.034965034965035,0.0,0.0,0.0,143,-13,False,False,True,False,False,False,False,False,False,False,True
11.0,54.54545455,9.090909091,55.24,0.058988764,1.0,0.0,0.0,356,-132,False,False,False,True,False,False,False,False,False,False,True
0.0,0.0,0.0,76.64,0.018348624,0.0,0.0,0.0,545,0,False,False,False,False,False,False,True,False,False,True,False
47.0,6.382978723,0.0,40.02,0.0,1.0,0.0,0.0,0,0,True,False,False,False,False,False,False,False,False,False,True
27.0,77.77777778,29.62962963,32.48,0.041666667,0.0,0.0,0.0,48,0,False,True,False,False,False,False,False,False,False,True,False
40.0,35.0,10.0,71.07,0.0365853658536585,1.0,0.0,0.0,164,-36,False,True,False,False,False,False,False,False,False,True,False
41.0,29.26829268,2.43902439,177.5,0.085750315,0.0,0.0,0.0,793,-136,False,True,False,False,False,False,False,False,False,True,False
44.0,13.63636364,4.545454545,52.83,0.0,0.0,0.0,0.0,0,-4,True,False,False,False,False,False,False,False,True,False,False
0.0,0.0,0.0,70.54,0.12037037,1.0,0.0,0.0,216,39,False,False,False,True,False,False,False,False,False,False,True
5.0,20.0,0.0,31.0,0.0,1.0,0.0,0.0,0,0,False,False,False,False,False,False,True,False,False,False,True
51.0,11.76470588,1.960784314,67.26,0.217391304,1.0,0.0,0.0,23,0,True,False,False,False,False,False,False,False,True,False,False
31.0,25.80645161,9.677419355,50.02,0.0,1.0,0.0,0.0,0,-61,False,False,False,False,False,False,True,False,False,False,True
2.0,0.0,0.0,40.02,0.0,1.0,0.0,0.0,0,0,False,False,False,False,False,True,False,False,False,True,False
47.0,31.91489362,2.127659574,73.12,0.039215686,0.0,0.0,0.0,51,-1228,False,False,False,False,True,False,False,False,True,False,False
49.0,95.91836735,14.28571429,48.83,0.0390995260663507,0.0,1.0,0.0,844,-138,False,True,False,False,False,False,False,False,True,False,False
8.0,50.0,37.5,25.0,0.0,1.0,0.0,0.0,0,0,True,False,False,False,False,False,False,False,False,False,True
30.0,86.66666667,26.66666667,50.65,0.0,1.0,0.0,0.0,0,-21,False,False,False,False,False,False,True,False,False,False,True
29.0,24.13793103,0.0,54.35,0.036144578,0.0,0.0,0.0,249,0,True,False,False,False,False,False,False,False,False,True,False
10.0,40.0,10.0,29.0,0.0,1.0,0.0,0.0,0,0,False,False,False,False,False,True,False,False,False,False,True
1.0,100.0,100.0,30.31,0.0,1.0,0.0,0.0,0,-70,False,False,False,False,True,False,False,False,False,False,True
2.0,100.0,0.0,81.33,0.0669683257918552,0.0,0.0,0.0,1105,-319,False,False,False,False,False,True,False,False,False,True,False
35.0,14.28571429,5.714285714,40.02,0.0,1.0,0.0,0.0,0,0,False,False,False,False,False,True,False,False,True,False,False
31.0,90.32258065,22.58064516,88.07,0.0,1.0,0.0,0.0,0,-34,False,True,False,False,False,False,False,False,False,False,True
35.0,17.14285714,2.857142857,47.61,0.0,1.0,0.0,0.0,0,-15,True,False,False,False,False,False,False,False,True,False,False
36.0,52.77777778,2.777777778,53.06,0.06,1.0,0.0,0.0,100,-5,False,False,False,False,True,False,False,False,True,False,False
0.0,0.0,0.0,71.64,0.181818182,0.0,0.0,0.0,11,0,True,False,False,False,False,False,False,False,True,False,False
11.0,0.0,0.0,35.02,0.0,1.0,0.0,0.0,0,0,False,False,False,False,False,False,True,False,False,True,False
46.0,6.52173913,0.0,28.93,0.0,1.0,0.0,0.0,0,0,False,True,False,False,False,False,False,False,False,False,True
35.0,71.42857143,8.571428571,56.26,0.0,1.0,0.0,0.0,0,-139,False,False,False,False,False,False,True,False,True,False,False
39.0,15.38461538,5.128205128,127.33,0.0,1.0,0.0,0.0,0,-34,False,False,False,False,False,False,True,False,False,False,True
34.0,2.941176471,0.0,78.17,0.0,1.0,0.0,0.0,0,0,False,False,False,False,False,True,False,False,False,True,False
10.0,80.0,0.0,96.34,0.112028302,1.0,0.0,0.0,848,-5,False,True,False,False,False,False,False,False,False,True,False
8.0,62.5,37.5,40.25,0.0,1.0,0.0,0.0,0,0,True,False,False,False,False,False,False,False,False,True,False
58.0,25.86206897,6.896551724,132.69,0.0860927152317881,0.0,1.0,0.0,1208,-73,False,True,False,False,False,False,False,False,False,True,False
0.0,0.0,0.0,58.47,0.0,0.0,0.0,0.0,0,-26,True,False,False,False,False,False,False,False,True,False,False
38.0,47.36842105,2.631578947,49.62,0.026666667,1.0,0.0,0.0,75,-20,False,False,False,False,True,False,False,True,False,False,False
36.0,5.555555556,0.0,45.61,0.0,1.0,0.0,0.0,0,-102,False,False,False,False,False,False,True,False,False,True,False
42.0,9.523809524,0.0,40.0,0.0,1.0,0.0,0.0,0,0,False,False,False,False,False,False,True,False,False,False,True
34.0,79.41176471,17.64705882,44.25,0.014005602,0.0,0.0,0.0,357,-7,False,True,False,False,False,False,False,False,False,True,False
0.0,0.0,0.0,77.67,0.093023256,1.0,0.0,0.0,43,-12,False,False,False,False,False,True,False,False,False,True,False
37.0,10.81081081,5.405405405,40.25,0.0,1.0,0.0,0.0,0,0,False,True,False,False,False,False,False,False,True,False,False
41.0,2.43902439,2.43902439,71.49,0.0,1.0,0.0,0.0,0,-3,False,False,False,False,False,True,False,False,False,True,False
0.0,0.0,0.0,108.17,0.0,0.0,0.0,0.0,0,-61,False,False,False,False,False,True,False,False,True,False,False
55.0,16.36363636,10.90909091,38.79,0.111111111,1.0,1.0,0.0,27,-28,False,True,False,False,False,False,False,False,False,False,True
52.0,75.0,23.07692308,73.23,0.137055838,1.0,0.0,0.0,197,0,False,False,False,False,False,True,False,False,True,False,False
22.0,13.63636364,4.545454545,57.29,0.0,1.0,0.0,0.0,0,-4,False,True,False,False,False,False,False,False,True,False,False
51.0,7.843137255,0.0,145.16,0.091633466,0.0,0.0,0.0,251,0,False,False,False,False,False,True,False,False,False,False,True
44.0,11.36363636,2.272727273,223.2,0.0,0.0,0.0,0.0,0,-298,False,True,False,False,False,False,False,False,False,True,False
45.0,11.11111111,0.0,39.98,0.0,1.0,0.0,0.0,0,-48,False,False,False,False,True,False,False,False,True,False,False
13.0,38.46153846,0.0,53.57,0.0,1.0,0.0,0.0,0,-80,False,False,False,False,False,True,False,False,True,False,False
18.0,94.44444444,50.0,47.53,0.166666667,1.0,0.0,0.0,12,0,True,False,False,False,False,False,False,False,False,True,False
5.0,60.0,20.0,68.32,0.0,1.0,0.0,0.0,0,-34,False,False,False,False,False,True,False,False,True,False,False
35.0,2.857142857,2.857142857,40.02,0.0,1.0,1.0,0.0,0,-8,False,True,False,False,False,False,False,False,True,False,False
45.0,0.0,0.0,56.84,0.0,0.0,0.0,0.0,0,0,False,True,False,False,False,False,False,False,True,False,False
6.0,33.33333333,0.0,40.02,0.0,1.0,1.0,0.0,0,-11,False,False,False,False,True,False,False,False,True,False,False
0.0,0.0,0.0,50.85,0.0,0.0,0.0,0.0,0,0,False,False,False,False,False,False,True,False,True,False,False
0.0,0.0,0.0,102.12,0.0,0.0,0.0,0.0,0,-173,False,True,False,False,False,False,False,False,False,True,False
46.0,2.173913043,2.173913043,52.49,0.08,0.0,0.0,0.0,25,-28,False,False,False,False,False,False,True,False,True,False,False
44.0,6.818181818,2.272727273,54.84,0.005025126,0.0,0.0,0.0,398,-206,False,False,False,False,True,False,False,False,True,False,False
11.0,90.90909091,54.54545455,35.72,0.25,1.0,0.0,0.0,8,0,True,False,False,False,False,False,False,False,False,False,True
1.0,100.0,0.0,40.02,0.0,1.0,0.0,0.0,0,0,True,False,False,False,False,False,False,False,True,False,False
30.0,86.66666667,0.0,51.68,0.0,1.0,0.0,0.0,0,-33,False,True,False,False,False,False,False,False,True,False,False
41.0,4.87804878,4.87804878,40.02,0.0,1.0,1.0,0.0,0,0,True,False,False,False,False,False,False,False,True,False,False
18.0,11.11111111,5.555555556,20.25,0.0,1.0,0.0,0.0,0,-12,False,False,False,False,False,False,True,False,False,False,True
31.0,6.451612903,6.451612903,40.0,0.0,1.0,0.0,1.0,0,-1,False,False,False,False,False,False,True,False,False,False,True
37.0,8.108108108,2.702702703,40.02,0.0,1.0,0.0,0.0,0,0,False,False,False,False,False,True,False,False,True,False,False
42.0,11.9047619,2.380952381,49.33,0.0,0.0,0.0,0.0,0,-179,False,False,False,False,False,False,True,False,True,False,False
37.0,2.702702703,2.702702703,40.02,0.0,1.0,0.0,0.0,0,0,False,False,False,False,False,True,False,False,True,False,False
14.0,14.28571429,0.0,49.97,0.0,0.0,0.0,0.0,0,-13,False,True,False,False,False,False,False,False,False,True,False
47.0,0.0,0.0,96.66,0.0,1.0,0.0,0.0,0,0,False,False,False,False,True,False,False,False,False,False,True
50.0,46.0,26.0,51.73,0.0151371807000946,1.0,0.0,0.0,1057,-4,True,False,False,False,False,False,False,False,False,True,False
39.0,46.15384615,2.564102564,49.27,0.0,0.0,0.0,0.0,0,-29,False,True,False,False,False,False,False,False,True,False,False
44.0,2.272727273,0.0,50.18,0.047619048,0.0,0.0,0.0,63,0,False,False,False,False,False,False,True,False,True,False,False
0.0,0.0,0.0,69.82,0.140969163,0.0,0.0,0.0,227,-241,True,False,False,False,False,False,False,False,False,True,False
41.0,14.63414634,2.43902439,41.29,0.0,0.0,0.0,0.0,0,-14,False,False,False,False,False,False,True,False,False,True,False
45.0,15.55555556,2.222222222,23.85,0.024509804,1.0,0.0,0.0,204,-125,False,False,False,False,True,False,False,False,False,False,True
35.0,5.714285714,0.0,14.74,0.0,1.0,0.0,0.0,0,0,False,False,False,False,True,False,False,False,False,True,False
44.0,11.36363636,4.545454545,62.03,0.0,0.0,0.0,0.0,0,-4,False,False,False,False,True,False,False,False,False,True,False
39.0,38.46153846,5.128205128,45.26,0.25,0.0,0.0,0.0,8,-1,False,False,False,False,False,False,True,False,False,True,False
37.0,24.32432432,16.21621622,45.21,0.117647059,1.0,0.0,0.0,17,-19,False,False,True,False,False,False,False,False,False,False,True
36.0,5.555555556,0.0,40.25,0.0,1.0,1.0,0.0,0,0,False,False,False,False,False,False,True,False,False,True,False
44.0,4.545454545,0.0,29.41,0.0,0.0,0.0,0.0,0,-83,False,False,False,False,False,False,True,False,False,True,False
27.0,77.77777778,11.11111111,56.42,0.08,1.0,1.0,0.0,25,0,True,False,False,False,False,False,False,False,True,False,False
32.0,96.875,34.375,148.13,0.0138248847926267,0.0,0.0,0.0,651,-77,False,False,False,False,False,True,False,False,False,True,False
1.0,100.0,100.0,52.27,0.0,1.0,0.0,0.0,0,-1,False,False,False,False,True,False,False,True,False,False,False
39.0,0.0,0.0,28.98,0.00921659,0.0,0.0,0.0,217,0,False,False,False,False,False,False,True,False,True,False,False
33.0,15.15151515,0.0,40.27,0.0,1.0,0.0,0.0,0,-10,True,False,False,False,False,False,False,False,True,False,False
37.0,0.0,0.0,46.31,0.0,1.0,0.0,0.0,0,0,False,False,False,False,True,False,False,False,False,True,False
40.0,15.0,15.0,81.29,0.06122449,1.0,0.0,0.0,49,0,False,True,False,False,False,False,False,False,True,False,False
6.0,100.0,16.66666667,66.24,0.0,1.0,0.0,0.0,0,-20,False,False,False,False,False,True,False,False,False,False,True
27.0,22.22222222,3.703703704,35.0,0.0,1.0,0.0,0.0,0,0,True,False,False,False,False,False,False,False,False,False,True
16.0,0.0,0.0,3.17,0.0,0.0,0.0,0.0,0,0,False,True,False,False,False,False,False,False,False,True,False
0.0,0.0,0.0,97.42,0.0,0.0,0.0,0.0,0,19,False,False,False,True,False,False,False,False,False,False,True
16.0,0.0,0.0,55.91,0.0,0.0,0.0,0.0,0,0,False,False,False,False,False,False,True,False,True,False,False
42.0,30.95238095,7.142857143,134.22,0.875,0.0,0.0,0.0,8,-722,False,False,False,False,False,False,True,False,False,True,False
29.0,31.03448276,17.24137931,40.02,0.0,1.0,0.0,0.0,0,-24,False,True,False,False,False,False,False,False,True,False,False
37.0,67.56756757,0.0,24.66,0.0,0.0,0.0,0.0,0,0,False,False,False,False,True,False,False,False,False,True,False
38.0,21.05263158,7.894736842,203.75,0.133333333,1.0,1.0,0.0,15,-84,False,False,False,False,False,False,True,False,True,False,False
26.0,3.846153846,0.0,69.26,0.0,1.0,0.0,0.0,0,-54,False,False,False,False,True,False,False,False,True,False,False
29.0,62.06896552,3.448275862,47.39,0.0,1.0,0.0,0.0,0,-15,False,False,True,False,False,False,False,True,False,False,False
39.0,43.58974359,2.564102564,68.5,0.007215007,0.0,0.0,0.0,693,-6,False,True,False,False,False,False,False,False,False,True,False
8.0,37.5,12.5,40.02,0.0,1.0,1.0,0.0,0,0,False,True,False,False,False,False,False,False,True,False,False
45.0,24.44444444,0.0,49.79,0.0,0.0,0.0,0.0,0,-39,False,False,False,False,False,False,True,False,False,True,False
37.0,35.13513514,0.0,40.25,0.0,1.0,0.0,0.0,0,0,False,False,False,False,False,True,False,False,False,True,False
39.0,17.94871795,0.0,90.65,0.222222222,1.0,0.0,0.0,9,-5,False,False,False,False,False,False,True,False,False,False,True
43.0,55.81395349,6.976744186,108.94,0.01509434,0.0,0.0,0.0,795,0,True,False,False,False,False,False,False,False,True,False,False
0.0,0.0,0.0,80.66,0.0,0.0,0.0,0.0,0,-438,False,False,False,False,False,False,True,False,False,False,True
2.0,0.0,0.0,121.02,0.0,1.0,0.0,0.0,0,0,False,True,False,False,False,False,False,False,False,False,True
40.0,32.5,0.0,91.45,0.0,0.0,0.0,0.0,0,-39,True,False,False,False,False,False,False,False,False,True,False
5.0,80.0,0.0,40.02,0.0,1.0,1.0,0.0,0,0,False,False,False,False,False,False,True,False,False,True,False
43.0,39.53488372,2.325581395,82.63,0.046153846,1.0,0.0,0.0,130,-29,True,False,False,False,False,False,False,False,False,True,False
42.0,23.80952381,0.0,86.73,0.103448276,0.0,0.0,0.0,29,-12,False,True,False,False,False,False,False,False,False,True,False
24.0,8.333333333,8.333333333,29.41,0.142857143,1.0,0.0,0.0,14,-3,False,False,False,False,True,False,False,False,False,True,False
25.0,88.0,0.0,40.02,0.0,0.0,1.0,0.0,0,0,False,False,False,False,False,True,False,False,True,False,False
55.0,10.90909091,3.636363636,171.83,0.080284553,0.0,0.0,0.0,984,-22,False,False,False,False,True,False,False,False,False,True,False
0.0,0.0,0.0,73.6,0.0,1.0,0.0,0.0,0,0,True,False,False,False,False,False,False,False,True,False,False
46.0,36.95652174,6.52173913,64.31,0.098484848,1.0,0.0,1.0,132,0,False,False,False,False,False,True,False,False,False,False,True
41.0,24.3902439,0.0,112.76,0.314285714285714,0.0,0.0,0.0,35,-202,False,False,False,False,False,True,False,False,False,True,False
45.0,0.0,0.0,45.85,0.0909090909090909,0.0,0.0,0.0,22,-3,True,False,False,False,False,False,False,False,True,False,False
48.0,47.91666667,14.58333333,169.76,0.171428571,1.0,1.0,1.0,70,-1,False,False,True,False,False,False,False,False,False,False,True
0.0,0.0,0.0,49.74,0.033898305,0.0,0.0,0.0,177,-63,True,False,False,False,False,False,False,False,False,True,False
45.0,57.77777778,6.666666667,93.35,0.032786885,0.0,0.0,0.0,122,-15,False,False,False,False,False,False,True,False,True,False,False
42.0,42.85714286,0.0,131.25,0.5,0.0,0.0,0.0,8,-15,False,False,False,False,False,True,False,False,True,False,False
32.0,40.625,0.0,40.03,0.148148148,0.0,0.0,0.0,27,39,False,False,False,True,False,False,False,False,False,False,True
29.0,6.896551724,3.448275862,40.02,0.0,1.0,0.0,0.0,0,0,False,False,False,False,False,False,True,False,False,True,False
42.0,26.19047619,0.0,57.0,0.0,1.0,0.0,0.0,0,-8,False,False,False,False,True,False,False,False,False,False,True
0.0,0.0,0.0,40.02,0.0,0.0,0.0,0.0,0,0,False,False,False,False,False,False,True,False,True,False,False
27.0,74.07407407,18.51851852,70.04,0.058252427,1.0,0.0,1.0,103,-3,False,False,True,False,False,False,False,False,False,False,True
38.0,23.68421053,13.15789474,168.96,0.0,1.0,0.0,0.0,0,0,False,True,False,False,False,False,False,False,False,False,True
34.0,76.47058824,14.70588235,71.62,0.285714286,0.0,0.0,0.0,7,-24,False,False,False,False,False,False,True,False,True,False,False
34.0,2.941176471,2.941176471,58.63,0.0,1.0,0.0,0.0,0,0,True,False,False,False,False,False,False,False,False,True,False
16.0,0.0,0.0,30.61,0.019607843,0.0,0.0,0.0,102,-28,False,False,False,False,True,False,False,False,False,True,False
7.0,57.14285714,57.14285714,40.02,0.0,1.0,0.0,0.0,0,0,False,False,False,False,True,False,False,False,False,True,False
7.0,100.0,14.28571429,147.65,0.0,1.0,0.0,0.0,0,-7,False,True,False,False,False,False,False,False,False,False,True
21.0,19.04761905,9.523809524,40.02,0.0,1.0,0.0,0.0,0,0,False,True,False,False,False,False,False,False,True,False,False
0.0,0.0,0.0,176.09,0.0,0.0,0.0,0.0,0,0,False,False,False,False,False,True,False,False,True,False,False
27.0,62.96296296,3.703703704,40.02,0.0,1.0,0.0,0.0,0,0,False,True,False,False,False,False,False,False,True,False,False
47.0,2.127659574,2.127659574,19.49,0.008695652,0.0,0.0,0.0,460,0,False,False,False,False,False,True,False,False,True,False,False
0.0,0.0,0.0,119.47,0.114814815,1.0,0.0,0.0,270,-5,False,True,False,False,False,False,False,False,False,True,False
23.0,60.86956522,17.39130435,85.06,0.086956522,1.0,0.0,0.0,23,0,False,False,False,False,True,False,False,False,False,False,True
53.0,35.8490566,9.433962264,78.7,0.036101083,0.0,0.0,0.0,831,-4,False,True,False,False,False,False,False,False,False,True,False
0.0,0.0,0.0,35.34,0.02173913,1.0,0.0,0.0,92,-17,False,False,False,False,False,False,True,False,False,True,False
45.0,0.0,0.0,29.49,0.0,0.0,0.0,0.0,0,-29,False,False,False,False,False,True,False,False,False,True,False
45.0,0.0,0.0,89.95,0.0,1.0,0.0,0.0,0,-8,False,False,True,False,False,False,False,True,False,False,False
43.0,4.651162791,0.0,83.66,0.0,1.0,0.0,0.0,0,-21,False,False,False,False,False,True,False,True,False,False,False
47.0,4.255319149,0.0,69.16,0.01038961,0.0,0.0,0.0,385,35,False,False,False,False,True,False,False,False,False,False,True
39.0,25.64102564,10.25641026,106.86,0.0,1.0,0.0,0.0,0,-111,False,False,False,False,False,False,True,False,True,False,False
44.0,6.818181818,2.272727273,40.02,0.0,1.0,0.0,0.0,0,0,False,True,False,False,False,False,False,False,True,False,False
38.0,5.263157895,2.631578947,138.87,0.0,1.0,0.0,0.0,0,0,False,True,False,False,False,False,False,False,False,False,True
0.0,0.0,0.0,40.02,0.0,1.0,0.0,0.0,0,0,False,False,False,False,False,False,True,False,False,True,False
12.0,16.66666667,8.333333333,40.02,0.0,1.0,0.0,0.0,0,0,True,False,False,False,False,False,False,False,True,False,False
18.0,0.0,0.0,40.02,0.0,1.0,1.0,1.0,0,0,True,False,False,False,False,False,False,False,False,False,True
0.0,0.0,0.0,50.84,0.0,0.0,0.0,0.0,0,0,False,False,False,False,True,False,False,False,True,False,False
32.0,90.625,0.0,50.76,0.0,0.0,0.0,0.0,0,-24,False,False,False,False,True,False,False,False,True,False,False
13.0,7.692307692,7.692307692,40.02,0.0,0.0,0.0,0.0,0,0,False,True,False,False,False,False,False,False,True,False,False
13.0,30.76923077,7.692307692,44.62,0.0,1.0,0.0,0.0,0,0,False,False,False,False,False,True,False,False,True,False,False
44.0,0.0,0.0,51.89,0.285714286,1.0,0.0,0.0,7,0,False,False,False,False,False,True,False,False,True,False,False
23.0,86.95652174,0.0,40.02,0.0,1.0,0.0,0.0,0,0,False,False,False,False,False,False,True,False,False,True,False
45.0,0.0,0.0,70.46,0.25,0.0,0.0,0.0,8,-648,True,False,False,False,False,False,False,False,True,False,False
27.0,11.11111111,0.0,81.42,0.0,0.0,0.0,0.0,0,-790,True,False,False,False,False,False,False,False,True,False,False
24.0,20.83333333,12.5,31.0,0.0,1.0,0.0,0.0,0,0,False,True,False,False,False,False,False,False,False,False,True
36.0,2.777777778,0.0,40.02,0.0,1.0,0.0,0.0,0,-7,False,False,False,False,False,False,True,False,False,True,False
9.0,77.77777778,11.11111111,96.26,0.0,1.0,0.0,0.0,0,-9,False,False,False,False,False,True,False,False,False,False,True
43.0,51.1627907,2.325581395,110.84,0.005714286,0.0,0.0,0.0,525,-386,False,False,False,False,False,False,True,False,True,False,False
31.0,90.32258065,0.0,89.56,0.0,0.0,0.0,0.0,0,0,False,True,False,False,False,False,False,False,False,True,False
22.0,59.09090909,13.63636364,35.0,0.0,1.0,0.0,0.0,0,0,False,False,False,False,False,False,True,False,False,False,True
37.0,2.702702703,2.702702703,40.02,0.0,1.0,0.0,0.0,0,0,False,False,False,False,False,True,False,False,True,False,False
3.0,66.66666667,66.66666667,40.02,0.0,1.0,0.0,0.0,0,0,False,False,False,False,False,False,True,False,True,False,False
8.0,62.5,25.0,72.53,0.4,1.0,0.0,0.0,5,0,False,False,False,False,True,False,False,False,True,False,False
16.0,0.0,0.0,42.0,0.0,0.0,0.0,0.0,0,0,False,True,False,False,False,False,False,False,False,True,False
0.0,0.0,0.0,50.62,0.0,0.0,0.0,0.0,0,-3,False,False,False,False,False,False,True,False,True,False,False
31.0,90.32258065,6.451612903,252.46,0.0357852882703777,1.0,0.0,0.0,503,26,False,False,False,True,False,False,False,False,False,False,True
36.0,11.11111111,8.333333333,51.2,0.0,1.0,1.0,0.0,0,0,False,False,False,False,False,True,False,False,False,False,True
16.0,0.0,0.0,46.03,0.013793103,0.0,0.0,0.0,145,0,False,False,False,False,False,True,False,False,True,False,False
6.0,100.0,66.66666667,40.02,0.0,1.0,1.0,0.0,0,0,True,False,False,False,False,False,False,False,False,True,False
16.0,0.0,0.0,50.75,0.0,0.0,0.0,0.0,0,0,False,False,False,False,True,False,False,False,True,False,False
45.0,4.444444444,4.444444444,71.89,0.0,0.0,0.0,0.0,0,-1,False,False,False,False,True,False,False,False,False,True,False
50.0,8.0,4.0,106.06,0.015873016,1.0,0.0,1.0,189,0,False,False,False,False,False,True,False,False,False,False,True
0.0,0.0,0.0,111.31,0.013157895,1.0,0.0,0.0,152,-121,True,False,False,False,False,False,False,False,True,False,False
21.0,71.42857143,9.523809524,63.83,0.12,1.0,0.0,0.0,25,0,False,False,False,False,False,False,True,False,True,False,False
0.0,0.0,0.0,8.05,0.0,0.0,0.0,0.0,0,0,False,False,False,False,True,False,False,False,False,True,False
39.0,28.20512821,5.128205128,79.23,0.0,1.0,0.0,0.0,0,-8,False,False,False,False,True,False,False,True,False,False,False
9.0,88.88888889,44.44444444,51.58,0.25,1.0,0.0,0.0,8,-2,False,False,False,False,True,False,False,False,False,True,False
36.0,13.88888889,0.0,40.02,0.0,1.0,0.0,0.0,0,0,False,False,False,False,False,True,False,False,True,False,False
0.0,0.0,0.0,53.29,0.0,0.0,0.0,0.0,0,0,False,False,False,False,False,True,False,False,True,False,False
4.0,0.0,0.0,40.02,0.0,1.0,0.0,0.0,0,0,False,False,False,False,False,True,False,False,True,False,False
16.0,0.0,0.0,51.26,0.0,0.0,0.0,0.0,0,-7,False,False,False,False,True,False,False,False,True,False,False
0.0,0.0,0.0,150.03,0.021097046,0.0,0.0,0.0,237,-626,False,True,False,False,False,False,False,False,False,True,False
2.0,100.0,0.0,34.51,0.25,1.0,0.0,0.0,8,-12,False,False,False,False,False,False,True,False,False,False,True
4.0,100.0,25.0,40.02,0.0,1.0,0.0,0.0,0,0,True,False,False,False,False,False,False,False,True,False,False
68.0,25.0,10.29411765,61.04,0.051194539,0.0,1.0,0.0,293,-916,False,False,False,False,False,True,False,False,True,False,False
42.0,19.04761905,0.0,143.65,0.00617284,0.0,0.0,0.0,324,-2,False,False,False,False,True,False,False,False,False,True,False
3.0,33.33333333,0.0,40.0,0.0,1.0,0.0,0.0,0,0,True,False,False,False,False,False,False,False,False,False,True
0.0,0.0,0.0,54.06,0.0,0.0,0.0,0.0,0,0,False,True,False,False,False,False,False,False,False,True,False
38.0,0.0,0.0,40.02,0.0,1.0,0.0,0.0,0,0,False,False,False,False,False,False,True,False,True,False,False
0.0,0.0,0.0,81.53,0.00982801,0.0,0.0,0.0,814,-1,False,False,False,False,True,False,False,False,False,True,False
35.0,14.28571429,2.857142857,40.0,0.0,1.0,0.0,1.0,0,0,False,False,False,False,False,True,False,False,False,False,True
58.0,3.448275862,3.448275862,48.8,0.031784841,0.0,1.0,0.0,409,-51,False,True,False,False,False,False,False,False,False,True,False
45.0,0.0,0.0,53.01,0.0,0.0,0.0,0.0,0,-69,False,False,False,False,False,True,False,False,False,True,False
43.0,16.27906977,2.325581395,125.2,0.0,0.0,0.0,0.0,0,0,False,False,False,False,False,True,False,False,True,False,False
48.0,0.0,0.0,43.53,0.068736142,1.0,0.0,0.0,451,-1,False,False,False,False,True,False,False,False,False,True,False
9.0,11.11111111,11.11111111,88.65,0.142857143,0.0,0.0,0.0,21,0,False,False,False,False,False,True,False,False,False,True,False
24.0,0.0,0.0,40.02,0.0,1.0,0.0,0.0,0,-6,False,False,False,False,False,False,True,False,False,True,False
33.0,78.78787879,27.27272727,56.74,0.0,0.0,0.0,0.0,0,-1087,False,False,False,False,False,True,False,False,False,True,False
32.0,93.75,31.25,98.16,0.023554604,0.0,0.0,0.0,934,-32,False,False,False,False,True,False,False,False,False,True,False
37.0,8.108108108,2.702702703,136.3,0.0,1.0,0.0,0.0,0,-4,False,False,False,False,False,True,False,True,False,False,False
31.0,83.87096774,22.58064516,137.71,0.106382979,1.0,0.0,0.0,94,0,False,False,False,False,False,False,True,False,True,False,False
25.0,60.0,16.0,99.64,0.0,1.0,0.0,0.0,0,0,False,False,False,False,True,False,False,False,False,True,False
38.0,52.63157895,7.894736842,46.73,0.142857143,1.0,0.0,0.0,14,0,False,False,False,False,True,False,False,False,True,False,False
28.0,0.0,0.0,142.76,0.0,1.0,0.0,0.0,0,-5,False,False,False,False,False,False,True,False,False,True,False
21.0,19.04761905,4.761904762,48.23,0.0,1.0,0.0,0.0,0,-15,False,True,False,False,False,False,False,False,False,False,True
2.0,100.0,50.0,98.63,0.0,0.0,0.0,0.0,0,-30,False,True,False,False,False,False,False,False,False,False,True
40.0,5.0,0.0,65.15,0.0,1.0,1.0,0.0,0,0,False,False,False,False,False,False,True,False,False,True,False
41.0,95.12195122,17.07317073,71.02,0.0,1.0,0.0,0.0,0,-53,False,True,False,False,False,False,False,False,False,True,False
31.0,0.0,0.0,40.02,0.0,1.0,0.0,0.0,0,0,False,False,False,False,False,False,True,False,False,False,True
35.0,5.714285714,0.0,84.82,0.0,0.0,0.0,0.0,0,-1,False,False,False,False,False,True,False,False,True,False,False
35.0,14.28571429,0.0,53.81,0.0,1.0,0.0,0.0,0,0,True,False,False,False,False,False,False,False,True,False,False
34.0,20.58823529,2.941176471,40.02,0.0,1.0,0.0,0.0,0,0,False,False,False,False,False,True,False,False,False,True,False
22.0,90.90909091,4.545454545,40.2,0.0,1.0,0.0,0.0,0,0,True,False,False,False,False,False,False,False,True,False,False
38.0,0.0,0.0,50.41,0.0526315789473684,0.0,0.0,0.0,95,39,False,False,False,True,False,False,False,False,False,False,True
0.0,0.0,0.0,50.25,0.0,0.0,0.0,0.0,0,-20,False,False,False,False,True,False,False,False,False,False,True
27.0,11.11111111,3.703703704,70.74,0.0,1.0,0.0,0.0,0,-13,False,False,False,False,False,False,True,False,False,False,True
20.0,50.0,25.0,31.02,0.0,1.0,0.0,0.0,0,0,False,False,False,False,True,False,False,False,False,False,True
45.0,0.0,0.0,23.99,0.153846153846154,0.0,0.0,0.0,13,0,False,False,False,False,False,False,True,False,False,True,False
36.0,22.22222222,2.777777778,29.55,0.0,1.0,0.0,0.0,0,-9,False,False,False,False,True,False,False,False,False,True,False
38.0,50.0,0.0,84.81,0.0,1.0,0.0,0.0,0,-2,False,False,False,False,False,False,True,False,True,False,False
25.0,16.0,0.0,45.02,0.0,1.0,1.0,0.0,0,0,False,False,False,False,False,True,False,False,True,False,False
35.0,57.14285714,0.0,52.43,0.049180328,0.0,0.0,0.0,61,0,False,False,False,False,False,False,True,False,False,True,False
36.0,0.0,0.0,40.02,0.0,1.0,0.0,0.0,0,0,False,False,False,False,False,True,False,False,False,False,True
45.0,0.0,0.0,89.4,0.0,0.0,0.0,0.0,0,-89,False,False,False,False,True,False,False,False,False,False,True
19.0,47.36842105,5.263157895,40.02,0.0,1.0,0.0,0.0,0,0,False,True,False,False,False,False,False,False,True,False,False
31.0,29.03225806,12.90322581,59.32,0.0,1.0,0.0,0.0,0,-37,True,False,False,False,False,False,False,False,True,False,False
18.0,0.0,0.0,87.24,0.078125,0.0,0.0,0.0,64,-457,False,False,False,False,False,False,True,False,True,False,False
45.0,6.666666667,0.0,50.18,0.0,1.0,0.0,0.0,0,-45,False,False,False,False,False,True,False,False,True,False,False
37.0,21.62162162,2.702702703,45.05,0.0,1.0,1.0,0.0,0,0,False,True,False,False,False,False,False,False,False,True,False
0.0,0.0,0.0,61.61,0.0,0.0,0.0,0.0,0,0,False,False,False,False,False,True,False,False,False,True,False
35.0,62.85714286,5.714285714,161.02,0.040925267,0.0,0.0,0.0,562,-1,False,True,False,False,False,False,False,False,False,True,False
30.0,83.33333333,6.666666667,58.35,0.0,0.0,0.0,0.0,0,-191,False,False,False,False,False,False,True,False,False,True,False
46.0,0.0,0.0,57.6,0.0,1.0,0.0,0.0,0,-24,False,False,False,False,True,False,False,True,False,False,False
29.0,68.96551724,20.68965517,62.75,0.114285714,1.0,0.0,0.0,35,-52,False,False,False,False,False,True,False,False,False,False,True
19.0,57.89473684,21.05263158,67.07,0.222222222,1.0,0.0,0.0,9,-2,False,False,False,False,False,True,False,False,False,True,False
48.0,6.25,2.083333333,135.8,0.05,0.0,0.0,0.0,220,-95,False,True,False,False,False,False,False,False,True,False,False
31.0,12.90322581,0.0,57.24,0.0,1.0,0.0,0.0,0,-10,False,False,True,False,False,False,False,True,False,False,False
12.0,41.66666667,16.66666667,30.7,0.0,1.0,0.0,0.0,0,-15,False,True,False,False,False,False,False,False,False,False,True
44.0,4.545454545,2.272727273,166.04,0.0,1.0,0.0,0.0,0,-5,False,True,False,False,False,False,False,False,False,False,True
31.0,61.29032258,3.225806452,117.9,0.107142857142857,1.0,0.0,0.0,28,-8,False,False,True,False,False,False,False,True,False,False,False
40.0,45.0,2.5,63.68,0.0070028011204481,0.0,0.0,0.0,714,-48,False,False,False,False,True,False,False,False,False,True,False
7.0,42.85714286,0.0,39.95,0.0,0.0,0.0,1.0,0,0,False,False,False,False,False,False,True,False,False,False,True
24.0,29.16666667,20.83333333,40.02,0.0,1.0,1.0,0.0,0,-1,True,False,False,False,False,False,False,False,True,False,False
31.0,25.80645161,12.90322581,53.55,0.0,1.0,0.0,0.0,0,0,False,True,False,False,False,False,False,False,True,False,False
0.0,0.0,0.0,17.53,0.0,0.0,0.0,0.0,0,0,True,False,False,False,False,False,False,False,False,True,False
46.0,6.52173913,0.0,62.41,0.0,0.0,0.0,0.0,0,-212,False,False,False,False,False,True,False,False,False,True,False
63.0,20.63492063,0.0,63.74,0.0962264150943396,0.0,0.0,1.0,530,28,False,False,False,False,False,True,False,False,False,False,True
0.0,0.0,0.0,58.47,0.0,0.0,0.0,0.0,0,-1,False,True,False,False,False,False,False,False,True,False,False
54.0,7.407407407,3.703703704,103.75,0.025458248,0.0,0.0,0.0,982,-38,False,False,False,False,False,True,False,False,False,True,False
35.0,8.571428571,0.0,40.02,0.0,1.0,0.0,0.0,0,0,False,False,False,False,False,False,True,False,False,True,False
41.0,2.43902439,2.43902439,40.02,0.0,1.0,0.0,0.0,0,0,False,True,False,False,False,False,False,False,True,False,False
43.0,27.90697674,9.302325581,66.48,0.038461538,1.0,0.0,0.0,52,0,False,False,False,False,True,False,False,True,False,False,False
0.0,0.0,0.0,42.29,0.0,0.0,0.0,0.0,0,0,False,False,False,False,False,True,False,False,False,True,False
36.0,30.55555556,2.777777778,76.59,0.018072289,1.0,0.0,0.0,332,26,False,False,False,True,False,False,False,False,False,False,True
35.0,28.57142857,2.857142857,44.6,0.0,1.0,1.0,0.0,0,-496,False,False,False,False,False,True,False,False,True,False,False
48.0,2.083333333,0.0,46.39,0.072,1.0,0.0,0.0,125,0,False,False,False,False,False,True,False,False,True,False,False
28.0,21.42857143,0.0,61.61,0.0,1.0,0.0,0.0,0,0,False,True,False,False,False,False,False,False,False,False,True
23.0,95.65217391,13.04347826,40.27,0.0,1.0,0.0,0.0,0,0,False,True,False,False,False,False,False,False,True,False,False
33.0,18.18181818,0.0,66.26,0.073684211,1.0,0.0,0.0,95,-33,False,False,False,True,False,False,False,False,False,False,True
37.0,51.35135135,21.62162162,61.38,0.0,1.0,0.0,0.0,0,-122,False,True,False,False,False,False,False,True,False,False,False
44.0,6.818181818,4.545454545,149.83,0.0833333333333333,1.0,0.0,0.0,36,0,False,False,False,False,False,True,False,False,False,True,False
30.0,96.66666667,3.333333333,51.62,0.0,0.0,0.0,0.0,0,0,False,False,False,False,False,False,True,False,True,False,False
44.0,6.818181818,2.272727273,79.34,0.222222222,1.0,0.0,0.0,9,-1,False,False,False,False,False,True,False,False,True,False,False
51.0,17.64705882,1.960784314,57.4,0.002162162,1.0,0.0,0.0,925,-70,False,False,False,False,True,False,False,False,True,False,False
44.0,0.0,0.0,40.02,0.0,1.0,0.0,0.0,0,0,False,False,False,False,False,True,False,False,True,False,False
0.0,0.0,0.0,46.64,0.054545455,0.0,0.0,0.0,55,-1,False,False,False,False,True,False,False,False,False,True,False
28.0,75.0,3.571428571,40.0,0.0,1.0,0.0,0.0,0,0,False,True,False,False,False,False,False,False,False,False,True
17.0,41.17647059,17.64705882,38.0,0.181818182,1.0,0.0,0.0,11,-60,False,False,False,False,False,True,False,False,False,False,True
46.0,4.347826087,0.0,104.49,0.02688172,0.0,0.0,0.0,372,0,False,False,False,False,True,False,False,False,False,True,False
12.0,33.33333333,8.333333333,29.33,0.0,1.0,0.0,0.0,0,-29,False,False,False,False,False,False,True,False,False,False,True
9.0,33.33333333,22.22222222,35.02,0.0,1.0,0.0,0.0,0,0,False,False,False,False,False,False,True,False,False,True,False
47.0,0.0,0.0,52.29,0.0380952380952381,0.0,0.0,0.0,105,0,False,False,False,False,False,False,True,False,True,False,False
19.0,57.89473684,0.0,40.02,0.0,1.0,0.0,0.0,0,0,True,False,False,False,False,False,False,False,False,True,False
0.0,0.0,0.0,51.4,0.0,0.0,0.0,0.0,0,-12,False,False,False,False,False,True,False,False,False,True,False
2.0,50.0,50.0,65.57,0.117647059,1.0,0.0,1.0,17,0,False,True,False,False,False,False,False,False,False,False,True
37.0,24.32432432,13.51351351,30.55,0.0,0.0,0.0,0.0,0,-406,False,False,False,False,False,True,False,False,False,False,True
32.0,0.0,0.0,40.2,0.0,1.0,1.0,0.0,0,-1,False,False,False,False,False,True,False,False,True,False,False
57.0,5.263157895,5.263157895,118.4,0.13477366255144,1.0,0.0,0.0,972,-106,False,False,False,False,True,False,False,False,True,False,False
33.0,57.57575758,6.060606061,38.36,0.0,1.0,0.0,0.0,0,-34,False,False,False,False,False,True,False,True,False,False,False
0.0,0.0,0.0,94.84,0.0,0.0,0.0,0.0,0,-2,False,False,False,False,False,False,True,False,False,True,False
36.0,52.77777778,33.33333333,59.08,0.0,1.0,0.0,0.0,0,0,False,False,True,False,False,False,False,False,False,False,True
44.0,9.090909091,2.272727273,110.3,0.028169014,0.0,0.0,0.0,71,-152,False,False,False,False,True,False,False,False,True,False,False
44.0,0.0,0.0,40.02,0.0,1.0,0.0,0.0,0,0,False,False,True,False,False,False,False,False,False,False,True
0.0,0.0,0.0,52.68,0.0,0.0,0.0,0.0,0,0,False,True,False,False,False,False,False,False,False,True,False
0.0,0.0,0.0,77.15,0.142857143,1.0,0.0,0.0,21,-7,False,False,False,False,False,False,True,False,False,True,False
35.0,54.28571429,22.85714286,83.91,0.054794521,1.0,0.0,0.0,73,0,False,True,False,False,False,False,False,False,False,False,True
13.0,84.61538462,7.692307692,40.02,0.0,1.0,0.0,0.0,0,0,False,False,False,False,False,True,False,False,True,False,False
15.0,80.0,0.0,71.26,0.037037037037037,1.0,0.0,0.0,54,0,False,True,False,False,False,False,False,False,False,True,False
47.0,2.127659574,2.127659574,39.35,0.115384615,1.0,0.0,0.0,52,0,False,True,False,False,False,False,False,False,False,True,False
24.0,25.0,20.83333333,35.02,0.0,1.0,0.0,0.0,0,0,False,True,False,False,False,False,False,False,False,True,False
23.0,0.0,0.0,35.02,0.0,1.0,0.0,0.0,0,0,True,False,False,False,False,False,False,False,False,True,False
35.0,11.42857143,2.857142857,35.13,0.0645161290322581,1.0,0.0,0.0,31,0,False,True,False,False,False,False,False,False,True,False,False
46.0,13.04347826,2.173913043,40.02,0.0,1.0,0.0,0.0,0,0,True,False,False,False,False,False,False,False,True,False,False
0.0,0.0,0.0,14.45,0.0,0.0,0.0,0.0,0,-3,True,False,False,False,False,False,False,False,False,True,False
37.0,8.108108108,0.0,44.65,0.0,1.0,0.0,0.0,0,0,False,False,False,False,False,False,True,False,True,False,False
30.0,13.33333333,3.333333333,45.02,0.0,1.0,1.0,0.0,0,-3,False,False,False,False,False,True,False,False,False,True,False
34.0,2.941176471,0.0,57.49,0.0,1.0,0.0,0.0,0,0,False,False,False,False,False,True,False,False,False,False,True
44.0,11.36363636,2.272727273,35.0,0.0,0.0,0.0,0.0,0,-498,False,False,False,False,False,True,False,False,False,False,True
16.0,0.0,0.0,160.22,0.0,1.0,0.0,0.0,0,0,True,False,False,False,False,False,False,False,True,False,False
39.0,41.02564103,0.0,53.44,0.0,0.0,0.0,0.0,0,-232,False,False,False,False,False,False,True,False,True,False,False
24.0,54.16666667,20.83333333,40.0,0.0,1.0,1.0,0.0,0,0,False,True,False,False,False,False,False,True,False,False,False
22.0,22.72727273,9.090909091,40.02,0.0,1.0,0.0,0.0,0,0,False,False,False,False,True,False,False,False,False,True,False
0.0,0.0,0.0,23.92,0.0,0.0,0.0,0.0,0,-51,False,False,False,False,True,False,False,False,False,True,False
38.0,5.263157895,2.631578947,63.55,0.0,1.0,0.0,0.0,0,-27,True,False,False,False,False,False,False,False,False,False,True
34.0,55.88235294,14.70588235,40.02,0.0,1.0,0.0,0.0,0,-12,False,False,False,False,False,False,True,False,False,True,False
38.0,78.94736842,5.263157895,49.11,0.0373134328358209,0.0,0.0,0.0,134,-26,False,False,False,False,False,True,False,False,False,False,True
33.0,6.060606061,3.03030303,40.0,0.0,1.0,0.0,0.0,0,-1,False,True,False,False,False,False,False,False,False,False,True
0.0,0.0,0.0,59.11,0.026666667,1.0,0.0,0.0,225,-7,False,False,False,False,False,True,False,False,True,False,False
7.0,100.0,28.57142857,40.2,0.0,0.0,0.0,0.0,0,0,True,False,False,False,False,False,False,False,True,False,False
45.0,0.0,0.0,33.31,0.0,0.0,0.0,0.0,0,0,False,False,False,False,False,False,True,False,False,True,False
24.0,20.83333333,8.333333333,40.02,0.0,1.0,0.0,0.0,0,0,True,False,False,False,False,False,False,False,True,False,False
40.0,32.5,7.5,104.13,0.0,1.0,0.0,0.0,0,-127,False,False,False,False,False,False,True,False,False,True,False
0.0,0.0,0.0,100.13,0.005524862,0.0,0.0,0.0,362,-1,False,True,False,False,False,False,False,False,True,False,False
3.0,66.66666667,0.0,99.04,0.0207547169811321,0.0,0.0,0.0,530,-115,False,False,False,False,False,True,False,False,False,True,False
45.0,2.222222222,0.0,30.66,0.0,0.0,0.0,0.0,0,-14,False,False,False,False,False,True,False,False,False,True,False
45.0,8.888888889,0.0,107.34,0.051282051,0.0,0.0,0.0,195,35,False,False,False,False,True,False,False,False,False,False,True
0.0,0.0,0.0,70.79,0.038327526,1.0,0.0,0.0,287,-407,False,False,False,False,False,True,False,False,False,True,False
6.0,33.33333333,0.0,17.16,0.0,1.0,0.0,0.0,0,0,False,False,False,False,False,True,False,False,True,False,False
33.0,0.0,0.0,39.97,0.0,1.0,0.0,0.0,0,0,False,False,False,False,True,False,False,False,True,False,False
15.0,13.33333333,0.0,19.19,0.0,0.0,0.0,0.0,0,0,False,False,False,False,False,False,True,False,False,True,False
45.0,4.444444444,0.0,32.34,0.0,0.0,0.0,0.0,0,-20,False,False,True,False,False,False,False,False,False,False,True
16.0,0.0,0.0,47.47,0.031746032,0.0,0.0,0.0,63,0,False,False,False,False,False,True,False,False,False,True,False
1.0,0.0,0.0,62.76,0.0,0.0,0.0,0.0,0,-39,False,True,False,False,False,False,False,False,True,False,False
39.0,46.15384615,20.51282051,58.94,0.019230769,0.0,0.0,0.0,520,-160,False,False,False,False,False,True,False,False,True,False,False
24.0,37.5,16.66666667,43.57,0.0,1.0,0.0,0.0,0,0,False,True,False,False,False,False,False,False,False,True,False
42.0,88.0952381,16.66666667,65.85,0.0248306997742664,0.0,0.0,0.0,443,0,False,True,False,False,False,False,False,False,False,True,False
18.0,22.22222222,11.11111111,40.0,0.0,1.0,0.0,1.0,0,0,False,False,False,False,False,True,False,True,False,False,False
40.0,72.5,12.5,30.97,0.050175029,1.0,0.0,0.0,857,-29,True,False,False,False,False,False,False,False,False,True,False
29.0,89.65517241,20.68965517,93.79,0.130434783,1.0,0.0,0.0,23,-7,False,False,True,False,False,False,False,True,False,False,False
36.0,75.0,0.0,136.65,0.09807074,0.0,0.0,0.0,622,-2,False,False,False,False,False,True,False,False,True,False,False
0.0,0.0,0.0,114.97,0.057142857,0.0,0.0,0.0,70,0,True,False,False,False,False,False,False,False,False,True,False
48.0,2.083333333,0.0,111.71,0.036697248,0.0,0.0,0.0,218,-65,False,False,True,False,False,False,False,False,False,False,True
16.0,0.0,0.0,40.0,0.0,0.0,0.0,0.0,0,0,False,True,False,False,False,False,False,False,True,False,False
30.0,0.0,0.0,60.75,0.0,1.0,0.0,0.0,0,0,True,False,False,False,False,False,False,False,True,False,False
46.0,0.0,0.0,40.02,0.0,1.0,0.0,0.0,0,0,False,True,False,False,False,False,False,False,False,True,False
58.0,17.24137931,1.724137931,107.92,0.0382775119617225,0.0,0.0,0.0,209,-380,False,True,False,False,False,False,False,False,True,False,False
6.0,83.33333333,0.0,40.02,0.0,1.0,0.0,0.0,0,-1,True,False,False,False,False,False,False,False,False,True,False
4.0,0.0,0.0,40.02,0.0,1.0,0.0,0.0,0,0,True,False,False,False,False,False,False,False,True,False,False
7.0,42.85714286,14.28571429,35.02,0.0,1.0,0.0,0.0,0,0,False,True,False,False,False,False,False,False,False,True,False
42.0,30.95238095,4.761904762,40.0,0.0,1.0,1.0,0.0,0,0,False,False,False,False,False,True,False,False,False,False,True
0.0,0.0,0.0,88.85,0.005353319,0.0,0.0,0.0,934,-13,False,True,False,False,False,False,False,False,False,True,False
8.0,75.0,12.5,29.02,0.0,1.0,0.0,0.0,0,0,False,True,False,False,False,False,False,False,False,False,True
0.0,0.0,0.0,27.35,0.0,1.0,0.0,0.0,0,-14,False,True,False,False,False,False,False,False,True,False,False
16.0,0.0,0.0,137.75,0.035087719,0.0,0.0,0.0,57,-55,False,False,False,False,False,True,False,False,True,False,False
36.0,77.77777778,2.777777778,40.02,0.0,1.0,0.0,0.0,0,0,False,False,False,False,False,True,False,False,True,False,False
41.0,21.95121951,9.756097561,133.64,0.051724138,1.0,0.0,0.0,58,-14,False,False,False,False,True,False,False,False,False,False,True
36.0,30.55555556,0.0,40.02,0.0,1.0,0.0,0.0,0,0,True,False,False,False,False,False,False,False,False,False,True
35.0,20.0,8.571428571,41.99,0.0,1.0,0.0,0.0,0,-34,False,False,False,False,False,False,True,False,False,True,False
44.0,13.63636364,2.272727273,211.11,0.0,1.0,0.0,0.0,0,-32,False,False,False,False,True,False,False,True,False,False,False
0.0,0.0,0.0,94.42,0.015915119,0.0,0.0,0.0,377,-100,False,False,False,False,False,False,True,False,False,True,False
21.0,4.761904762,4.761904762,50.55,0.6,1.0,1.0,0.0,5,-1,False,True,False,False,False,False,False,False,True,False,False
22.0,36.36363636,0.0,45.02,0.0,1.0,0.0,0.0,0,0,False,False,False,False,True,False,False,False,True,False,False
36.0,16.66666667,5.555555556,52.54,0.0,1.0,0.0,0.0,0,-19,False,False,False,False,True,False,False,False,True,False,False
0.0,0.0,0.0,74.24,0.0,0.0,0.0,0.0,0,-78,False,False,False,False,True,False,False,False,False,False,True
30.0,10.0,0.0,40.02,0.0,1.0,0.0,0.0,0,0,False,False,False,False,True,False,False,False,True,False,False
34.0,17.64705882,5.882352941,52.66,0.0,1.0,0.0,0.0,0,-9,False,False,False,False,False,True,False,False,False,True,False
30.0,13.33333333,6.666666667,30.75,0.0,1.0,0.0,0.0,0,-34,True,False,False,False,False,False,False,False,False,False,True
10.0,50.0,0.0,50.43,0.0,1.0,0.0,0.0,0,-1,True,False,False,False,False,False,False,False,True,False,False
43.0,13.95348837,4.651162791,96.39,0.0,0.0,0.0,0.0,0,-492,False,True,False,False,False,False,False,False,True,False,False
21.0,61.9047619,4.761904762,58.45,0.0,1.0,0.0,0.0,0,-29,False,False,False,False,False,True,False,False,True,False,False
37.0,10.81081081,0.0,40.02,0.0,1.0,1.0,0.0,0,0,False,False,False,False,False,False,True,False,True,False,False
21.0,95.23809524,9.523809524,40.02,0.0,1.0,0.0,0.0,0,0,False,False,False,False,True,False,False,False,True,False,False
33.0,0.0,0.0,40.0,0.0,1.0,0.0,0.0,0,0,False,False,False,False,False,True,False,False,False,False,True
43.0,0.0,0.0,40.02,0.0,1.0,0.0,0.0,0,0,False,True,False,False,False,False,False,False,True,False,False
44.0,4.545454545,0.0,99.62,0.0,0.0,0.0,0.0,0,0,False,False,False,False,True,False,False,False,False,False,True
31.0,25.80645161,3.225806452,47.14,0.0,1.0,1.0,0.0,0,0,False,False,False,False,True,False,False,False,True,False,False
37.0,0.0,0.0,40.02,0.0,1.0,0.0,0.0,0,0,False,True,False,False,False,False,False,False,True,False,False
43.0,11.62790698,9.302325581,55.94,0.4,1.0,0.0,0.0,5,-130,False,False,False,False,False,False,True,False,False,True,False
0.0,0.0,0.0,52.07,0.0,0.0,0.0,0.0,0,0,True,False,False,False,False,False,False,False,False,True,False
46.0,4.347826087,0.0,52.34,0.0,0.0,0.0,0.0,0,-1,False,False,False,False,False,False,True,False,True,False,False
38.0,23.68421053,13.15789474,79.12,0.0,1.0,0.0,0.0,0,-21,True,False,False,False,False,False,False,False,False,False,True
10.0,40.0,30.0,35.02,0.0,1.0,0.0,0.0,0,0,True,False,False,False,False,False,False,False,True,False,False
26.0,7.692307692,0.0,39.43,0.0,0.0,0.0,0.0,0,-4,False,False,False,False,False,False,True,False,False,True,False
31.0,6.451612903,0.0,49.64,0.0666666666666667,1.0,0.0,0.0,45,-23,True,False,False,False,False,False,False,False,False,False,True
43.0,18.60465116,2.325581395,31.28,0.0472103004291846,1.0,0.0,0.0,466,-4,False,False,False,False,False,True,False,False,True,False,False
0.0,0.0,0.0,85.2,0.0,0.0,0.0,0.0,0,-12,False,False,False,False,True,False,False,False,False,True,False
0.0,0.0,0.0,50.18,0.0,1.0,0.0,0.0,0,0,False,False,False,False,False,True,False,False,False,False,True
0.0,0.0,0.0,36.02,0.0,0.0,0.0,0.0,0,21,False,False,False,False,True,False,False,False,False,False,True
31.0,3.225806452,0.0,52.58,0.0,1.0,0.0,0.0,0,0,False,False,False,False,False,False,True,False,False,False,True
0.0,0.0,0.0,51.95,0.046511628,0.0,0.0,0.0,43,0,False,False,False,False,False,True,False,False,False,True,False
23.0,4.347826087,4.347826087,40.02,0.0,1.0,0.0,1.0,0,0,True,False,False,False,False,False,False,False,False,False,True
44.0,6.818181818,0.0,50.0,0.0,0.0,0.0,0.0,0,0,True,False,False,False,False,False,False,False,False,True,False
47.0,51.06382979,21.27659574,113.56,0.075471698,1.0,0.0,0.0,106,-4,False,False,False,False,True,False,False,True,False,False,False
45.0,6.666666667,0.0,40.0,0.0,0.0,0.0,0.0,0,0,False,False,False,False,False,True,False,False,False,False,True
31.0,51.61290323,3.225806452,233.55,0.1,0.0,0.0,0.0,50,-375,False,True,False,False,False,False,False,False,True,False,False
32.0,25.0,0.0,40.02,0.0,1.0,0.0,0.0,0,-17,True,False,False,False,False,False,False,False,True,False,False
38.0,26.31578947,2.631578947,44.47,0.103448276,0.0,0.0,0.0,29,0,False,True,False,False,False,False,False,False,True,False,False
27.0,11.11111111,3.703703704,35.0,0.0,1.0,0.0,0.0,0,0,False,False,False,False,False,True,False,False,False,False,True
30.0,13.33333333,0.0,40.0,0.0,1.0,0.0,0.0,0,0,False,True,False,False,False,False,False,False,False,False,True
47.0,4.255319149,0.0,98.15,0.066666667,0.0,0.0,0.0,60,0,False,False,False,False,False,True,False,False,False,False,True
40.0,42.5,7.5,27.86,0.0452155625657203,1.0,0.0,0.0,951,-202,False,False,False,False,False,True,False,False,True,False,False
41.0,2.43902439,0.0,40.02,0.0,1.0,0.0,0.0,0,0,False,False,False,False,False,True,False,False,False,False,True
21.0,19.04761905,0.0,38.0,0.222222222,1.0,0.0,0.0,9,0,True,False,False,False,False,False,False,True,False,False,False
73.0,0.0,0.0,55.72,0.322580645,1.0,1.0,1.0,155,-2,False,False,False,False,False,True,False,True,False,False,False
41.0,63.41463415,7.317073171,71.01,0.025974026,0.0,0.0,0.0,154,-39,False,False,False,False,False,True,False,True,False,False,False
21.0,71.42857143,38.0952381,62.82,0.285714286,1.0,0.0,0.0,7,-6,False,False,False,False,True,False,False,False,False,False,True
2.0,50.0,0.0,39.97,0.0,1.0,0.0,0.0,0,0,False,False,False,False,False,False,True,False,True,False,False
44.0,6.818181818,0.0,26.1,0.071428571,0.0,0.0,0.0,28,-28,False,False,False,False,True,False,False,False,True,False,False
24.0,37.5,20.83333333,40.02,0.0,1.0,0.0,1.0,0,-11,False,True,False,False,False,False,False,False,False,False,True
41.0,56.09756098,17.07317073,67.73,0.018518519,0.0,0.0,0.0,162,-23,False,False,False,False,True,False,False,True,False,False,False
43.0,4.651162791,0.0,40.25,0.0,1.0,0.0,0.0,0,0,False,False,False,False,False,True,False,False,True,False,False
0.0,0.0,0.0,51.14,0.0,0.0,0.0,0.0,0,0,True,False,False,False,False,False,False,False,True,False,False
5.0,80.0,0.0,68.7,0.0,1.0,0.0,0.0,0,-1,False,True,False,False,False,False,False,False,True,False,False
40.0,97.5,22.5,91.87,0.102040816,0.0,1.0,1.0,245,0,False,False,False,False,False,False,True,False,True,False,False
40.0,30.0,0.0,16.64,0.0,1.0,0.0,0.0,0,0,False,False,False,False,False,True,False,False,False,True,False
36.0,83.33333333,5.555555556,48.54,0.006339144,0.0,0.0,0.0,631,0,True,False,False,False,False,False,False,False,True,False,False
22.0,72.72727273,13.63636364,35.0,0.0,1.0,0.0,0.0,0,0,False,True,False,False,False,False,False,False,False,False,True
45.0,13.33333333,4.444444444,54.51,0.0,1.0,0.0,0.0,0,0,False,False,False,False,False,True,False,False,True,False,False
40.0,5.0,0.0,43.04,0.0206185567010309,0.0,0.0,0.0,97,-1,True,False,False,False,False,False,False,False,False,True,False
28.0,21.42857143,3.571428571,10.76,0.0,1.0,0.0,0.0,0,0,True,False,False,False,False,False,False,False,False,False,True
3.0,100.0,66.66666667,110.86,0.0,0.0,0.0,0.0,0,-950,True,False,False,False,False,False,False,False,True,False,False
40.0,12.5,2.5,83.98,0.010752688172043,1.0,0.0,0.0,279,0,False,False,False,False,False,True,False,False,False,True,False
45.0,17.77777778,0.0,142.56,0.016359918,0.0,0.0,0.0,489,-1,False,False,False,False,False,False,True,False,False,True,False
32.0,87.5,0.0,48.64,0.0,0.0,0.0,0.0,0,0,False,True,False,False,False,False,False,False,True,False,False
32.0,12.5,9.375,49.84,0.2,1.0,1.0,0.0,15,-2,False,False,False,False,False,True,False,False,True,False,False
0.0,0.0,0.0,93.45,0.0223325062034739,1.0,0.0,0.0,403,-624,False,False,False,False,False,True,False,False,False,True,False
0.0,0.0,0.0,89.49,0.0,0.0,0.0,0.0,0,-240,False,False,False,False,False,False,True,False,True,False,False
2.0,100.0,0.0,40.02,0.0,1.0,0.0,0.0,0,0,True,False,False,False,False,False,False,False,False,True,False
56.0,53.57142857,1.785714286,82.92,0.129337539,1.0,0.0,0.0,634,-7,False,False,False,False,True,False,False,False,False,True,False
7.0,57.14285714,0.0,214.44,0.25,1.0,0.0,0.0,12,-36,False,False,False,False,True,False,False,False,False,False,True
35.0,14.28571429,8.571428571,40.02,0.0,1.0,1.0,0.0,0,0,True,False,False,False,False,False,False,False,False,True,False
6.0,0.0,0.0,59.06,0.0,0.0,0.0,0.0,0,-1,True,False,False,False,False,False,False,False,True,False,False
44.0,2.272727273,2.272727273,140.45,0.008658009,0.0,0.0,0.0,231,35,False,False,False,False,True,False,False,False,False,False,True
42.0,11.9047619,2.380952381,37.36,0.0,1.0,0.0,0.0,0,-24,False,False,False,False,True,False,False,False,True,False,False
48.0,20.83333333,0.0,102.57,0.046728972,1.0,0.0,0.0,107,-4,False,False,False,False,False,True,False,False,True,False,False
14.0,28.57142857,0.0,40.0,0.0,1.0,0.0,0.0,0,0,False,False,False,False,False,True,False,False,False,False,True
36.0,47.22222222,5.555555556,52.83,0.035087719,1.0,0.0,0.0,57,-2,False,False,False,False,False,False,True,False,False,True,False
35.0,34.28571429,8.571428571,97.52,0.0,1.0,0.0,0.0,0,0,True,False,False,False,False,False,False,False,True,False,False
15.0,66.66666667,33.33333333,35.02,0.0,1.0,0.0,0.0,0,0,False,True,False,False,False,False,False,False,False,True,False
48.0,2.083333333,2.083333333,74.32,0.014251781,1.0,0.0,0.0,421,0,False,False,False,False,True,False,False,False,False,False,True
47.0,0.0,0.0,80.64,0.026217228,0.0,0.0,0.0,267,-1,False,False,False,False,False,False,True,False,False,True,False
50.0,6.0,6.0,21.72,0.0,1.0,0.0,0.0,0,-97,False,True,False,False,False,False,False,False,True,False,False
45.0,2.222222222,0.0,50.54,0.0,0.0,0.0,0.0,0,0,False,False,False,False,False,False,True,False,False,True,False
38.0,39.47368421,10.52631579,40.91,0.047619048,1.0,0.0,0.0,63,-1,False,True,False,False,False,False,False,False,False,False,True
0.0,0.0,0.0,47.06,0.133333333,1.0,0.0,0.0,15,0,False,False,False,False,False,False,True,False,False,True,False
28.0,21.42857143,0.0,40.02,0.0,1.0,1.0,0.0,0,0,True,False,False,False,False,False,False,False,False,True,False
0.0,0.0,0.0,58.8,0.015267176,0.0,0.0,0.0,131,0,False,False,False,False,False,False,True,False,True,False,False
42.0,50.0,11.9047619,75.61,0.023529412,1.0,0.0,0.0,170,-7,False,False,False,False,False,True,False,False,True,False,False
46.0,2.173913043,2.173913043,27.08,0.0,1.0,0.0,0.0,0,-37,False,False,False,False,False,True,False,False,False,True,False
47.0,10.63829787,0.0,80.32,0.02,0.0,0.0,0.0,300,-1,False,True,False,False,False,False,False,False,True,False,False
43.0,20.93023256,2.325581395,68.24,0.0,1.0,0.0,0.0,0,-25,False,False,False,False,True,False,False,False,False,False,True
40.0,5.0,2.5,83.45,0.5,1.0,0.0,0.0,4,-3,False,True,False,False,False,False,False,False,True,False,False
11.0,63.63636364,0.0,50.99,0.0,1.0,0.0,0.0,0,0,True,False,False,False,False,False,False,False,False,False,True
31.0,12.90322581,6.451612903,62.67,0.0,0.0,1.0,0.0,0,-15,False,False,False,False,True,False,False,False,False,True,False
27.0,92.59259259,14.81481481,35.0,0.0,1.0,0.0,0.0,0,0,False,False,False,False,False,True,False,False,False,False,True
13.0,100.0,30.76923077,41.43,0.176470588,1.0,0.0,0.0,17,0,False,False,False,False,False,True,False,False,False,False,True
16.0,18.75,6.25,56.02,0.0,1.0,0.0,0.0,0,0,False,True,False,False,False,False,False,False,False,False,True
0.0,0.0,0.0,5.11,0.0,0.0,0.0,0.0,0,-56,True,False,False,False,False,False,False,False,True,False,False
36.0,0.0,0.0,153.32,0.0,0.0,0.0,0.0,0,5,False,False,False,True,False,False,False,False,False,False,True
35.0,8.571428571,8.571428571,113.93,0.111111111,0.0,0.0,0.0,18,0,False,False,False,True,False,False,False,False,False,False,True
32.0,6.25,0.0,49.15,0.0,1.0,0.0,0.0,0,0,False,False,False,False,True,False,False,False,True,False,False
1.0,100.0,0.0,40.02,0.0,1.0,0.0,0.0,0,0,True,False,False,False,False,False,False,False,False,True,False
35.0,8.571428571,8.571428571,246.92,0.0,1.0,0.0,1.0,0,0,False,False,False,False,False,False,True,False,False,False,True
54.0,64.81481481,1.851851852,63.54,0.0,1.0,0.0,0.0,0,-58,False,False,False,False,False,True,False,False,True,False,False
35.0,5.714285714,2.857142857,33.28,0.0,1.0,0.0,0.0,0,-1,False,False,False,False,False,True,False,False,False,False,True
32.0,15.625,9.375,1.0,0.0,1.0,0.0,0.0,0,0,False,True,False,False,False,False,False,False,False,False,True
44.0,18.18181818,4.545454545,88.64,0.007839721,0.0,0.0,0.0,1148,-43,False,True,False,False,False,False,False,False,False,True,False
34.0,5.882352941,2.941176471,40.02,0.0,1.0,0.0,0.0,0,-5,False,True,False,False,False,False,False,False,False,True,False
48.0,2.083333333,0.0,57.54,0.016025641,1.0,0.0,0.0,312,19,False,False,False,False,True,False,False,False,False,False,True
18.0,0.0,0.0,192.88,0.027777778,0.0,0.0,0.0,324,-10,False,False,False,False,True,False,False,False,True,False,False
43.0,0.0,0.0,81.22,0.0,1.0,0.0,0.0,0,-40,False,False,False,False,True,False,False,False,True,False,False
6.0,100.0,16.66666667,40.02,0.0,1.0,0.0,0.0,0,0,False,False,False,False,False,True,False,False,False,False,True
44.0,4.545454545,2.272727273,87.1,0.0,1.0,0.0,0.0,0,-6,True,False,False,False,False,False,False,False,False,False,True
32.0,9.375,6.25,97.66,0.0,1.0,0.0,0.0,0,0,True,False,False,False,False,False,False,False,True,False,False
0.0,0.0,0.0,50.71,0.0,0.0,0.0,0.0,0,-1,False,False,False,False,False,True,False,False,False,True,False
10.0,70.0,10.0,110.3,0.058823529,1.0,0.0,0.0,238,-3,False,True,False,False,False,False,False,False,True,False,False
21.0,4.761904762,4.761904762,40.02,0.0,1.0,0.0,0.0,0,0,True,False,False,False,False,False,False,False,True,False,False
2.0,50.0,0.0,49.35,0.181818182,0.0,0.0,0.0,11,-79,False,False,False,False,False,True,False,False,True,False,False
0.0,0.0,0.0,64.0,0.035714286,1.0,0.0,0.0,56,-1,False,False,False,False,False,False,True,False,False,True,False
27.0,100.0,7.407407407,100.71,0.130434782608696,1.0,0.0,1.0,92,-1,False,True,False,False,False,False,False,False,False,False,True
16.0,0.0,0.0,52.08,0.0,0.0,0.0,0.0,0,-146,False,False,False,False,False,False,True,False,True,False,False
37.0,10.81081081,0.0,40.02,0.0,1.0,0.0,0.0,0,0,False,False,False,False,False,True,False,False,True,False,False
36.0,0.0,0.0,40.0,0.0,1.0,0.0,0.0,0,0,False,False,False,False,True,False,False,True,False,False,False
39.0,35.8974359,5.128205128,58.73,0.0,0.0,0.0,0.0,0,-39,False,False,False,False,True,False,False,False,True,False,False
33.0,3.03030303,0.0,29.34,0.0,1.0,0.0,0.0,0,0,False,False,False,False,False,True,False,False,False,False,True
42.0,14.28571429,4.761904762,53.17,0.0,0.0,0.0,0.0,0,-13,False,True,False,False,False,False,False,False,False,True,False
9.0,100.0,33.33333333,40.02,0.0,1.0,0.0,0.0,0,0,False,False,False,False,False,True,False,False,True,False,False
4.0,75.0,0.0,23.13,0.0,1.0,0.0,0.0,0,0,True,False,False,False,False,False,False,False,True,False,False
3.0,66.66666667,33.33333333,40.02,0.0,1.0,0.0,0.0,0,0,False,False,False,False,False,False,True,False,False,True,False
16.0,0.0,0.0,45.16,0.0588235294117647,1.0,0.0,0.0,34,0,False,False,False,False,True,False,False,False,True,False,False
7.0,57.14285714,42.85714286,116.94,0.139170507,0.0,0.0,1.0,1085,-155,False,True,False,False,False,False,False,False,False,True,False
1.0,100.0,0.0,40.0,0.0,1.0,1.0,0.0,0,-2,True,False,False,False,False,False,False,False,False,False,True
0.0,0.0,0.0,103.55,0.03257329,1.0,0.0,0.0,307,-253,False,False,False,False,False,True,False,False,False,True,False
46.0,17.39130435,13.04347826,34.83,0.0,1.0,0.0,0.0,0,-7,True,False,False,False,False,False,False,False,False,False,True
42.0,33.33333333,4.761904762,37.94,0.125,1.0,0.0,0.0,24,0,False,True,False,False,False,False,False,False,True,False,False
0.0,0.0,0.0,53.9,0.0,0.0,0.0,0.0,0,-27,False,False,False,False,False,False,True,False,False,True,False
17.0,70.58823529,0.0,35.0,0.0,1.0,0.0,0.0,0,0,False,False,False,False,False,False,True,False,False,False,True
16.0,56.25,31.25,81.2,0.0,1.0,0.0,0.0,0,-73,False,False,False,False,False,True,False,False,False,True,False
0.0,0.0,0.0,61.53,0.0,1.0,0.0,0.0,0,0,False,True,False,False,False,False,False,False,True,False,False
47.0,0.0,0.0,32.93,0.013968776,0.0,0.0,0.0,1217,0,False,False,False,False,False,True,False,False,False,True,False
44.0,4.545454545,0.0,158.22,0.0,1.0,0.0,0.0,0,-1,True,False,False,False,False,False,False,False,True,False,False
32.0,31.25,3.125,70.29,0.0,1.0,1.0,0.0,0,-8,False,False,False,False,False,True,False,False,False,True,False
27.0,100.0,37.03703704,112.68,0.277777777777778,1.0,0.0,0.0,18,-9,False,True,False,False,False,False,False,False,True,False,False
26.0,3.846153846,0.0,49.36,0.0,1.0,0.0,0.0,0,0,False,True,False,False,False,False,False,False,False,False,True
35.0,11.42857143,2.857142857,66.88,0.0,1.0,0.0,0.0,0,-1,True,False,False,False,False,False,False,False,False,False,True
7.0,0.0,0.0,31.0,0.0,1.0,0.0,0.0,0,0,False,False,False,False,False,False,True,False,False,False,True
0.0,0.0,0.0,38.56,0.153846154,0.0,0.0,0.0,78,-16,False,False,False,False,True,False,False,False,True,False,False
0.0,0.0,0.0,30.5,0.085714286,0.0,0.0,0.0,35,-272,False,False,False,False,False,False,True,False,False,True,False
0.0,0.0,0.0,85.73,0.037593985,0.0,0.0,0.0,133,-4,True,False,False,False,False,False,False,False,False,True,False
4.0,100.0,75.0,64.7,0.0789473684210526,1.0,0.0,0.0,76,-7,False,False,False,False,False,False,True,False,True,False,False
0.0,0.0,0.0,20.45,0.0,0.0,0.0,0.0,0,0,False,False,False,False,True,False,False,False,False,True,False
10.0,40.0,10.0,78.26,0.166666666666667,1.0,0.0,0.0,18,-2,False,False,False,False,True,False,False,True,False,False,False
51.0,0.0,0.0,56.03,0.031746032,1.0,0.0,0.0,693,-35,False,False,False,False,False,True,False,False,True,False,False
30.0,6.666666667,0.0,40.0,0.0,1.0,0.0,1.0,0,-3,True,False,False,False,False,False,False,False,False,False,True
0.0,0.0,0.0,47.23,0.0,0.0,0.0,0.0,0,-6,False,True,False,False,False,False,False,False,False,True,False
0.0,0.0,0.0,50.75,0.0,0.0,0.0,0.0,0,-37,False,False,False,False,True,False,False,False,False,True,False
14.0,21.42857143,0.0,40.02,0.0,1.0,1.0,0.0,0,0,False,False,False,False,False,True,False,False,True,False,False
2.0,100.0,50.0,58.79,0.0,1.0,0.0,0.0,0,0,False,False,False,False,False,True,False,False,True,False,False
34.0,8.823529412,2.941176471,36.34,0.0,1.0,0.0,0.0,0,-12,False,False,False,False,False,True,False,False,False,False,True
18.0,0.0,0.0,64.58,0.046277666,0.0,0.0,0.0,497,-1,True,False,False,False,False,False,False,False,False,True,False
35.0,48.57142857,5.714285714,81.02,0.0,1.0,0.0,0.0,0,0,False,True,False,False,False,False,False,False,True,False,False
41.0,14.63414634,4.87804878,39.22,0.0,1.0,0.0,0.0,0,-34,True,False,False,False,False,False,False,False,False,False,True
29.0,6.896551724,0.0,89.96,0.0,1.0,0.0,0.0,0,0,False,False,False,False,True,False,False,True,False,False,False
31.0,12.90322581,0.0,40.02,0.0,1.0,1.0,0.0,0,0,False,False,False,False,True,False,False,False,True,False,False
31.0,12.90322581,3.225806452,61.79,0.0,1.0,0.0,0.0,0,0,False,False,False,False,True,False,False,False,False,False,True
33.0,9.090909091,0.0,51.76,0.0,0.0,0.0,0.0,0,-27,False,False,False,True,False,False,False,False,False,False,True
27.0,11.11111111,0.0,32.71,0.5,1.0,0.0,0.0,4,-6,False,False,False,False,True,False,False,False,True,False,False
27.0,48.14814815,0.0,40.02,0.0,1.0,0.0,0.0,0,-1,False,False,False,False,False,True,False,False,True,False,False
42.0,23.80952381,4.761904762,50.93,0.0,1.0,0.0,0.0,0,-17,False,False,False,False,True,False,False,False,True,False,False
48.0,2.083333333,2.083333333,207.03,0.013657056,0.0,0.0,0.0,659,-20,False,True,False,False,False,False,False,False,True,False,False
21.0,66.66666667,33.33333333,63.03,0.0,0.0,0.0,1.0,0,-24,False,True,False,False,False,False,False,False,True,False,False
24.0,12.5,4.166666667,31.0,0.0,1.0,0.0,0.0,0,0,False,False,True,False,False,False,False,True,False,False,False
5.0,40.0,20.0,40.02,0.0,1.0,1.0,0.0,0,-18,True,False,False,False,False,False,False,False,True,False,False
34.0,0.0,0.0,40.02,0.0,1.0,0.0,0.0,0,0,False,False,False,False,False,False,True,False,True,False,False
24.0,8.333333333,0.0,60.26,0.0,1.0,0.0,0.0,0,-1,False,True,False,False,False,False,False,False,True,False,False
42.0,28.57142857,2.380952381,71.2,0.0,0.0,0.0,0.0,0,-5,False,False,True,False,False,False,False,False,False,False,True
28.0,42.85714286,21.42857143,53.08,0.0,1.0,0.0,0.0,0,-8,False,False,False,False,False,False,True,False,False,False,True
32.0,0.0,0.0,40.02,0.0,1.0,0.0,0.0,0,0,False,True,False,False,False,False,False,False,False,True,False
37.0,54.05405405,8.108108108,147.81,0.019900498,0.0,0.0,0.0,402,0,True,False,False,False,False,False,False,False,False,True,False
34.0,0.0,0.0,62.22,0.0123203285420945,0.0,0.0,0.0,-4051,-21,False,False,False,False,False,False,True,False,False,True,False
37.0,0.0,0.0,40.02,0.0,0.0,0.0,0.0,0,-301,True,False,False,False,False,False,False,False,True,False,False
44.0,11.36363636,0.0,105.7,0.333333333,0.0,0.0,0.0,6,-376,False,False,False,False,False,False,True,False,False,True,False
38.0,5.263157895,2.631578947,75.89,0.017064846,0.0,0.0,0.0,293,-111,False,True,False,False,False,False,False,False,True,False,False
29.0,17.24137931,17.24137931,40.3,0.0,1.0,0.0,0.0,0,0,False,False,True,False,False,False,False,False,False,False,True
45.0,0.0,0.0,50.86,0.0,1.0,0.0,0.0,0,-432,True,False,False,False,False,False,False,False,True,False,False
0.0,0.0,0.0,90.04,0.079225352,0.0,0.0,0.0,568,-152,False,True,False,False,False,False,False,False,False,True,False
42.0,0.0,0.0,143.5,0.0,1.0,0.0,0.0,0,0,False,True,False,False,False,False,False,False,False,True,False
42.0,9.523809524,0.0,44.25,0.0,1.0,0.0,0.0,0,-19,False,False,False,False,False,True,False,True,False,False,False
35.0,0.0,0.0,82.59,0.0,1.0,0.0,0.0,0,-1,False,True,False,False,False,False,False,False,False,False,True
28.0,32.14285714,17.85714286,51.28,0.0,1.0,0.0,0.0,0,-1,False,True,False,False,False,False,False,False,False,False,True
0.0,0.0,0.0,80.64,0.168918919,0.0,0.0,0.0,148,-62,True,False,False,False,False,False,False,False,False,True,False
1.0,100.0,0.0,40.02,0.0,1.0,0.0,0.0,0,0,True,False,False,False,False,False,False,False,True,False,False
23.0,4.347826087,0.0,40.02,0.0,1.0,0.0,0.0,0,0,False,False,False,False,False,True,False,False,True,False,False
48.0,4.166666667,0.0,40.02,0.0,1.0,0.0,0.0,0,0,True,False,False,False,False,False,False,False,False,False,True
45.0,4.444444444,2.222222222,32.32,0.0,0.0,0.0,0.0,0,0,False,True,False,False,False,False,False,False,False,True,False
33.0,81.81818182,0.0,39.38,0.0220588235294118,0.0,0.0,0.0,136,-31,False,True,False,False,False,False,False,False,False,True,False
45.0,0.0,0.0,53.27,0.0,1.0,0.0,0.0,0,0,False,False,False,False,False,False,True,False,False,True,False
6.0,50.0,0.0,40.02,0.0,1.0,0.0,0.0,0,-35,False,False,False,False,True,False,False,False,False,True,False
3.0,0.0,0.0,40.02,0.0,1.0,0.0,0.0,0,0,False,False,False,False,False,True,False,False,True,False,False
37.0,0.0,0.0,52.21,0.0,1.0,0.0,0.0,0,0,False,True,False,False,False,False,False,False,False,True,False
53.0,7.547169811,0.0,19.73,0.0,1.0,0.0,0.0,0,-108,False,False,False,False,False,True,False,False,False,False,True
29.0,34.48275862,10.34482759,78.92,0.053571429,1.0,1.0,0.0,56,-19,True,False,False,False,False,False,False,False,False,False,True
34.0,17.64705882,8.823529412,40.02,0.0,1.0,1.0,0.0,0,0,True,False,False,False,False,False,False,False,True,False,False
29.0,100.0,6.896551724,100.67,0.051948052,1.0,0.0,0.0,77,-1,False,True,False,False,False,False,False,True,False,False,False
42.0,21.42857143,21.42857143,54.45,0.015503876,1.0,0.0,0.0,129,0,False,False,False,False,True,False,False,False,False,True,False
16.0,0.0,0.0,67.41,0.0277777777777778,0.0,0.0,0.0,72,-316,False,False,False,False,False,False,True,False,False,True,False
37.0,27.02702703,5.405405405,101.52,0.0,1.0,1.0,0.0,0,-42,False,False,False,False,True,False,False,False,True,False,False
32.0,0.0,0.0,40.02,0.0,1.0,0.0,0.0,0,0,False,True,False,False,False,False,False,False,False,True,False
37.0,54.05405405,0.0,9.5,0.0,0.0,0.0,0.0,0,0,True,False,False,False,False,False,False,False,False,True,False
46.0,10.86956522,2.173913043,117.92,0.003766478,0.0,0.0,0.0,531,0,False,False,False,False,True,False,False,False,False,True,False
6.0,100.0,0.0,51.67,0.0,0.0,0.0,0.0,0,-1,False,False,False,False,False,True,False,False,True,False,False
26.0,0.0,0.0,51.87,0.0,1.0,0.0,0.0,0,-5,False,False,False,False,False,True,False,False,False,True,False
43.0,0.0,0.0,45.98,0.024691358,1.0,0.0,0.0,81,-35,False,False,False,False,True,False,False,False,True,False,False
37.0,5.405405405,5.405405405,33.48,0.0,1.0,0.0,0.0,0,-15,False,True,False,False,False,False,False,False,False,False,True
21.0,57.14285714,4.761904762,45.02,0.0,1.0,0.0,0.0,0,0,True,False,False,False,False,False,False,False,True,False,False
44.0,6.818181818,4.545454545,80.4,0.0,0.0,0.0,0.0,0,0,True,False,False,False,False,False,False,False,True,False,False
0.0,0.0,0.0,55.78,0.0,0.0,0.0,0.0,0,-376,False,False,False,False,True,False,False,False,False,True,False
57.0,71.92982456,17.54385965,88.45,0.054330709,1.0,0.0,0.0,1270,-13,False,True,False,False,False,False,False,False,False,False,True
49.0,28.57142857,4.081632653,90.0,0.032608696,1.0,0.0,0.0,552,-203,True,False,False,False,False,False,False,False,True,False,False
47.0,2.127659574,2.127659574,71.6,0.02173913,1.0,0.0,0.0,92,-5,True,False,False,False,False,False,False,False,False,False,True
12.0,50.0,16.66666667,99.98,0.153846154,1.0,0.0,0.0,13,-23,False,False,False,False,False,True,False,True,False,False,False
5.0,40.0,0.0,83.16,0.0,0.0,0.0,0.0,0,-6,False,False,False,False,False,False,True,False,True,False,False
35.0,20.0,2.857142857,113.09,0.0,1.0,0.0,0.0,0,-20,False,True,False,False,False,False,False,False,False,False,True
7.0,0.0,0.0,40.02,0.0,1.0,0.0,0.0,0,0,True,False,False,False,False,False,False,False,True,False,False
33.0,90.90909091,12.12121212,92.65,0.075,0.0,0.0,0.0,440,-123,False,False,False,False,True,False,False,False,False,True,False
47.0,29.78723404,14.89361702,180.05,0.2,1.0,0.0,0.0,15,-95,False,True,False,False,False,False,False,False,True,False,False
44.0,2.272727273,2.272727273,63.59,0.1,0.0,0.0,0.0,20,-100,False,False,False,False,False,True,False,False,True,False,False
41.0,14.63414634,9.756097561,403.76,0.333333333,1.0,0.0,0.0,6,-39,True,False,False,False,False,False,False,False,False,True,False
26.0,61.53846154,23.07692308,56.25,0.04494382,0.0,0.0,0.0,89,-16,False,False,False,True,False,False,False,False,False,False,True
0.0,0.0,0.0,54.09,0.096774194,0.0,0.0,0.0,31,-1,False,False,False,False,True,False,False,False,False,True,False
43.0,30.23255814,4.651162791,40.02,0.0,1.0,0.0,0.0,0,-98,False,True,False,False,False,False,False,False,True,False,False
44.0,9.090909091,0.0,49.58,0.006369427,0.0,1.0,0.0,314,-1,False,False,False,False,True,False,False,False,False,False,True
38.0,15.78947368,10.52631579,79.61,0.0,1.0,0.0,0.0,0,-35,True,False,False,False,False,False,False,False,True,False,False
39.0,7.692307692,7.692307692,40.02,0.0,1.0,1.0,0.0,0,0,True,False,False,False,False,False,False,False,True,False,False
45.0,0.0,0.0,51.42,0.0124223602484472,0.0,0.0,0.0,161,0,False,False,False,False,False,True,False,False,True,False,False
45.0,15.55555556,6.666666667,112.56,0.00681431,1.0,0.0,0.0,587,-2,True,False,False,False,False,False,False,False,True,False,False
8.0,12.5,12.5,35.0,0.0,1.0,0.0,0.0,0,0,False,False,False,False,False,False,True,False,False,False,True
38.0,65.78947368,0.0,83.44,0.0395480225988701,0.0,0.0,0.0,177,-44,False,False,False,False,False,True,False,False,False,False,True
39.0,0.0,0.0,40.02,0.0,1.0,0.0,0.0,0,0,True,False,False,False,False,False,False,False,True,False,False
7.0,0.0,0.0,40.02,0.0,1.0,0.0,0.0,0,-23,False,False,False,False,True,False,False,False,False,True,False
46.0,2.173913043,2.173913043,67.26,0.0740740740740741,1.0,0.0,0.0,27,-3,False,False,True,False,False,False,False,False,False,False,True
33.0,33.33333333,9.090909091,50.5,0.0,1.0,0.0,0.0,0,-1,False,True,False,False,False,False,False,False,False,True,False
1.0,100.0,0.0,58.02,0.015503876,0.0,0.0,0.0,129,-29,False,False,False,False,False,False,True,False,False,True,False
32.0,53.125,6.25,35.36,0.0,0.0,0.0,0.0,0,-2,False,False,False,False,True,False,False,False,False,True,False
40.0,0.0,0.0,30.27,0.0,1.0,0.0,0.0,0,0,False,False,False,False,True,False,False,False,True,False,False
36.0,8.333333333,0.0,53.48,0.0,1.0,0.0,0.0,0,0,False,False,False,False,False,False,True,False,True,False,False
32.0,100.0,40.625,96.15,0.008247423,0.0,0.0,0.0,970,-647,True,False,False,False,False,False,False,False,False,True,False
45.0,0.0,0.0,59.48,0.0,0.0,0.0,0.0,0,0,False,False,False,False,True,False,False,False,False,True,False
0.0,0.0,0.0,124.26,0.095238095,0.0,0.0,0.0,63,0,False,True,False,False,False,False,False,False,True,False,False
0.0,0.0,0.0,28.15,0.0,0.0,0.0,0.0,0,-18,False,True,False,False,False,False,False,False,False,True,False
37.0,2.702702703,0.0,52.48,0.0,1.0,0.0,0.0,0,-37,True,False,False,False,False,False,False,False,True,False,False
0.0,0.0,0.0,25.19,0.0,0.0,0.0,0.0,0,-2,False,False,False,False,False,False,True,False,False,True,False
31.0,32.25806452,19.35483871,59.4,0.034482759,1.0,0.0,0.0,58,-2,False,False,False,False,False,True,False,False,False,False,True
45.0,0.0,0.0,114.33,0.060606061,1.0,0.0,0.0,33,0,False,False,False,False,False,False,True,False,False,False,True
37.0,16.21621622,5.405405405,37.05,0.08,1.0,0.0,0.0,25,0,False,False,False,False,False,False,True,False,False,True,False
19.0,5.263157895,5.263157895,65.86,0.2,1.0,1.0,0.0,10,0,False,False,False,False,False,False,True,True,False,False,False
45.0,0.0,0.0,33.98,0.0,0.0,0.0,0.0,0,-14,False,True,False,False,False,False,False,False,True,False,False
49.0,6.12244898,2.040816327,41.85,0.004878049,0.0,0.0,0.0,820,0,False,False,False,False,True,False,False,False,False,True,False
45.0,2.222222222,0.0,48.44,0.0,0.0,0.0,0.0,0,-3,True,False,False,False,False,False,False,False,False,True,False
32.0,3.125,0.0,40.02,0.0,1.0,0.0,0.0,0,-35,False,False,False,False,False,True,False,False,True,False,False
8.0,37.5,25.0,73.6,0.0,1.0,0.0,0.0,0,0,False,True,False,False,False,False,False,False,False,False,True
0.0,0.0,0.0,52.59,0.0,0.0,0.0,0.0,0,-566,False,True,False,False,False,False,False,False,False,True,False
19.0,5.263157895,0.0,72.18,0.0,1.0,0.0,0.0,0,0,False,True,False,False,False,False,False,False,True,False,False
30.0,50.0,6.666666667,25.4,0.0,1.0,0.0,0.0,0,-52,False,False,False,False,True,False,False,False,False,False,True
20.0,40.0,0.0,54.63,0.0,1.0,0.0,0.0,0,0,False,False,False,False,True,False,False,False,True,False,False
46.0,8.695652174,2.173913043,66.26,0.0,1.0,0.0,0.0,0,0,False,True,False,False,False,False,False,False,False,False,True
34.0,64.70588235,20.58823529,55.46,0.039473684,0.0,1.0,0.0,76,-383,False,False,False,False,True,False,False,False,False,True,False
45.0,4.444444444,0.0,46.09,0.0,0.0,0.0,0.0,0,35,False,False,False,False,True,False,False,False,False,False,True
56.0,21.42857143,1.785714286,76.57,0.02866242,1.0,0.0,0.0,314,0,True,False,False,False,False,False,False,False,True,False,False
57.0,14.03508772,7.01754386,102.27,0.104477612,1.0,0.0,0.0,201,-29,False,False,False,False,False,False,True,False,False,False,True
31.0,32.25806452,3.225806452,44.82,0.0,1.0,0.0,0.0,0,-5,False,False,True,False,False,False,False,False,False,False,True
42.0,16.66666667,2.380952381,40.25,0.0,1.0,0.0,0.0,0,-16,False,False,False,False,False,True,False,False,True,False,False
14.0,28.57142857,0.0,15.2,0.0,1.0,0.0,0.0,0,-18,False,True,False,False,False,False,False,False,True,False,False
0.0,0.0,0.0,144.79,0.0,0.0,0.0,0.0,0,-95,False,False,False,False,False,True,False,False,False,True,False
27.0,11.11111111,3.703703704,31.0,0.0,1.0,0.0,0.0,0,0,False,False,False,False,False,True,False,False,False,False,True
43.0,13.95348837,2.325581395,40.02,0.0,1.0,0.0,0.0,0,-31,False,False,False,False,False,True,False,False,True,False,False
43.0,11.62790698,6.976744186,37.25,0.0,1.0,1.0,0.0,0,-25,False,False,False,False,True,False,False,True,False,False,False
42.0,57.14285714,4.761904762,58.86,0.023148148,0.0,0.0,0.0,216,-1,False,False,False,False,False,False,True,False,True,False,False
39.0,2.564102564,2.564102564,58.48,0.0,1.0,0.0,0.0,0,0,False,False,False,False,False,False,True,False,False,True,False
0.0,0.0,0.0,63.74,0.050980392,0.0,0.0,0.0,765,-82,False,False,False,False,False,True,False,False,True,False,False
0.0,0.0,0.0,37.84,0.214285714,1.0,0.0,0.0,14,-1,False,False,False,False,False,False,True,False,True,False,False
16.0,0.0,0.0,59.53,0.0,0.0,0.0,0.0,0,-20,False,False,False,False,True,False,False,False,False,True,False
45.0,0.0,0.0,85.72,0.0,1.0,0.0,0.0,0,-8,True,False,False,False,False,False,False,False,True,False,False
35.0,80.0,0.0,89.49,0.0,0.0,0.0,0.0,0,-297,False,False,False,False,True,False,False,True,False,False,False
4.0,25.0,0.0,112.45,0.285714286,0.0,0.0,0.0,7,0,True,False,False,False,False,False,False,False,True,False,False
42.0,45.23809524,2.380952381,50.9,0.045454545,0.0,0.0,0.0,44,-1,False,True,False,False,False,False,False,False,True,False,False
10.0,80.0,10.0,56.9,0.0,1.0,0.0,0.0,0,0,False,True,False,False,False,False,False,False,False,True,False
7.0,71.42857143,28.57142857,31.02,0.0,1.0,0.0,0.0,0,0,False,False,False,False,False,True,False,False,False,True,False
0.0,0.0,0.0,52.97,0.0,0.0,0.0,0.0,0,-5,False,False,False,False,True,False,False,False,True,False,False
23.0,78.26086957,4.347826087,40.02,0.0,1.0,0.0,0.0,0,0,False,False,False,False,False,True,False,False,True,False,False
35.0,74.28571429,17.14285714,35.51,0.0,1.0,0.0,0.0,0,-31,False,False,False,False,False,True,False,False,False,False,True
45.0,0.0,0.0,67.02,0.0,0.0,0.0,0.0,0,-1,False,False,False,False,False,True,False,False,False,True,False
36.0,30.55555556,0.0,51.91,0.0,1.0,0.0,0.0,0,0,False,False,False,False,False,True,False,False,True,False,False
2.0,50.0,0.0,40.02,0.0,1.0,0.0,0.0,0,0,False,False,False,False,True,False,False,False,False,False,True
40.0,0.0,0.0,40.02,0.0,1.0,0.0,0.0,0,0,False,False,False,False,True,False,False,False,True,False,False
48.0,2.083333333,0.0,214.41,0.034825871,1.0,0.0,0.0,402,-1,False,False,False,False,False,False,True,False,True,False,False
32.0,50.0,0.0,55.11,0.0080645161290322,1.0,0.0,0.0,372,-30,False,False,False,False,False,True,False,False,False,False,True
16.0,0.0,0.0,55.86,0.0,0.0,0.0,0.0,0,-21,True,False,False,False,False,False,False,False,False,True,False
21.0,47.61904762,0.0,40.0,0.0,1.0,1.0,0.0,0,0,False,False,False,False,True,False,False,True,False,False,False
39.0,20.51282051,7.692307692,57.52,0.055555556,0.0,0.0,0.0,36,-108,False,False,False,False,True,False,False,False,False,True,False
55.0,34.54545455,10.90909091,63.42,0.032258065,1.0,0.0,0.0,93,-1,False,True,False,False,False,False,False,False,True,False,False
22.0,95.45454545,9.090909091,66.35,0.0,1.0,0.0,0.0,0,0,True,False,False,False,False,False,False,False,False,False,True
32.0,3.125,0.0,40.02,0.0,1.0,0.0,0.0,0,0,True,False,False,False,False,False,False,False,False,True,False
38.0,10.52631579,2.631578947,60.0,0.0,0.0,0.0,0.0,0,-259,False,False,False,False,False,False,True,False,False,False,True
36.0,0.0,0.0,95.49,0.0,1.0,0.0,0.0,0,-46,False,True,False,False,False,False,False,False,True,False,False
49.0,8.163265306,4.081632653,40.34,0.081318681,1.0,0.0,0.0,910,-97,False,False,False,False,False,True,False,False,False,True,False
36.0,52.77777778,8.333333333,69.67,0.029126213592233,1.0,0.0,0.0,103,-1,False,False,False,False,False,True,False,False,True,False,False
2.0,100.0,50.0,82.59,0.133333333,1.0,0.0,0.0,15,-7,False,False,False,False,False,True,False,False,False,False,True
45.0,0.0,0.0,40.02,0.0,1.0,0.0,0.0,0,0,False,True,False,False,False,False,False,False,True,False,False
49.0,14.28571429,4.081632653,77.29,0.0225563909774436,1.0,0.0,0.0,133,0,True,False,False,False,False,False,False,False,False,False,True
16.0,0.0,0.0,8.71,0.0,0.0,0.0,0.0,0,-11,False,False,False,False,False,False,True,False,False,True,False
26.0,3.846153846,0.0,50.46,0.0,0.0,0.0,0.0,0,-23,False,False,False,False,False,False,True,False,True,False,False
32.0,37.5,6.25,81.74,0.0,1.0,0.0,0.0,0,-41,True,False,False,False,False,False,False,False,False,True,False
44.0,2.272727273,0.0,81.34,0.0,0.0,0.0,0.0,0,-8,False,False,False,False,False,False,True,False,False,False,True
36.0,2.777777778,0.0,83.07,0.0,1.0,0.0,0.0,0,-5,False,False,False,False,False,True,False,False,False,False,True
4.0,75.0,25.0,50.72,0.0,1.0,0.0,0.0,0,-15,False,True,False,False,False,False,False,False,True,False,False
45.0,0.0,0.0,43.54,0.053571429,0.0,0.0,0.0,56,-70,False,False,False,False,False,False,True,False,True,False,False
0.0,0.0,0.0,40.0,0.0,1.0,0.0,0.0,0,0,False,False,False,False,False,False,True,False,False,False,True
29.0,3.448275862,0.0,25.48,2.0,1.0,0.0,1.0,1,-1,False,False,False,False,False,False,True,False,False,False,True
64.0,78.125,9.375,64.06,0.169354839,1.0,1.0,0.0,124,-18,True,False,False,False,False,False,False,False,False,False,True
45.0,0.0,0.0,31.5,0.0,0.0,0.0,0.0,0,-76,False,False,False,False,False,False,True,False,False,True,False
0.0,0.0,0.0,27.05,0.0,0.0,0.0,0.0,0,0,False,False,False,False,False,False,True,False,False,True,False
47.0,53.19148936,27.65957447,86.62,0.0,1.0,0.0,0.0,0,-60,False,False,False,False,True,False,False,True,False,False,False
39.0,25.64102564,5.128205128,52.49,0.0,0.0,0.0,0.0,0,0,False,True,False,False,False,False,False,False,False,True,False
0.0,0.0,0.0,66.66,0.0,0.0,0.0,0.0,0,0,True,False,False,False,False,False,False,False,True,False,False
22.0,13.63636364,13.63636364,31.02,0.0,1.0,0.0,0.0,0,0,False,False,False,False,True,False,False,False,False,False,True
45.0,4.444444444,2.222222222,52.64,0.0,0.0,0.0,0.0,0,-85,False,False,False,False,False,True,False,False,False,False,True
6.0,66.66666667,33.33333333,40.2,0.0,1.0,0.0,0.0,0,0,False,True,False,False,False,False,False,False,False,True,False
38.0,39.47368421,15.78947368,52.15,0.0,0.0,0.0,0.0,0,-445,False,False,False,False,True,False,False,False,True,False,False
47.0,0.0,0.0,104.6,0.03125,0.0,0.0,0.0,128,-56,True,False,False,False,False,False,False,False,True,False,False
47.0,0.0,0.0,216.2,0.034792368,0.0,0.0,0.0,891,-19,False,True,False,False,False,False,False,False,True,False,False
50.0,8.0,2.0,70.24,0.021276596,1.0,0.0,0.0,94,-15,False,False,False,False,False,True,False,False,True,False,False
46.0,2.173913043,0.0,39.14,0.030534351,0.0,0.0,0.0,393,-151,False,False,False,False,False,True,False,False,True,False,False
24.0,95.83333333,8.333333333,29.62,0.0,1.0,0.0,0.0,0,-6,False,False,False,False,True,False,False,False,False,False,True
40.0,20.0,15.0,82.88,0.027777778,1.0,0.0,0.0,72,-137,False,False,False,False,False,True,False,False,True,False,False
9.0,0.0,0.0,40.2,0.0,1.0,1.0,1.0,0,0,False,True,False,False,False,False,False,False,False,False,True
45.0,68.88888889,11.11111111,77.73,0.098039216,1.0,1.0,1.0,51,-4,False,False,False,False,False,False,True,False,False,False,True
45.0,0.0,0.0,53.34,0.0,0.0,0.0,0.0,0,-5,False,False,False,False,False,False,True,False,False,True,False
0.0,0.0,0.0,70.83,0.018838305,0.0,0.0,0.0,637,-333,False,True,False,False,False,False,False,False,False,True,False
56.0,28.57142857,3.571428571,42.28,0.101449275,1.0,0.0,0.0,1035,-237,True,False,False,False,False,False,False,False,True,False,False
14.0,35.71428571,28.57142857,30.23,0.0,1.0,0.0,0.0,0,-25,False,False,False,False,True,False,False,False,False,False,True
42.0,2.380952381,2.380952381,32.79,0.0,1.0,0.0,0.0,0,-67,False,True,False,False,False,False,False,False,False,False,True
45.0,93.33333333,28.88888889,62.31,0.112244898,1.0,1.0,1.0,98,0,False,False,False,False,False,False,True,False,True,False,False
8.0,50.0,12.5,120.0,0.0,1.0,0.0,0.0,0,-17,False,False,False,False,False,False,True,False,True,False,False
22.0,45.45454545,0.0,40.2,0.0,1.0,1.0,0.0,0,0,False,False,False,False,False,False,True,False,True,False,False
8.0,37.5,12.5,104.25,0.0,1.0,1.0,0.0,0,0,False,False,False,False,False,False,True,True,False,False,False
47.0,25.53191489,8.510638298,89.56,0.018472906,0.0,0.0,0.0,812,-42,True,False,False,False,False,False,False,False,False,True,False
42.0,38.0952381,0.0,107.54,0.01810585,1.0,0.0,0.0,718,-36,False,True,False,False,False,False,False,False,False,True,False
38.0,42.10526316,2.631578947,50.15,0.112,1.0,0.0,0.0,125,-36,False,False,False,False,True,False,False,False,False,True,False
1.0,100.0,0.0,40.2,0.0,1.0,0.0,0.0,0,0,True,False,False,False,False,False,False,False,False,True,False
49.0,53.06122449,12.24489796,47.3,0.047619048,1.0,0.0,0.0,63,-49,False,False,False,False,False,True,False,True,False,False,False
38.0,0.0,0.0,49.35,0.0,1.0,0.0,0.0,0,0,False,True,False,False,False,False,False,False,True,False,False
47.0,14.89361702,0.0,50.59,0.166666667,1.0,0.0,0.0,12,-34,False,False,False,False,False,True,False,True,False,False,False
